mounting HF cache: /Users/chinnu/.cache/huggingface (skips wavlm-large download)
using pre-downloaded QAIRT SDK: .qairt/qairt/2.37.0.250724
[deps] system
debconf: unable to initialize frontend: Dialog
debconf: (TERM is not set, so the dialog frontend is not usable.)
debconf: falling back to frontend: Readline
debconf: unable to initialize frontend: Readline
debconf: (Can't locate Term/ReadLine.pm in @INC (you may need to install the Term::ReadLine module) (@INC entries checked: /etc/perl /usr/local/lib/x86_64-linux-gnu/perl/5.40.1 /usr/local/share/perl/5.40.1 /usr/lib/x86_64-linux-gnu/perl5/5.40 /usr/share/perl5 /usr/lib/x86_64-linux-gnu/perl-base /usr/lib/x86_64-linux-gnu/perl/5.40 /usr/share/perl/5.40 /usr/local/lib/site_perl) at /usr/share/perl5/Debconf/FrontEnd/Readline.pm line 8, <STDIN> line 14.)
debconf: falling back to frontend: Teletype
debconf: unable to initialize frontend: Teletype
debconf: (This frontend requires a controlling tty.)
debconf: falling back to frontend: Noninteractive
[deps] pip executorch 1.2.0 + torch 2.11.0 + transformers + peft (emulated x86 — slow, cached after first run)
[notice] A new release of pip is available: 24.0 -> 26.1.2
[notice] To update, run: pip install --upgrade pip
[run] export WavLM QNN .pte
[1/5] rebuild + merge LoRA into WavLM (from HF cache) ...
Loading weights:   0%|          | 0/488 [00:00<?, ?it/s]Loading weights: 100%|██████████| 488/488 [00:00<00:00, 24590.27it/s]
[patch] export-safe transformers guards -> ['transformers.models.wavlm.modeling_wavlm.is_fsdp_managed_module', 'transformers.models.wavlm.modeling_wavlm.is_deepspeed_zero3_enabled', 'transformers.integrations.fsdp.is_fsdp_managed_module', 'transformers.integrations.deepspeed.is_deepspeed_zero3_enabled', 'transformers.modeling_utils.is_deepspeed_zero3_enabled']
[wn] folded weight_norm in 1 conv module(s)
[calib] 1 real normalized waveforms (shape (32, 48000))
      DeployTeacher ready, example (1, 48000) (3s)
[2/5] torch.export capture (strict=False) ...
      captured graph (4s)
[3/5] FP16_ONLY=1 -> skip INT8, lower captured graph as FP16 on HTP
[4/5] lower to QNN (SM8750 / HTP V79, fp16) ...
[INFO] [Qnn ExecuTorch]: Creating new backend bundle.
[INFO] [Qnn ExecuTorch]: create QNN Logger with log_level 1
/usr/local/lib/python3.11/copyreg.py:105: FutureWarning: `isinstance(treespec, LeafSpec)` is deprecated, use `isinstance(treespec, TreeSpec) and treespec.is_leaf()` instead.
  return cls.__new__(cls, *args)
[WARNING 2026-06-27 10:56:04,800 _program.py:1089] Op aten.unbind.int was requested for preservation by partitioner.  This request is ignored because it is in a blocklist.
/usr/local/lib/python3.11/copyreg.py:105: FutureWarning: `isinstance(treespec, LeafSpec)` is deprecated, use `isinstance(treespec, TreeSpec) and treespec.is_leaf()` instead.
  return cls.__new__(cls, *args)
[WARNING 2026-06-27 10:56:08,411 _program.py:1089] Op aten.unbind.int was requested for preservation by partitioner.  This request is ignored because it is in a blocklist.
/usr/local/lib/python3.11/copyreg.py:105: FutureWarning: `isinstance(treespec, LeafSpec)` is deprecated, use `isinstance(treespec, TreeSpec) and treespec.is_leaf()` instead.
  return cls.__new__(cls, *args)
[QNN Partitioner Op Support]: aten.linear.default | True
[QNN Partitioner Op Support]: aten.relu.default | True
[QNN Partitioner Op Support]: aten.linear.default | True
[QNN Partitioner Op Support]: aten.mean.dim | True
[QNN Partitioner Op Support]: aten.native_layer_norm.default | True
[QNN Partitioner Op Support]: aten.add.Tensor | True
[QNN Partitioner Op Support]: aten.view_copy.default | True
[QNN Partitioner Op Support]: aten.linear.default | True
[QNN Partitioner Op Support]: aten.view_copy.default | True
[QNN Partitioner Op Support]: aten.gelu.default | True
[QNN Partitioner Op Support]: aten.view_copy.default | True
[QNN Partitioner Op Support]: aten.linear.default | True
[QNN Partitioner Op Support]: aten.view_copy.default | True
[QNN Partitioner Op Support]: aten.native_layer_norm.default | True
[QNN Partitioner Op Support]: aten.add.Tensor | True
[QNN Partitioner Op Support]: aten.permute_copy.default | True
[QNN Partitioner Op Support]: aten.view_copy.default | True
[QNN Partitioner Op Support]: aten.linear.default | True
[QNN Partitioner Op Support]: aten.view_copy.default | True
[QNN Partitioner Op Support]: aten.permute_copy.default | True
[QNN Partitioner Op Support]: aten.permute_copy.default | True
[QNN Partitioner Op Support]: aten.permute_copy.default | True
[QNN Partitioner Op Support]: aten.view_copy.default | True
[QNN Partitioner Op Support]: aten.bmm.default | True
[QNN Partitioner Op Support]: aten.view_copy.default | True
[QNN Partitioner Op Support]: aten.view_copy.default | True
[QNN Partitioner Op Support]: aten._safe_softmax.default | True
[QNN Partitioner Op Support]: aten.add.Tensor | True
[QNN Partitioner Op Support]: aten.view_copy.default | True
[QNN Partitioner Op Support]: aten.bmm.default | True
[QNN Partitioner Op Support]: aten.view_copy.default | True
[QNN Partitioner Op Support]: aten.view_copy.default | True
[QNN Partitioner Op Support]: aten.mul.Tensor | True
[QNN Partitioner Op Support]: aten.permute_copy.default | True
[QNN Partitioner Op Support]: aten.mul.Tensor | True
[QNN Partitioner Op Support]: aten.view_copy.default | True
[QNN Partitioner Op Support]: aten.view_copy.default | True
[QNN Partitioner Op Support]: aten.view_copy.default | True
[QNN Partitioner Op Support]: aten.view_copy.default | True
[QNN Partitioner Op Support]: aten.permute_copy.default | True
[QNN Partitioner Op Support]: aten.view_copy.default | True
[QNN Partitioner Op Support]: aten.permute_copy.default | True
[QNN Partitioner Op Support]: aten.view_copy.default | True
[QNN Partitioner Op Support]: aten.permute_copy.default | True
[QNN Partitioner Op Support]: aten.view_copy.default | True
[QNN Partitioner Op Support]: aten.view_copy.default | True
[QNN Partitioner Op Support]: aten.linear.default | True
[QNN Partitioner Op Support]: aten.view_copy.default | True
[QNN Partitioner Op Support]: aten.linear.default | True
[QNN Partitioner Op Support]: aten.view_copy.default | True
[QNN Partitioner Op Support]: aten.linear.default | True
[QNN Partitioner Op Support]: aten.split_with_sizes_copy.default | True
[QNN Partitioner Op Support]: aten.cat.default | True
[QNN Partitioner Op Support]: aten.view_copy.default | True
[QNN Partitioner Op Support]: aten.view_copy.default | True
[QNN Partitioner Op Support]: aten.view_copy.default | True
[QNN Partitioner Op Support]: aten.permute_copy.default | True
[QNN Partitioner Op Support]: aten.view_copy.default | True
[QNN Partitioner Op Support]: aten.mul.Tensor | True
[QNN Partitioner Op Support]: aten.view_copy.default | True
[QNN Partitioner Op Support]: aten.add.Tensor | True
[QNN Partitioner Op Support]: aten.mul.Tensor | True
[QNN Partitioner Op Support]: aten.sub.Tensor | True
[QNN Partitioner Op Support]: aten.mul.Tensor | True
[QNN Partitioner Op Support]: aten.split_with_sizes_copy.default | True
[QNN Partitioner Op Support]: aten.sigmoid.default | True
[QNN Partitioner Op Support]: aten.sum.dim_IntList | True
[QNN Partitioner Op Support]: aten.view_copy.default | True
[QNN Partitioner Op Support]: aten.view_copy.default | True
[QNN Partitioner Op Support]: aten.linear.default | True
[QNN Partitioner Op Support]: aten.view_copy.default | True
[QNN Partitioner Op Support]: aten.permute_copy.default | True
[QNN Partitioner Op Support]: aten.view_copy.default | True
[QNN Partitioner Op Support]: aten.native_layer_norm.default | True
[QNN Partitioner Op Support]: aten.add.Tensor | True
[QNN Partitioner Op Support]: aten.view_copy.default | True
[QNN Partitioner Op Support]: aten.linear.default | True
[QNN Partitioner Op Support]: aten.view_copy.default | True
[QNN Partitioner Op Support]: aten.gelu.default | True
[QNN Partitioner Op Support]: aten.view_copy.default | True
[QNN Partitioner Op Support]: aten.linear.default | True
[QNN Partitioner Op Support]: aten.view_copy.default | True
[QNN Partitioner Op Support]: aten.native_layer_norm.default | True
[QNN Partitioner Op Support]: aten.add.Tensor | True
[QNN Partitioner Op Support]: aten.permute_copy.default | True
[QNN Partitioner Op Support]: aten.view_copy.default | True
[QNN Partitioner Op Support]: aten.linear.default | True
[QNN Partitioner Op Support]: aten.view_copy.default | True
[QNN Partitioner Op Support]: aten.permute_copy.default | True
[QNN Partitioner Op Support]: aten.permute_copy.default | True
[QNN Partitioner Op Support]: aten.permute_copy.default | True
[QNN Partitioner Op Support]: aten.view_copy.default | True
[QNN Partitioner Op Support]: aten.bmm.default | True
[QNN Partitioner Op Support]: aten.view_copy.default | True
[QNN Partitioner Op Support]: aten.view_copy.default | True
[QNN Partitioner Op Support]: aten._safe_softmax.default | True
[QNN Partitioner Op Support]: aten.add.Tensor | True
[QNN Partitioner Op Support]: aten.view_copy.default | True
[QNN Partitioner Op Support]: aten.bmm.default | True
[QNN Partitioner Op Support]: aten.view_copy.default | True
[QNN Partitioner Op Support]: aten.view_copy.default | True
[QNN Partitioner Op Support]: aten.mul.Tensor | True
[QNN Partitioner Op Support]: aten.permute_copy.default | True
[QNN Partitioner Op Support]: aten.mul.Tensor | True
[QNN Partitioner Op Support]: aten.view_copy.default | True
[QNN Partitioner Op Support]: aten.view_copy.default | True
[QNN Partitioner Op Support]: aten.view_copy.default | True
[QNN Partitioner Op Support]: aten.view_copy.default | True
[QNN Partitioner Op Support]: aten.permute_copy.default | True
[QNN Partitioner Op Support]: aten.view_copy.default | True
[QNN Partitioner Op Support]: aten.permute_copy.default | True
[QNN Partitioner Op Support]: aten.view_copy.default | True
[QNN Partitioner Op Support]: aten.permute_copy.default | True
[QNN Partitioner Op Support]: aten.view_copy.default | True
[QNN Partitioner Op Support]: aten.view_copy.default | True
[QNN Partitioner Op Support]: aten.linear.default | True
[QNN Partitioner Op Support]: aten.view_copy.default | True
[QNN Partitioner Op Support]: aten.linear.default | True
[QNN Partitioner Op Support]: aten.view_copy.default | True
[QNN Partitioner Op Support]: aten.linear.default | True
[QNN Partitioner Op Support]: aten.split_with_sizes_copy.default | True
[QNN Partitioner Op Support]: aten.cat.default | True
[QNN Partitioner Op Support]: aten.view_copy.default | True
[QNN Partitioner Op Support]: aten.view_copy.default | True
[QNN Partitioner Op Support]: aten.view_copy.default | True
[QNN Partitioner Op Support]: aten.permute_copy.default | True
[QNN Partitioner Op Support]: aten.view_copy.default | True
[QNN Partitioner Op Support]: aten.mul.Tensor | True
[QNN Partitioner Op Support]: aten.view_copy.default | True
[QNN Partitioner Op Support]: aten.add.Tensor | True
[QNN Partitioner Op Support]: aten.mul.Tensor | True
[QNN Partitioner Op Support]: aten.sub.Tensor | True
[QNN Partitioner Op Support]: aten.mul.Tensor | True
[QNN Partitioner Op Support]: aten.split_with_sizes_copy.default | True
[QNN Partitioner Op Support]: aten.sigmoid.default | True
[QNN Partitioner Op Support]: aten.sum.dim_IntList | True
[QNN Partitioner Op Support]: aten.view_copy.default | True
[QNN Partitioner Op Support]: aten.view_copy.default | True
[QNN Partitioner Op Support]: aten.linear.default | True
[QNN Partitioner Op Support]: aten.view_copy.default | True
[QNN Partitioner Op Support]: aten.permute_copy.default | True
[QNN Partitioner Op Support]: aten.view_copy.default | True
[QNN Partitioner Op Support]: aten.native_layer_norm.default | True
[QNN Partitioner Op Support]: aten.add.Tensor | True
[QNN Partitioner Op Support]: aten.view_copy.default | True
[QNN Partitioner Op Support]: aten.linear.default | True
[QNN Partitioner Op Support]: aten.view_copy.default | True
[QNN Partitioner Op Support]: aten.gelu.default | True
[QNN Partitioner Op Support]: aten.view_copy.default | True
[QNN Partitioner Op Support]: aten.linear.default | True
[QNN Partitioner Op Support]: aten.view_copy.default | True
[QNN Partitioner Op Support]: aten.native_layer_norm.default | True
[QNN Partitioner Op Support]: aten.add.Tensor | True
[QNN Partitioner Op Support]: aten.permute_copy.default | True
[QNN Partitioner Op Support]: aten.view_copy.default | True
[QNN Partitioner Op Support]: aten.linear.default | True
[QNN Partitioner Op Support]: aten.view_copy.default | True
[QNN Partitioner Op Support]: aten.permute_copy.default | True
[QNN Partitioner Op Support]: aten.permute_copy.default | True
[QNN Partitioner Op Support]: aten.permute_copy.default | True
[QNN Partitioner Op Support]: aten.view_copy.default | True
[QNN Partitioner Op Support]: aten.bmm.default | True
[QNN Partitioner Op Support]: aten.view_copy.default | True
[QNN Partitioner Op Support]: aten.view_copy.default | True
[QNN Partitioner Op Support]: aten._safe_softmax.default | True
[QNN Partitioner Op Support]: aten.add.Tensor | True
[QNN Partitioner Op Support]: aten.view_copy.default | True
[QNN Partitioner Op Support]: aten.bmm.default | True
[QNN Partitioner Op Support]: aten.view_copy.default | True
[QNN Partitioner Op Support]: aten.view_copy.default | True
[QNN Partitioner Op Support]: aten.mul.Tensor | True
[QNN Partitioner Op Support]: aten.permute_copy.default | True
[QNN Partitioner Op Support]: aten.mul.Tensor | True
[QNN Partitioner Op Support]: aten.view_copy.default | True
[QNN Partitioner Op Support]: aten.view_copy.default | True
[QNN Partitioner Op Support]: aten.view_copy.default | True
[QNN Partitioner Op Support]: aten.view_copy.default | True
[QNN Partitioner Op Support]: aten.permute_copy.default | True
[QNN Partitioner Op Support]: aten.view_copy.default | True
[QNN Partitioner Op Support]: aten.permute_copy.default | True
[QNN Partitioner Op Support]: aten.view_copy.default | True
[QNN Partitioner Op Support]: aten.permute_copy.default | True
[QNN Partitioner Op Support]: aten.view_copy.default | True
[QNN Partitioner Op Support]: aten.view_copy.default | True
[QNN Partitioner Op Support]: aten.linear.default | True
[QNN Partitioner Op Support]: aten.view_copy.default | True
[QNN Partitioner Op Support]: aten.linear.default | True
[QNN Partitioner Op Support]: aten.view_copy.default | True
[QNN Partitioner Op Support]: aten.linear.default | True
[QNN Partitioner Op Support]: aten.split_with_sizes_copy.default | True
[QNN Partitioner Op Support]: aten.cat.default | True
[QNN Partitioner Op Support]: aten.view_copy.default | True
[QNN Partitioner Op Support]: aten.view_copy.default | True
[QNN Partitioner Op Support]: aten.view_copy.default | True
[QNN Partitioner Op Support]: aten.permute_copy.default | True
[QNN Partitioner Op Support]: aten.view_copy.default | True
[QNN Partitioner Op Support]: aten.mul.Tensor | True
[QNN Partitioner Op Support]: aten.view_copy.default | True
[QNN Partitioner Op Support]: aten.add.Tensor | True
[QNN Partitioner Op Support]: aten.mul.Tensor | True
[QNN Partitioner Op Support]: aten.sub.Tensor | True
[QNN Partitioner Op Support]: aten.mul.Tensor | True
[QNN Partitioner Op Support]: aten.split_with_sizes_copy.default | True
[QNN Partitioner Op Support]: aten.sigmoid.default | True
[QNN Partitioner Op Support]: aten.sum.dim_IntList | True
[QNN Partitioner Op Support]: aten.view_copy.default | True
[QNN Partitioner Op Support]: aten.view_copy.default | True
[QNN Partitioner Op Support]: aten.linear.default | True
[QNN Partitioner Op Support]: aten.view_copy.default | True
[QNN Partitioner Op Support]: aten.permute_copy.default | True
[QNN Partitioner Op Support]: aten.view_copy.default | True
[QNN Partitioner Op Support]: aten.native_layer_norm.default | True
[QNN Partitioner Op Support]: aten.add.Tensor | True
[QNN Partitioner Op Support]: aten.view_copy.default | True
[QNN Partitioner Op Support]: aten.linear.default | True
[QNN Partitioner Op Support]: aten.view_copy.default | True
[QNN Partitioner Op Support]: aten.gelu.default | True
[QNN Partitioner Op Support]: aten.view_copy.default | True
[QNN Partitioner Op Support]: aten.linear.default | True
[QNN Partitioner Op Support]: aten.view_copy.default | True
[QNN Partitioner Op Support]: aten.native_layer_norm.default | True
[QNN Partitioner Op Support]: aten.add.Tensor | True
[QNN Partitioner Op Support]: aten.permute_copy.default | True
[QNN Partitioner Op Support]: aten.view_copy.default | True
[QNN Partitioner Op Support]: aten.linear.default | True
[QNN Partitioner Op Support]: aten.view_copy.default | True
[QNN Partitioner Op Support]: aten.permute_copy.default | True
[QNN Partitioner Op Support]: aten.permute_copy.default | True
[QNN Partitioner Op Support]: aten.permute_copy.default | True
[QNN Partitioner Op Support]: aten.view_copy.default | True
[QNN Partitioner Op Support]: aten.bmm.default | True
[QNN Partitioner Op Support]: aten.view_copy.default | True
[QNN Partitioner Op Support]: aten.view_copy.default | True
[QNN Partitioner Op Support]: aten._safe_softmax.default | True
[QNN Partitioner Op Support]: aten.add.Tensor | True
[QNN Partitioner Op Support]: aten.view_copy.default | True
[QNN Partitioner Op Support]: aten.bmm.default | True
[QNN Partitioner Op Support]: aten.view_copy.default | True
[QNN Partitioner Op Support]: aten.view_copy.default | True
[QNN Partitioner Op Support]: aten.mul.Tensor | True
[QNN Partitioner Op Support]: aten.permute_copy.default | True
[QNN Partitioner Op Support]: aten.mul.Tensor | True
[QNN Partitioner Op Support]: aten.view_copy.default | True
[QNN Partitioner Op Support]: aten.view_copy.default | True
[QNN Partitioner Op Support]: aten.view_copy.default | True
[QNN Partitioner Op Support]: aten.view_copy.default | True
[QNN Partitioner Op Support]: aten.permute_copy.default | True
[QNN Partitioner Op Support]: aten.view_copy.default | True
[QNN Partitioner Op Support]: aten.permute_copy.default | True
[QNN Partitioner Op Support]: aten.view_copy.default | True
[QNN Partitioner Op Support]: aten.permute_copy.default | True
[QNN Partitioner Op Support]: aten.view_copy.default | True
[QNN Partitioner Op Support]: aten.view_copy.default | True
[QNN Partitioner Op Support]: aten.linear.default | True
[QNN Partitioner Op Support]: aten.view_copy.default | True
[QNN Partitioner Op Support]: aten.linear.default | True
[QNN Partitioner Op Support]: aten.view_copy.default | True
[QNN Partitioner Op Support]: aten.linear.default | True
[QNN Partitioner Op Support]: aten.split_with_sizes_copy.default | True
[QNN Partitioner Op Support]: aten.cat.default | True
[QNN Partitioner Op Support]: aten.view_copy.default | True
[QNN Partitioner Op Support]: aten.view_copy.default | True
[QNN Partitioner Op Support]: aten.view_copy.default | True
[QNN Partitioner Op Support]: aten.permute_copy.default | True
[QNN Partitioner Op Support]: aten.view_copy.default | True
[QNN Partitioner Op Support]: aten.mul.Tensor | True
[QNN Partitioner Op Support]: aten.view_copy.default | True
[QNN Partitioner Op Support]: aten.add.Tensor | True
[QNN Partitioner Op Support]: aten.mul.Tensor | True
[QNN Partitioner Op Support]: aten.sub.Tensor | True
[QNN Partitioner Op Support]: aten.mul.Tensor | True
[QNN Partitioner Op Support]: aten.split_with_sizes_copy.default | True
[QNN Partitioner Op Support]: aten.sigmoid.default | True
[QNN Partitioner Op Support]: aten.sum.dim_IntList | True
[QNN Partitioner Op Support]: aten.view_copy.default | True
[QNN Partitioner Op Support]: aten.view_copy.default | True
[QNN Partitioner Op Support]: aten.linear.default | True
[QNN Partitioner Op Support]: aten.view_copy.default | True
[QNN Partitioner Op Support]: aten.permute_copy.default | True
[QNN Partitioner Op Support]: aten.view_copy.default | True
[QNN Partitioner Op Support]: aten.native_layer_norm.default | True
[QNN Partitioner Op Support]: aten.add.Tensor | True
[QNN Partitioner Op Support]: aten.view_copy.default | True
[QNN Partitioner Op Support]: aten.linear.default | True
[QNN Partitioner Op Support]: aten.view_copy.default | True
[QNN Partitioner Op Support]: aten.gelu.default | True
[QNN Partitioner Op Support]: aten.view_copy.default | True
[QNN Partitioner Op Support]: aten.linear.default | True
[QNN Partitioner Op Support]: aten.view_copy.default | True
[QNN Partitioner Op Support]: aten.native_layer_norm.default | True
[QNN Partitioner Op Support]: aten.add.Tensor | True
[QNN Partitioner Op Support]: aten.permute_copy.default | True
[QNN Partitioner Op Support]: aten.view_copy.default | True
[QNN Partitioner Op Support]: aten.linear.default | True
[QNN Partitioner Op Support]: aten.view_copy.default | True
[QNN Partitioner Op Support]: aten.permute_copy.default | True
[QNN Partitioner Op Support]: aten.permute_copy.default | True
[QNN Partitioner Op Support]: aten.permute_copy.default | True
[QNN Partitioner Op Support]: aten.view_copy.default | True
[QNN Partitioner Op Support]: aten.bmm.default | True
[QNN Partitioner Op Support]: aten.view_copy.default | True
[QNN Partitioner Op Support]: aten.view_copy.default | True
[QNN Partitioner Op Support]: aten._safe_softmax.default | True
[QNN Partitioner Op Support]: aten.add.Tensor | True
[QNN Partitioner Op Support]: aten.view_copy.default | True
[QNN Partitioner Op Support]: aten.bmm.default | True
[QNN Partitioner Op Support]: aten.view_copy.default | True
[QNN Partitioner Op Support]: aten.view_copy.default | True
[QNN Partitioner Op Support]: aten.mul.Tensor | True
[QNN Partitioner Op Support]: aten.permute_copy.default | True
[QNN Partitioner Op Support]: aten.mul.Tensor | True
[QNN Partitioner Op Support]: aten.view_copy.default | True
[QNN Partitioner Op Support]: aten.view_copy.default | True
[QNN Partitioner Op Support]: aten.view_copy.default | True
[QNN Partitioner Op Support]: aten.view_copy.default | True
[QNN Partitioner Op Support]: aten.permute_copy.default | True
[QNN Partitioner Op Support]: aten.view_copy.default | True
[QNN Partitioner Op Support]: aten.permute_copy.default | True
[QNN Partitioner Op Support]: aten.view_copy.default | True
[QNN Partitioner Op Support]: aten.permute_copy.default | True
[QNN Partitioner Op Support]: aten.view_copy.default | True
[QNN Partitioner Op Support]: aten.view_copy.default | True
[QNN Partitioner Op Support]: aten.linear.default | True
[QNN Partitioner Op Support]: aten.view_copy.default | True
[QNN Partitioner Op Support]: aten.linear.default | True
[QNN Partitioner Op Support]: aten.view_copy.default | True
[QNN Partitioner Op Support]: aten.linear.default | True
[QNN Partitioner Op Support]: aten.split_with_sizes_copy.default | True
[QNN Partitioner Op Support]: aten.cat.default | True
[QNN Partitioner Op Support]: aten.view_copy.default | True
[QNN Partitioner Op Support]: aten.view_copy.default | True
[QNN Partitioner Op Support]: aten.view_copy.default | True
[QNN Partitioner Op Support]: aten.permute_copy.default | True
[QNN Partitioner Op Support]: aten.view_copy.default | True
[QNN Partitioner Op Support]: aten.mul.Tensor | True
[QNN Partitioner Op Support]: aten.view_copy.default | True
[QNN Partitioner Op Support]: aten.add.Tensor | True
[QNN Partitioner Op Support]: aten.mul.Tensor | True
[QNN Partitioner Op Support]: aten.sub.Tensor | True
[QNN Partitioner Op Support]: aten.mul.Tensor | True
[QNN Partitioner Op Support]: aten.split_with_sizes_copy.default | True
[QNN Partitioner Op Support]: aten.sigmoid.default | True
[QNN Partitioner Op Support]: aten.sum.dim_IntList | True
[QNN Partitioner Op Support]: aten.view_copy.default | True
[QNN Partitioner Op Support]: aten.view_copy.default | True
[QNN Partitioner Op Support]: aten.linear.default | True
[QNN Partitioner Op Support]: aten.view_copy.default | True
[QNN Partitioner Op Support]: aten.permute_copy.default | True
[QNN Partitioner Op Support]: aten.view_copy.default | True
[QNN Partitioner Op Support]: aten.native_layer_norm.default | True
[QNN Partitioner Op Support]: aten.add.Tensor | True
[QNN Partitioner Op Support]: aten.view_copy.default | True
[QNN Partitioner Op Support]: aten.linear.default | True
[QNN Partitioner Op Support]: aten.view_copy.default | True
[QNN Partitioner Op Support]: aten.gelu.default | True
[QNN Partitioner Op Support]: aten.view_copy.default | True
[QNN Partitioner Op Support]: aten.linear.default | True
[QNN Partitioner Op Support]: aten.view_copy.default | True
[QNN Partitioner Op Support]: aten.native_layer_norm.default | True
[QNN Partitioner Op Support]: aten.add.Tensor | True
[QNN Partitioner Op Support]: aten.permute_copy.default | True
[QNN Partitioner Op Support]: aten.view_copy.default | True
[QNN Partitioner Op Support]: aten.linear.default | True
[QNN Partitioner Op Support]: aten.view_copy.default | True
[QNN Partitioner Op Support]: aten.permute_copy.default | True
[QNN Partitioner Op Support]: aten.permute_copy.default | True
[QNN Partitioner Op Support]: aten.permute_copy.default | True
[QNN Partitioner Op Support]: aten.view_copy.default | True
[QNN Partitioner Op Support]: aten.bmm.default | True
[QNN Partitioner Op Support]: aten.view_copy.default | True
[QNN Partitioner Op Support]: aten.view_copy.default | True
[QNN Partitioner Op Support]: aten._safe_softmax.default | True
[QNN Partitioner Op Support]: aten.add.Tensor | True
[QNN Partitioner Op Support]: aten.view_copy.default | True
[QNN Partitioner Op Support]: aten.bmm.default | True
[QNN Partitioner Op Support]: aten.view_copy.default | True
[QNN Partitioner Op Support]: aten.view_copy.default | True
[QNN Partitioner Op Support]: aten.mul.Tensor | True
[QNN Partitioner Op Support]: aten.permute_copy.default | True
[QNN Partitioner Op Support]: aten.mul.Tensor | True
[QNN Partitioner Op Support]: aten.view_copy.default | True
[QNN Partitioner Op Support]: aten.view_copy.default | True
[QNN Partitioner Op Support]: aten.view_copy.default | True
[QNN Partitioner Op Support]: aten.view_copy.default | True
[QNN Partitioner Op Support]: aten.permute_copy.default | True
[QNN Partitioner Op Support]: aten.view_copy.default | True
[QNN Partitioner Op Support]: aten.permute_copy.default | True
[QNN Partitioner Op Support]: aten.view_copy.default | True
[QNN Partitioner Op Support]: aten.permute_copy.default | True
[QNN Partitioner Op Support]: aten.view_copy.default | True
[QNN Partitioner Op Support]: aten.view_copy.default | True
[QNN Partitioner Op Support]: aten.linear.default | True
[QNN Partitioner Op Support]: aten.view_copy.default | True
[QNN Partitioner Op Support]: aten.linear.default | True
[QNN Partitioner Op Support]: aten.view_copy.default | True
[QNN Partitioner Op Support]: aten.linear.default | True
[QNN Partitioner Op Support]: aten.split_with_sizes_copy.default | True
[QNN Partitioner Op Support]: aten.cat.default | True
[QNN Partitioner Op Support]: aten.view_copy.default | True
[QNN Partitioner Op Support]: aten.view_copy.default | True
[QNN Partitioner Op Support]: aten.view_copy.default | True
[QNN Partitioner Op Support]: aten.permute_copy.default | True
[QNN Partitioner Op Support]: aten.view_copy.default | True
[QNN Partitioner Op Support]: aten.mul.Tensor | True
[QNN Partitioner Op Support]: aten.view_copy.default | True
[QNN Partitioner Op Support]: aten.add.Tensor | True
[QNN Partitioner Op Support]: aten.mul.Tensor | True
[QNN Partitioner Op Support]: aten.sub.Tensor | True
[QNN Partitioner Op Support]: aten.mul.Tensor | True
[QNN Partitioner Op Support]: aten.split_with_sizes_copy.default | True
[QNN Partitioner Op Support]: aten.sigmoid.default | True
[QNN Partitioner Op Support]: aten.sum.dim_IntList | True
[QNN Partitioner Op Support]: aten.view_copy.default | True
[QNN Partitioner Op Support]: aten.view_copy.default | True
[QNN Partitioner Op Support]: aten.linear.default | True
[QNN Partitioner Op Support]: aten.view_copy.default | True
[QNN Partitioner Op Support]: aten.permute_copy.default | True
[QNN Partitioner Op Support]: aten.view_copy.default | True
[QNN Partitioner Op Support]: aten.native_layer_norm.default | True
[QNN Partitioner Op Support]: aten.add.Tensor | True
[QNN Partitioner Op Support]: aten.view_copy.default | True
[QNN Partitioner Op Support]: aten.linear.default | True
[QNN Partitioner Op Support]: aten.view_copy.default | True
[QNN Partitioner Op Support]: aten.gelu.default | True
[QNN Partitioner Op Support]: aten.view_copy.default | True
[QNN Partitioner Op Support]: aten.linear.default | True
[QNN Partitioner Op Support]: aten.view_copy.default | True
[QNN Partitioner Op Support]: aten.native_layer_norm.default | True
[QNN Partitioner Op Support]: aten.add.Tensor | True
[QNN Partitioner Op Support]: aten.permute_copy.default | True
[QNN Partitioner Op Support]: aten.view_copy.default | True
[QNN Partitioner Op Support]: aten.linear.default | True
[QNN Partitioner Op Support]: aten.view_copy.default | True
[QNN Partitioner Op Support]: aten.permute_copy.default | True
[QNN Partitioner Op Support]: aten.permute_copy.default | True
[QNN Partitioner Op Support]: aten.permute_copy.default | True
[QNN Partitioner Op Support]: aten.view_copy.default | True
[QNN Partitioner Op Support]: aten.bmm.default | True
[QNN Partitioner Op Support]: aten.view_copy.default | True
[QNN Partitioner Op Support]: aten.view_copy.default | True
[QNN Partitioner Op Support]: aten._safe_softmax.default | True
[QNN Partitioner Op Support]: aten.add.Tensor | True
[QNN Partitioner Op Support]: aten.view_copy.default | True
[QNN Partitioner Op Support]: aten.bmm.default | True
[QNN Partitioner Op Support]: aten.view_copy.default | True
[QNN Partitioner Op Support]: aten.view_copy.default | True
[QNN Partitioner Op Support]: aten.mul.Tensor | True
[QNN Partitioner Op Support]: aten.permute_copy.default | True
[QNN Partitioner Op Support]: aten.mul.Tensor | True
[QNN Partitioner Op Support]: aten.view_copy.default | True
[QNN Partitioner Op Support]: aten.view_copy.default | True
[QNN Partitioner Op Support]: aten.view_copy.default | True
[QNN Partitioner Op Support]: aten.view_copy.default | True
[QNN Partitioner Op Support]: aten.permute_copy.default | True
[QNN Partitioner Op Support]: aten.view_copy.default | True
[QNN Partitioner Op Support]: aten.permute_copy.default | True
[QNN Partitioner Op Support]: aten.view_copy.default | True
[QNN Partitioner Op Support]: aten.permute_copy.default | True
[QNN Partitioner Op Support]: aten.view_copy.default | True
[QNN Partitioner Op Support]: aten.view_copy.default | True
[QNN Partitioner Op Support]: aten.linear.default | True
[QNN Partitioner Op Support]: aten.view_copy.default | True
[QNN Partitioner Op Support]: aten.linear.default | True
[QNN Partitioner Op Support]: aten.view_copy.default | True
[QNN Partitioner Op Support]: aten.linear.default | True
[QNN Partitioner Op Support]: aten.split_with_sizes_copy.default | True
[QNN Partitioner Op Support]: aten.cat.default | True
[QNN Partitioner Op Support]: aten.view_copy.default | True
[QNN Partitioner Op Support]: aten.view_copy.default | True
[QNN Partitioner Op Support]: aten.view_copy.default | True
[QNN Partitioner Op Support]: aten.permute_copy.default | True
[QNN Partitioner Op Support]: aten.view_copy.default | True
[QNN Partitioner Op Support]: aten.mul.Tensor | True
[QNN Partitioner Op Support]: aten.view_copy.default | True
[QNN Partitioner Op Support]: aten.add.Tensor | True
[QNN Partitioner Op Support]: aten.mul.Tensor | True
[QNN Partitioner Op Support]: aten.sub.Tensor | True
[QNN Partitioner Op Support]: aten.mul.Tensor | True
[QNN Partitioner Op Support]: aten.split_with_sizes_copy.default | True
[QNN Partitioner Op Support]: aten.sigmoid.default | True
[QNN Partitioner Op Support]: aten.sum.dim_IntList | True
[QNN Partitioner Op Support]: aten.view_copy.default | True
[QNN Partitioner Op Support]: aten.view_copy.default | True
[QNN Partitioner Op Support]: aten.linear.default | True
[QNN Partitioner Op Support]: aten.view_copy.default | True
[QNN Partitioner Op Support]: aten.permute_copy.default | True
[QNN Partitioner Op Support]: aten.view_copy.default | True
[QNN Partitioner Op Support]: aten.native_layer_norm.default | True
[QNN Partitioner Op Support]: aten.add.Tensor | True
[QNN Partitioner Op Support]: aten.view_copy.default | True
[QNN Partitioner Op Support]: aten.linear.default | True
[QNN Partitioner Op Support]: aten.view_copy.default | True
[QNN Partitioner Op Support]: aten.gelu.default | True
[QNN Partitioner Op Support]: aten.view_copy.default | True
[QNN Partitioner Op Support]: aten.linear.default | True
[QNN Partitioner Op Support]: aten.view_copy.default | True
[QNN Partitioner Op Support]: aten.native_layer_norm.default | True
[QNN Partitioner Op Support]: aten.add.Tensor | True
[QNN Partitioner Op Support]: aten.permute_copy.default | True
[QNN Partitioner Op Support]: aten.view_copy.default | True
[QNN Partitioner Op Support]: aten.linear.default | True
[QNN Partitioner Op Support]: aten.view_copy.default | True
[QNN Partitioner Op Support]: aten.permute_copy.default | True
[QNN Partitioner Op Support]: aten.permute_copy.default | True
[QNN Partitioner Op Support]: aten.permute_copy.default | True
[QNN Partitioner Op Support]: aten.view_copy.default | True
[QNN Partitioner Op Support]: aten.bmm.default | True
[QNN Partitioner Op Support]: aten.view_copy.default | True
[QNN Partitioner Op Support]: aten.view_copy.default | True
[QNN Partitioner Op Support]: aten._safe_softmax.default | True
[QNN Partitioner Op Support]: aten.add.Tensor | True
[QNN Partitioner Op Support]: aten.view_copy.default | True
[QNN Partitioner Op Support]: aten.bmm.default | True
[QNN Partitioner Op Support]: aten.view_copy.default | True
[QNN Partitioner Op Support]: aten.view_copy.default | True
[QNN Partitioner Op Support]: aten.mul.Tensor | True
[QNN Partitioner Op Support]: aten.permute_copy.default | True
[QNN Partitioner Op Support]: aten.mul.Tensor | True
[QNN Partitioner Op Support]: aten.view_copy.default | True
[QNN Partitioner Op Support]: aten.view_copy.default | True
[QNN Partitioner Op Support]: aten.view_copy.default | True
[QNN Partitioner Op Support]: aten.view_copy.default | True
[QNN Partitioner Op Support]: aten.permute_copy.default | True
[QNN Partitioner Op Support]: aten.view_copy.default | True
[QNN Partitioner Op Support]: aten.permute_copy.default | True
[QNN Partitioner Op Support]: aten.view_copy.default | True
[QNN Partitioner Op Support]: aten.permute_copy.default | True
[QNN Partitioner Op Support]: aten.view_copy.default | True
[QNN Partitioner Op Support]: aten.view_copy.default | True
[QNN Partitioner Op Support]: aten.linear.default | True
[QNN Partitioner Op Support]: aten.view_copy.default | True
[QNN Partitioner Op Support]: aten.linear.default | True
[QNN Partitioner Op Support]: aten.view_copy.default | True
[QNN Partitioner Op Support]: aten.linear.default | True
[QNN Partitioner Op Support]: aten.split_with_sizes_copy.default | True
[QNN Partitioner Op Support]: aten.cat.default | True
[QNN Partitioner Op Support]: aten.view_copy.default | True
[QNN Partitioner Op Support]: aten.view_copy.default | True
[QNN Partitioner Op Support]: aten.view_copy.default | True
[QNN Partitioner Op Support]: aten.permute_copy.default | True
[QNN Partitioner Op Support]: aten.view_copy.default | True
[QNN Partitioner Op Support]: aten.mul.Tensor | True
[QNN Partitioner Op Support]: aten.view_copy.default | True
[QNN Partitioner Op Support]: aten.add.Tensor | True
[QNN Partitioner Op Support]: aten.mul.Tensor | True
[QNN Partitioner Op Support]: aten.sub.Tensor | True
[QNN Partitioner Op Support]: aten.mul.Tensor | True
[QNN Partitioner Op Support]: aten.split_with_sizes_copy.default | True
[QNN Partitioner Op Support]: aten.sigmoid.default | True
[QNN Partitioner Op Support]: aten.sum.dim_IntList | True
[QNN Partitioner Op Support]: aten.view_copy.default | True
[QNN Partitioner Op Support]: aten.view_copy.default | True
[QNN Partitioner Op Support]: aten.linear.default | True
[QNN Partitioner Op Support]: aten.view_copy.default | True
[QNN Partitioner Op Support]: aten.permute_copy.default | True
[QNN Partitioner Op Support]: aten.view_copy.default | True
[QNN Partitioner Op Support]: aten.native_layer_norm.default | True
[QNN Partitioner Op Support]: aten.add.Tensor | True
[QNN Partitioner Op Support]: aten.view_copy.default | True
[QNN Partitioner Op Support]: aten.linear.default | True
[QNN Partitioner Op Support]: aten.view_copy.default | True
[QNN Partitioner Op Support]: aten.gelu.default | True
[QNN Partitioner Op Support]: aten.view_copy.default | True
[QNN Partitioner Op Support]: aten.linear.default | True
[QNN Partitioner Op Support]: aten.view_copy.default | True
[QNN Partitioner Op Support]: aten.native_layer_norm.default | True
[QNN Partitioner Op Support]: aten.add.Tensor | True
[QNN Partitioner Op Support]: aten.permute_copy.default | True
[QNN Partitioner Op Support]: aten.view_copy.default | True
[QNN Partitioner Op Support]: aten.linear.default | True
[QNN Partitioner Op Support]: aten.view_copy.default | True
[QNN Partitioner Op Support]: aten.permute_copy.default | True
[QNN Partitioner Op Support]: aten.permute_copy.default | True
[QNN Partitioner Op Support]: aten.permute_copy.default | True
[QNN Partitioner Op Support]: aten.view_copy.default | True
[QNN Partitioner Op Support]: aten.bmm.default | True
[QNN Partitioner Op Support]: aten.view_copy.default | True
[QNN Partitioner Op Support]: aten.view_copy.default | True
[QNN Partitioner Op Support]: aten._safe_softmax.default | True
[QNN Partitioner Op Support]: aten.add.Tensor | True
[QNN Partitioner Op Support]: aten.view_copy.default | True
[QNN Partitioner Op Support]: aten.bmm.default | True
[QNN Partitioner Op Support]: aten.view_copy.default | True
[QNN Partitioner Op Support]: aten.view_copy.default | True
[QNN Partitioner Op Support]: aten.mul.Tensor | True
[QNN Partitioner Op Support]: aten.permute_copy.default | True
[QNN Partitioner Op Support]: aten.mul.Tensor | True
[QNN Partitioner Op Support]: aten.view_copy.default | True
[QNN Partitioner Op Support]: aten.view_copy.default | True
[QNN Partitioner Op Support]: aten.view_copy.default | True
[QNN Partitioner Op Support]: aten.view_copy.default | True
[QNN Partitioner Op Support]: aten.permute_copy.default | True
[QNN Partitioner Op Support]: aten.view_copy.default | True
[QNN Partitioner Op Support]: aten.permute_copy.default | True
[QNN Partitioner Op Support]: aten.view_copy.default | True
[QNN Partitioner Op Support]: aten.permute_copy.default | True
[QNN Partitioner Op Support]: aten.view_copy.default | True
[QNN Partitioner Op Support]: aten.view_copy.default | True
[QNN Partitioner Op Support]: aten.linear.default | True
[QNN Partitioner Op Support]: aten.view_copy.default | True
[QNN Partitioner Op Support]: aten.linear.default | True
[QNN Partitioner Op Support]: aten.view_copy.default | True
[QNN Partitioner Op Support]: aten.linear.default | True
[QNN Partitioner Op Support]: aten.split_with_sizes_copy.default | True
[QNN Partitioner Op Support]: aten.cat.default | True
[QNN Partitioner Op Support]: aten.view_copy.default | True
[QNN Partitioner Op Support]: aten.view_copy.default | True
[QNN Partitioner Op Support]: aten.view_copy.default | True
[QNN Partitioner Op Support]: aten.permute_copy.default | True
[QNN Partitioner Op Support]: aten.view_copy.default | True
[QNN Partitioner Op Support]: aten.mul.Tensor | True
[QNN Partitioner Op Support]: aten.view_copy.default | True
[QNN Partitioner Op Support]: aten.add.Tensor | True
[QNN Partitioner Op Support]: aten.mul.Tensor | True
[QNN Partitioner Op Support]: aten.sub.Tensor | True
[QNN Partitioner Op Support]: aten.mul.Tensor | True
[QNN Partitioner Op Support]: aten.split_with_sizes_copy.default | True
[QNN Partitioner Op Support]: aten.sigmoid.default | True
[QNN Partitioner Op Support]: aten.sum.dim_IntList | True
[QNN Partitioner Op Support]: aten.view_copy.default | True
[QNN Partitioner Op Support]: aten.view_copy.default | True
[QNN Partitioner Op Support]: aten.linear.default | True
[QNN Partitioner Op Support]: aten.view_copy.default | True
[QNN Partitioner Op Support]: aten.permute_copy.default | True
[QNN Partitioner Op Support]: aten.view_copy.default | True
[QNN Partitioner Op Support]: aten.native_layer_norm.default | True
[QNN Partitioner Op Support]: aten.add.Tensor | True
[QNN Partitioner Op Support]: aten.view_copy.default | True
[QNN Partitioner Op Support]: aten.linear.default | True
[QNN Partitioner Op Support]: aten.view_copy.default | True
[QNN Partitioner Op Support]: aten.gelu.default | True
[QNN Partitioner Op Support]: aten.view_copy.default | True
[QNN Partitioner Op Support]: aten.linear.default | True
[QNN Partitioner Op Support]: aten.view_copy.default | True
[QNN Partitioner Op Support]: aten.native_layer_norm.default | True
[QNN Partitioner Op Support]: aten.add.Tensor | True
[QNN Partitioner Op Support]: aten.permute_copy.default | True
[QNN Partitioner Op Support]: aten.view_copy.default | True
[QNN Partitioner Op Support]: aten.linear.default | True
[QNN Partitioner Op Support]: aten.view_copy.default | True
[QNN Partitioner Op Support]: aten.permute_copy.default | True
[QNN Partitioner Op Support]: aten.permute_copy.default | True
[QNN Partitioner Op Support]: aten.permute_copy.default | True
[QNN Partitioner Op Support]: aten.view_copy.default | True
[QNN Partitioner Op Support]: aten.bmm.default | True
[QNN Partitioner Op Support]: aten.view_copy.default | True
[QNN Partitioner Op Support]: aten.view_copy.default | True
[QNN Partitioner Op Support]: aten._safe_softmax.default | True
[QNN Partitioner Op Support]: aten.add.Tensor | True
[QNN Partitioner Op Support]: aten.view_copy.default | True
[QNN Partitioner Op Support]: aten.bmm.default | True
[QNN Partitioner Op Support]: aten.view_copy.default | True
[QNN Partitioner Op Support]: aten.view_copy.default | True
[QNN Partitioner Op Support]: aten.mul.Tensor | True
[QNN Partitioner Op Support]: aten.permute_copy.default | True
[QNN Partitioner Op Support]: aten.mul.Tensor | True
[QNN Partitioner Op Support]: aten.view_copy.default | True
[QNN Partitioner Op Support]: aten.view_copy.default | True
[QNN Partitioner Op Support]: aten.view_copy.default | True
[QNN Partitioner Op Support]: aten.view_copy.default | True
[QNN Partitioner Op Support]: aten.permute_copy.default | True
[QNN Partitioner Op Support]: aten.view_copy.default | True
[QNN Partitioner Op Support]: aten.permute_copy.default | True
[QNN Partitioner Op Support]: aten.view_copy.default | True
[QNN Partitioner Op Support]: aten.permute_copy.default | True
[QNN Partitioner Op Support]: aten.view_copy.default | True
[QNN Partitioner Op Support]: aten.view_copy.default | True
[QNN Partitioner Op Support]: aten.linear.default | True
[QNN Partitioner Op Support]: aten.view_copy.default | True
[QNN Partitioner Op Support]: aten.linear.default | True
[QNN Partitioner Op Support]: aten.view_copy.default | True
[QNN Partitioner Op Support]: aten.linear.default | True
[QNN Partitioner Op Support]: aten.split_with_sizes_copy.default | True
[QNN Partitioner Op Support]: aten.cat.default | True
[QNN Partitioner Op Support]: aten.view_copy.default | True
[QNN Partitioner Op Support]: aten.view_copy.default | True
[QNN Partitioner Op Support]: aten.view_copy.default | True
[QNN Partitioner Op Support]: aten.permute_copy.default | True
[QNN Partitioner Op Support]: aten.view_copy.default | True
[QNN Partitioner Op Support]: aten.mul.Tensor | True
[QNN Partitioner Op Support]: aten.view_copy.default | True
[QNN Partitioner Op Support]: aten.add.Tensor | True
[QNN Partitioner Op Support]: aten.mul.Tensor | True
[QNN Partitioner Op Support]: aten.sub.Tensor | True
[QNN Partitioner Op Support]: aten.mul.Tensor | True
[QNN Partitioner Op Support]: aten.split_with_sizes_copy.default | True
[QNN Partitioner Op Support]: aten.sigmoid.default | True
[QNN Partitioner Op Support]: aten.sum.dim_IntList | True
[QNN Partitioner Op Support]: aten.view_copy.default | True
[QNN Partitioner Op Support]: aten.view_copy.default | True
[QNN Partitioner Op Support]: aten.linear.default | True
[QNN Partitioner Op Support]: aten.view_copy.default | True
[QNN Partitioner Op Support]: aten.permute_copy.default | True
[QNN Partitioner Op Support]: aten.view_copy.default | True
[QNN Partitioner Op Support]: aten.native_layer_norm.default | True
[QNN Partitioner Op Support]: aten.add.Tensor | True
[QNN Partitioner Op Support]: aten.view_copy.default | True
[QNN Partitioner Op Support]: aten.linear.default | True
[QNN Partitioner Op Support]: aten.view_copy.default | True
[QNN Partitioner Op Support]: aten.gelu.default | True
[QNN Partitioner Op Support]: aten.view_copy.default | True
[QNN Partitioner Op Support]: aten.linear.default | True
[QNN Partitioner Op Support]: aten.view_copy.default | True
[QNN Partitioner Op Support]: aten.native_layer_norm.default | True
[QNN Partitioner Op Support]: aten.add.Tensor | True
[QNN Partitioner Op Support]: aten.permute_copy.default | True
[QNN Partitioner Op Support]: aten.view_copy.default | True
[QNN Partitioner Op Support]: aten.linear.default | True
[QNN Partitioner Op Support]: aten.view_copy.default | True
[QNN Partitioner Op Support]: aten.permute_copy.default | True
[QNN Partitioner Op Support]: aten.permute_copy.default | True
[QNN Partitioner Op Support]: aten.permute_copy.default | True
[QNN Partitioner Op Support]: aten.view_copy.default | True
[QNN Partitioner Op Support]: aten.bmm.default | True
[QNN Partitioner Op Support]: aten.view_copy.default | True
[QNN Partitioner Op Support]: aten.view_copy.default | True
[QNN Partitioner Op Support]: aten._safe_softmax.default | True
[QNN Partitioner Op Support]: aten.add.Tensor | True
[QNN Partitioner Op Support]: aten.view_copy.default | True
[QNN Partitioner Op Support]: aten.bmm.default | True
[QNN Partitioner Op Support]: aten.view_copy.default | True
[QNN Partitioner Op Support]: aten.view_copy.default | True
[QNN Partitioner Op Support]: aten.mul.Tensor | True
[QNN Partitioner Op Support]: aten.permute_copy.default | True
[QNN Partitioner Op Support]: aten.mul.Tensor | True
[QNN Partitioner Op Support]: aten.view_copy.default | True
[QNN Partitioner Op Support]: aten.view_copy.default | True
[QNN Partitioner Op Support]: aten.view_copy.default | True
[QNN Partitioner Op Support]: aten.view_copy.default | True
[QNN Partitioner Op Support]: aten.permute_copy.default | True
[QNN Partitioner Op Support]: aten.view_copy.default | True
[QNN Partitioner Op Support]: aten.permute_copy.default | True
[QNN Partitioner Op Support]: aten.view_copy.default | True
[QNN Partitioner Op Support]: aten.permute_copy.default | True
[QNN Partitioner Op Support]: aten.view_copy.default | True
[QNN Partitioner Op Support]: aten.view_copy.default | True
[QNN Partitioner Op Support]: aten.linear.default | True
[QNN Partitioner Op Support]: aten.view_copy.default | True
[QNN Partitioner Op Support]: aten.linear.default | True
[QNN Partitioner Op Support]: aten.view_copy.default | True
[QNN Partitioner Op Support]: aten.linear.default | True
[QNN Partitioner Op Support]: aten.split_with_sizes_copy.default | True
[QNN Partitioner Op Support]: aten.cat.default | True
[QNN Partitioner Op Support]: aten.view_copy.default | True
[QNN Partitioner Op Support]: aten.view_copy.default | True
[QNN Partitioner Op Support]: aten.view_copy.default | True
[QNN Partitioner Op Support]: aten.permute_copy.default | True
[QNN Partitioner Op Support]: aten.view_copy.default | True
[QNN Partitioner Op Support]: aten.mul.Tensor | True
[QNN Partitioner Op Support]: aten.view_copy.default | True
[QNN Partitioner Op Support]: aten.add.Tensor | True
[QNN Partitioner Op Support]: aten.mul.Tensor | True
[QNN Partitioner Op Support]: aten.sub.Tensor | True
[QNN Partitioner Op Support]: aten.mul.Tensor | True
[QNN Partitioner Op Support]: aten.split_with_sizes_copy.default | True
[QNN Partitioner Op Support]: aten.sigmoid.default | True
[QNN Partitioner Op Support]: aten.sum.dim_IntList | True
[QNN Partitioner Op Support]: aten.view_copy.default | True
[QNN Partitioner Op Support]: aten.view_copy.default | True
[QNN Partitioner Op Support]: aten.linear.default | True
[QNN Partitioner Op Support]: aten.view_copy.default | True
[QNN Partitioner Op Support]: aten.permute_copy.default | True
[QNN Partitioner Op Support]: aten.view_copy.default | True
[QNN Partitioner Op Support]: aten.native_layer_norm.default | True
[QNN Partitioner Op Support]: aten.add.Tensor | True
[QNN Partitioner Op Support]: aten.view_copy.default | True
[QNN Partitioner Op Support]: aten.linear.default | True
[QNN Partitioner Op Support]: aten.view_copy.default | True
[QNN Partitioner Op Support]: aten.gelu.default | True
[QNN Partitioner Op Support]: aten.view_copy.default | True
[QNN Partitioner Op Support]: aten.linear.default | True
[QNN Partitioner Op Support]: aten.view_copy.default | True
[QNN Partitioner Op Support]: aten.native_layer_norm.default | True
[QNN Partitioner Op Support]: aten.add.Tensor | True
[QNN Partitioner Op Support]: aten.permute_copy.default | True
[QNN Partitioner Op Support]: aten.view_copy.default | True
[QNN Partitioner Op Support]: aten.linear.default | True
[QNN Partitioner Op Support]: aten.view_copy.default | True
[QNN Partitioner Op Support]: aten.permute_copy.default | True
[QNN Partitioner Op Support]: aten.permute_copy.default | True
[QNN Partitioner Op Support]: aten.permute_copy.default | True
[QNN Partitioner Op Support]: aten.view_copy.default | True
[QNN Partitioner Op Support]: aten.bmm.default | True
[QNN Partitioner Op Support]: aten.view_copy.default | True
[QNN Partitioner Op Support]: aten.view_copy.default | True
[QNN Partitioner Op Support]: aten._safe_softmax.default | True
[QNN Partitioner Op Support]: aten.add.Tensor | True
[QNN Partitioner Op Support]: aten.view_copy.default | True
[QNN Partitioner Op Support]: aten.bmm.default | True
[QNN Partitioner Op Support]: aten.view_copy.default | True
[QNN Partitioner Op Support]: aten.view_copy.default | True
[QNN Partitioner Op Support]: aten.mul.Tensor | True
[QNN Partitioner Op Support]: aten.permute_copy.default | True
[QNN Partitioner Op Support]: aten.mul.Tensor | True
[QNN Partitioner Op Support]: aten.view_copy.default | True
[QNN Partitioner Op Support]: aten.view_copy.default | True
[QNN Partitioner Op Support]: aten.view_copy.default | True
[QNN Partitioner Op Support]: aten.view_copy.default | True
[QNN Partitioner Op Support]: aten.permute_copy.default | True
[QNN Partitioner Op Support]: aten.view_copy.default | True
[QNN Partitioner Op Support]: aten.permute_copy.default | True
[QNN Partitioner Op Support]: aten.view_copy.default | True
[QNN Partitioner Op Support]: aten.permute_copy.default | True
[QNN Partitioner Op Support]: aten.view_copy.default | True
[QNN Partitioner Op Support]: aten.view_copy.default | True
[QNN Partitioner Op Support]: aten.linear.default | True
[QNN Partitioner Op Support]: aten.view_copy.default | True
[QNN Partitioner Op Support]: aten.linear.default | True
[QNN Partitioner Op Support]: aten.view_copy.default | True
[QNN Partitioner Op Support]: aten.linear.default | True
[QNN Partitioner Op Support]: aten.split_with_sizes_copy.default | True
[QNN Partitioner Op Support]: aten.cat.default | True
[QNN Partitioner Op Support]: aten.view_copy.default | True
[QNN Partitioner Op Support]: aten.view_copy.default | True
[QNN Partitioner Op Support]: aten.view_copy.default | True
[QNN Partitioner Op Support]: aten.permute_copy.default | True
[QNN Partitioner Op Support]: aten.view_copy.default | True
[QNN Partitioner Op Support]: aten.mul.Tensor | True
[QNN Partitioner Op Support]: aten.view_copy.default | True
[QNN Partitioner Op Support]: aten.add.Tensor | True
[QNN Partitioner Op Support]: aten.mul.Tensor | True
[QNN Partitioner Op Support]: aten.sub.Tensor | True
[QNN Partitioner Op Support]: aten.mul.Tensor | True
[QNN Partitioner Op Support]: aten.split_with_sizes_copy.default | True
[QNN Partitioner Op Support]: aten.sigmoid.default | True
[QNN Partitioner Op Support]: aten.sum.dim_IntList | True
[QNN Partitioner Op Support]: aten.view_copy.default | True
[QNN Partitioner Op Support]: aten.view_copy.default | True
[QNN Partitioner Op Support]: aten.linear.default | True
[QNN Partitioner Op Support]: aten.view_copy.default | True
[QNN Partitioner Op Support]: aten.permute_copy.default | True
[QNN Partitioner Op Support]: aten.view_copy.default | True
[QNN Partitioner Op Support]: aten.native_layer_norm.default | True
[QNN Partitioner Op Support]: aten.add.Tensor | True
[QNN Partitioner Op Support]: aten.view_copy.default | True
[QNN Partitioner Op Support]: aten.linear.default | True
[QNN Partitioner Op Support]: aten.view_copy.default | True
[QNN Partitioner Op Support]: aten.gelu.default | True
[QNN Partitioner Op Support]: aten.view_copy.default | True
[QNN Partitioner Op Support]: aten.linear.default | True
[QNN Partitioner Op Support]: aten.view_copy.default | True
[QNN Partitioner Op Support]: aten.native_layer_norm.default | True
[QNN Partitioner Op Support]: aten.add.Tensor | True
[QNN Partitioner Op Support]: aten.permute_copy.default | True
[QNN Partitioner Op Support]: aten.view_copy.default | True
[QNN Partitioner Op Support]: aten.linear.default | True
[QNN Partitioner Op Support]: aten.view_copy.default | True
[QNN Partitioner Op Support]: aten.permute_copy.default | True
[QNN Partitioner Op Support]: aten.permute_copy.default | True
[QNN Partitioner Op Support]: aten.permute_copy.default | True
[QNN Partitioner Op Support]: aten.view_copy.default | True
[QNN Partitioner Op Support]: aten.bmm.default | True
[QNN Partitioner Op Support]: aten.view_copy.default | True
[QNN Partitioner Op Support]: aten.view_copy.default | True
[QNN Partitioner Op Support]: aten._safe_softmax.default | True
[QNN Partitioner Op Support]: aten.add.Tensor | True
[QNN Partitioner Op Support]: aten.view_copy.default | True
[QNN Partitioner Op Support]: aten.bmm.default | True
[QNN Partitioner Op Support]: aten.view_copy.default | True
[QNN Partitioner Op Support]: aten.view_copy.default | True
[QNN Partitioner Op Support]: aten.mul.Tensor | True
[QNN Partitioner Op Support]: aten.permute_copy.default | True
[QNN Partitioner Op Support]: aten.mul.Tensor | True
[QNN Partitioner Op Support]: aten.view_copy.default | True
[QNN Partitioner Op Support]: aten.view_copy.default | True
[QNN Partitioner Op Support]: aten.view_copy.default | True
[QNN Partitioner Op Support]: aten.view_copy.default | True
[QNN Partitioner Op Support]: aten.permute_copy.default | True
[QNN Partitioner Op Support]: aten.view_copy.default | True
[QNN Partitioner Op Support]: aten.permute_copy.default | True
[QNN Partitioner Op Support]: aten.view_copy.default | True
[QNN Partitioner Op Support]: aten.permute_copy.default | True
[QNN Partitioner Op Support]: aten.view_copy.default | True
[QNN Partitioner Op Support]: aten.view_copy.default | True
[QNN Partitioner Op Support]: aten.linear.default | True
[QNN Partitioner Op Support]: aten.view_copy.default | True
[QNN Partitioner Op Support]: aten.linear.default | True
[QNN Partitioner Op Support]: aten.view_copy.default | True
[QNN Partitioner Op Support]: aten.linear.default | True
[QNN Partitioner Op Support]: aten.split_with_sizes_copy.default | True
[QNN Partitioner Op Support]: aten.cat.default | True
[QNN Partitioner Op Support]: aten.view_copy.default | True
[QNN Partitioner Op Support]: aten.view_copy.default | True
[QNN Partitioner Op Support]: aten.view_copy.default | True
[QNN Partitioner Op Support]: aten.permute_copy.default | True
[QNN Partitioner Op Support]: aten.view_copy.default | True
[QNN Partitioner Op Support]: aten.mul.Tensor | True
[QNN Partitioner Op Support]: aten.view_copy.default | True
[QNN Partitioner Op Support]: aten.add.Tensor | True
[QNN Partitioner Op Support]: aten.mul.Tensor | True
[QNN Partitioner Op Support]: aten.sub.Tensor | True
[QNN Partitioner Op Support]: aten.mul.Tensor | True
[QNN Partitioner Op Support]: aten.split_with_sizes_copy.default | True
[QNN Partitioner Op Support]: aten.sigmoid.default | True
[QNN Partitioner Op Support]: aten.sum.dim_IntList | True
[QNN Partitioner Op Support]: aten.view_copy.default | True
[QNN Partitioner Op Support]: aten.view_copy.default | True
[QNN Partitioner Op Support]: aten.linear.default | True
[QNN Partitioner Op Support]: aten.view_copy.default | True
[QNN Partitioner Op Support]: aten.permute_copy.default | True
[QNN Partitioner Op Support]: aten.view_copy.default | True
[QNN Partitioner Op Support]: aten.native_layer_norm.default | True
[QNN Partitioner Op Support]: aten.add.Tensor | True
[QNN Partitioner Op Support]: aten.view_copy.default | True
[QNN Partitioner Op Support]: aten.linear.default | True
[QNN Partitioner Op Support]: aten.view_copy.default | True
[QNN Partitioner Op Support]: aten.gelu.default | True
[QNN Partitioner Op Support]: aten.view_copy.default | True
[QNN Partitioner Op Support]: aten.linear.default | True
[QNN Partitioner Op Support]: aten.view_copy.default | True
[QNN Partitioner Op Support]: aten.native_layer_norm.default | True
[QNN Partitioner Op Support]: aten.add.Tensor | True
[QNN Partitioner Op Support]: aten.permute_copy.default | True
[QNN Partitioner Op Support]: aten.view_copy.default | True
[QNN Partitioner Op Support]: aten.linear.default | True
[QNN Partitioner Op Support]: aten.view_copy.default | True
[QNN Partitioner Op Support]: aten.permute_copy.default | True
[QNN Partitioner Op Support]: aten.permute_copy.default | True
[QNN Partitioner Op Support]: aten.permute_copy.default | True
[QNN Partitioner Op Support]: aten.view_copy.default | True
[QNN Partitioner Op Support]: aten.bmm.default | True
[QNN Partitioner Op Support]: aten.view_copy.default | True
[QNN Partitioner Op Support]: aten.view_copy.default | True
[QNN Partitioner Op Support]: aten._safe_softmax.default | True
[QNN Partitioner Op Support]: aten.add.Tensor | True
[QNN Partitioner Op Support]: aten.view_copy.default | True
[QNN Partitioner Op Support]: aten.bmm.default | True
[QNN Partitioner Op Support]: aten.view_copy.default | True
[QNN Partitioner Op Support]: aten.view_copy.default | True
[QNN Partitioner Op Support]: aten.mul.Tensor | True
[QNN Partitioner Op Support]: aten.permute_copy.default | True
[QNN Partitioner Op Support]: aten.mul.Tensor | True
[QNN Partitioner Op Support]: aten.view_copy.default | True
[QNN Partitioner Op Support]: aten.view_copy.default | True
[QNN Partitioner Op Support]: aten.view_copy.default | True
[QNN Partitioner Op Support]: aten.view_copy.default | True
[QNN Partitioner Op Support]: aten.permute_copy.default | True
[QNN Partitioner Op Support]: aten.view_copy.default | True
[QNN Partitioner Op Support]: aten.permute_copy.default | True
[QNN Partitioner Op Support]: aten.view_copy.default | True
[QNN Partitioner Op Support]: aten.permute_copy.default | True
[QNN Partitioner Op Support]: aten.view_copy.default | True
[QNN Partitioner Op Support]: aten.view_copy.default | True
[QNN Partitioner Op Support]: aten.linear.default | True
[QNN Partitioner Op Support]: aten.view_copy.default | True
[QNN Partitioner Op Support]: aten.linear.default | True
[QNN Partitioner Op Support]: aten.view_copy.default | True
[QNN Partitioner Op Support]: aten.linear.default | True
[QNN Partitioner Op Support]: aten.split_with_sizes_copy.default | True
[QNN Partitioner Op Support]: aten.cat.default | True
[QNN Partitioner Op Support]: aten.view_copy.default | True
[QNN Partitioner Op Support]: aten.view_copy.default | True
[QNN Partitioner Op Support]: aten.view_copy.default | True
[QNN Partitioner Op Support]: aten.permute_copy.default | True
[QNN Partitioner Op Support]: aten.view_copy.default | True
[QNN Partitioner Op Support]: aten.mul.Tensor | True
[QNN Partitioner Op Support]: aten.view_copy.default | True
[QNN Partitioner Op Support]: aten.add.Tensor | True
[QNN Partitioner Op Support]: aten.mul.Tensor | True
[QNN Partitioner Op Support]: aten.sub.Tensor | True
[QNN Partitioner Op Support]: aten.mul.Tensor | True
[QNN Partitioner Op Support]: aten.split_with_sizes_copy.default | True
[QNN Partitioner Op Support]: aten.sigmoid.default | True
[QNN Partitioner Op Support]: aten.sum.dim_IntList | True
[QNN Partitioner Op Support]: aten.view_copy.default | True
[QNN Partitioner Op Support]: aten.view_copy.default | True
[QNN Partitioner Op Support]: aten.linear.default | True
[QNN Partitioner Op Support]: aten.view_copy.default | True
[QNN Partitioner Op Support]: aten.permute_copy.default | True
[QNN Partitioner Op Support]: aten.view_copy.default | True
[QNN Partitioner Op Support]: aten.native_layer_norm.default | True
[QNN Partitioner Op Support]: aten.add.Tensor | True
[QNN Partitioner Op Support]: aten.view_copy.default | True
[QNN Partitioner Op Support]: aten.linear.default | True
[QNN Partitioner Op Support]: aten.view_copy.default | True
[QNN Partitioner Op Support]: aten.gelu.default | True
[QNN Partitioner Op Support]: aten.view_copy.default | True
[QNN Partitioner Op Support]: aten.linear.default | True
[QNN Partitioner Op Support]: aten.view_copy.default | True
[QNN Partitioner Op Support]: aten.native_layer_norm.default | True
[QNN Partitioner Op Support]: aten.add.Tensor | True
[QNN Partitioner Op Support]: aten.permute_copy.default | True
[QNN Partitioner Op Support]: aten.view_copy.default | True
[QNN Partitioner Op Support]: aten.linear.default | True
[QNN Partitioner Op Support]: aten.view_copy.default | True
[QNN Partitioner Op Support]: aten.permute_copy.default | True
[QNN Partitioner Op Support]: aten.permute_copy.default | True
[QNN Partitioner Op Support]: aten.permute_copy.default | True
[QNN Partitioner Op Support]: aten.view_copy.default | True
[QNN Partitioner Op Support]: aten.bmm.default | True
[QNN Partitioner Op Support]: aten.view_copy.default | True
[QNN Partitioner Op Support]: aten.view_copy.default | True
[QNN Partitioner Op Support]: aten._safe_softmax.default | True
[QNN Partitioner Op Support]: aten.add.Tensor | True
[QNN Partitioner Op Support]: aten.view_copy.default | True
[QNN Partitioner Op Support]: aten.bmm.default | True
[QNN Partitioner Op Support]: aten.view_copy.default | True
[QNN Partitioner Op Support]: aten.view_copy.default | True
[QNN Partitioner Op Support]: aten.mul.Tensor | True
[QNN Partitioner Op Support]: aten.permute_copy.default | True
[QNN Partitioner Op Support]: aten.mul.Tensor | True
[QNN Partitioner Op Support]: aten.view_copy.default | True
[QNN Partitioner Op Support]: aten.view_copy.default | True
[QNN Partitioner Op Support]: aten.view_copy.default | True
[QNN Partitioner Op Support]: aten.view_copy.default | True
[QNN Partitioner Op Support]: aten.permute_copy.default | True
[QNN Partitioner Op Support]: aten.view_copy.default | True
[QNN Partitioner Op Support]: aten.permute_copy.default | True
[QNN Partitioner Op Support]: aten.view_copy.default | True
[QNN Partitioner Op Support]: aten.permute_copy.default | True
[QNN Partitioner Op Support]: aten.view_copy.default | True
[QNN Partitioner Op Support]: aten.view_copy.default | True
[QNN Partitioner Op Support]: aten.linear.default | True
[QNN Partitioner Op Support]: aten.view_copy.default | True
[QNN Partitioner Op Support]: aten.linear.default | True
[QNN Partitioner Op Support]: aten.view_copy.default | True
[QNN Partitioner Op Support]: aten.linear.default | True
[QNN Partitioner Op Support]: aten.split_with_sizes_copy.default | True
[QNN Partitioner Op Support]: aten.cat.default | True
[QNN Partitioner Op Support]: aten.view_copy.default | True
[QNN Partitioner Op Support]: aten.view_copy.default | True
[QNN Partitioner Op Support]: aten.view_copy.default | True
[QNN Partitioner Op Support]: aten.permute_copy.default | True
[QNN Partitioner Op Support]: aten.view_copy.default | True
[QNN Partitioner Op Support]: aten.mul.Tensor | True
[QNN Partitioner Op Support]: aten.view_copy.default | True
[QNN Partitioner Op Support]: aten.add.Tensor | True
[QNN Partitioner Op Support]: aten.mul.Tensor | True
[QNN Partitioner Op Support]: aten.sub.Tensor | True
[QNN Partitioner Op Support]: aten.mul.Tensor | True
[QNN Partitioner Op Support]: aten.split_with_sizes_copy.default | True
[QNN Partitioner Op Support]: aten.sigmoid.default | True
[QNN Partitioner Op Support]: aten.sum.dim_IntList | True
[QNN Partitioner Op Support]: aten.view_copy.default | True
[QNN Partitioner Op Support]: aten.view_copy.default | True
[QNN Partitioner Op Support]: aten.linear.default | True
[QNN Partitioner Op Support]: aten.view_copy.default | True
[QNN Partitioner Op Support]: aten.permute_copy.default | True
[QNN Partitioner Op Support]: aten.view_copy.default | True
[QNN Partitioner Op Support]: aten.native_layer_norm.default | True
[QNN Partitioner Op Support]: aten.add.Tensor | True
[QNN Partitioner Op Support]: aten.view_copy.default | True
[QNN Partitioner Op Support]: aten.linear.default | True
[QNN Partitioner Op Support]: aten.view_copy.default | True
[QNN Partitioner Op Support]: aten.gelu.default | True
[QNN Partitioner Op Support]: aten.view_copy.default | True
[QNN Partitioner Op Support]: aten.linear.default | True
[QNN Partitioner Op Support]: aten.view_copy.default | True
[QNN Partitioner Op Support]: aten.native_layer_norm.default | True
[QNN Partitioner Op Support]: aten.add.Tensor | True
[QNN Partitioner Op Support]: aten.permute_copy.default | True
[QNN Partitioner Op Support]: aten.view_copy.default | True
[QNN Partitioner Op Support]: aten.linear.default | True
[QNN Partitioner Op Support]: aten.view_copy.default | True
[QNN Partitioner Op Support]: aten.permute_copy.default | True
[QNN Partitioner Op Support]: aten.permute_copy.default | True
[QNN Partitioner Op Support]: aten.permute_copy.default | True
[QNN Partitioner Op Support]: aten.view_copy.default | True
[QNN Partitioner Op Support]: aten.bmm.default | True
[QNN Partitioner Op Support]: aten.view_copy.default | True
[QNN Partitioner Op Support]: aten.view_copy.default | True
[QNN Partitioner Op Support]: aten._safe_softmax.default | True
[QNN Partitioner Op Support]: aten.add.Tensor | True
[QNN Partitioner Op Support]: aten.view_copy.default | True
[QNN Partitioner Op Support]: aten.bmm.default | True
[QNN Partitioner Op Support]: aten.view_copy.default | True
[QNN Partitioner Op Support]: aten.view_copy.default | True
[QNN Partitioner Op Support]: aten.mul.Tensor | True
[QNN Partitioner Op Support]: aten.permute_copy.default | True
[QNN Partitioner Op Support]: aten.mul.Tensor | True
[QNN Partitioner Op Support]: aten.view_copy.default | True
[QNN Partitioner Op Support]: aten.view_copy.default | True
[QNN Partitioner Op Support]: aten.view_copy.default | True
[QNN Partitioner Op Support]: aten.view_copy.default | True
[QNN Partitioner Op Support]: aten.permute_copy.default | True
[QNN Partitioner Op Support]: aten.view_copy.default | True
[QNN Partitioner Op Support]: aten.permute_copy.default | True
[QNN Partitioner Op Support]: aten.view_copy.default | True
[QNN Partitioner Op Support]: aten.permute_copy.default | True
[QNN Partitioner Op Support]: aten.view_copy.default | True
[QNN Partitioner Op Support]: aten.view_copy.default | True
[QNN Partitioner Op Support]: aten.linear.default | True
[QNN Partitioner Op Support]: aten.view_copy.default | True
[QNN Partitioner Op Support]: aten.linear.default | True
[QNN Partitioner Op Support]: aten.view_copy.default | True
[QNN Partitioner Op Support]: aten.linear.default | True
[QNN Partitioner Op Support]: aten.split_with_sizes_copy.default | True
[QNN Partitioner Op Support]: aten.cat.default | True
[QNN Partitioner Op Support]: aten.view_copy.default | True
[QNN Partitioner Op Support]: aten.view_copy.default | True
[QNN Partitioner Op Support]: aten.view_copy.default | True
[QNN Partitioner Op Support]: aten.permute_copy.default | True
[QNN Partitioner Op Support]: aten.view_copy.default | True
[QNN Partitioner Op Support]: aten.mul.Tensor | True
[QNN Partitioner Op Support]: aten.view_copy.default | True
[QNN Partitioner Op Support]: aten.add.Tensor | True
[QNN Partitioner Op Support]: aten.mul.Tensor | True
[QNN Partitioner Op Support]: aten.sub.Tensor | True
[QNN Partitioner Op Support]: aten.mul.Tensor | True
[QNN Partitioner Op Support]: aten.split_with_sizes_copy.default | True
[QNN Partitioner Op Support]: aten.sigmoid.default | True
[QNN Partitioner Op Support]: aten.sum.dim_IntList | True
[QNN Partitioner Op Support]: aten.view_copy.default | True
[QNN Partitioner Op Support]: aten.view_copy.default | True
[QNN Partitioner Op Support]: aten.linear.default | True
[QNN Partitioner Op Support]: aten.view_copy.default | True
[QNN Partitioner Op Support]: aten.permute_copy.default | True
[QNN Partitioner Op Support]: aten.view_copy.default | True
[QNN Partitioner Op Support]: aten.native_layer_norm.default | True
[QNN Partitioner Op Support]: aten.add.Tensor | True
[QNN Partitioner Op Support]: aten.view_copy.default | True
[QNN Partitioner Op Support]: aten.linear.default | True
[QNN Partitioner Op Support]: aten.view_copy.default | True
[QNN Partitioner Op Support]: aten.gelu.default | True
[QNN Partitioner Op Support]: aten.view_copy.default | True
[QNN Partitioner Op Support]: aten.linear.default | True
[QNN Partitioner Op Support]: aten.view_copy.default | True
[QNN Partitioner Op Support]: aten.native_layer_norm.default | True
[QNN Partitioner Op Support]: aten.add.Tensor | True
[QNN Partitioner Op Support]: aten.permute_copy.default | True
[QNN Partitioner Op Support]: aten.view_copy.default | True
[QNN Partitioner Op Support]: aten.linear.default | True
[QNN Partitioner Op Support]: aten.view_copy.default | True
[QNN Partitioner Op Support]: aten.permute_copy.default | True
[QNN Partitioner Op Support]: aten.permute_copy.default | True
[QNN Partitioner Op Support]: aten.permute_copy.default | True
[QNN Partitioner Op Support]: aten.view_copy.default | True
[QNN Partitioner Op Support]: aten.bmm.default | True
[QNN Partitioner Op Support]: aten.view_copy.default | True
[QNN Partitioner Op Support]: aten.view_copy.default | True
[QNN Partitioner Op Support]: aten._safe_softmax.default | True
[QNN Partitioner Op Support]: aten.add.Tensor | True
[QNN Partitioner Op Support]: aten.view_copy.default | True
[QNN Partitioner Op Support]: aten.bmm.default | True
[QNN Partitioner Op Support]: aten.view_copy.default | True
[QNN Partitioner Op Support]: aten.view_copy.default | True
[QNN Partitioner Op Support]: aten.mul.Tensor | True
[QNN Partitioner Op Support]: aten.permute_copy.default | True
[QNN Partitioner Op Support]: aten.mul.Tensor | True
[QNN Partitioner Op Support]: aten.view_copy.default | True
[QNN Partitioner Op Support]: aten.view_copy.default | True
[QNN Partitioner Op Support]: aten.view_copy.default | True
[QNN Partitioner Op Support]: aten.view_copy.default | True
[QNN Partitioner Op Support]: aten.permute_copy.default | True
[QNN Partitioner Op Support]: aten.view_copy.default | True
[QNN Partitioner Op Support]: aten.permute_copy.default | True
[QNN Partitioner Op Support]: aten.view_copy.default | True
[QNN Partitioner Op Support]: aten.permute_copy.default | True
[QNN Partitioner Op Support]: aten.view_copy.default | True
[QNN Partitioner Op Support]: aten.view_copy.default | True
[QNN Partitioner Op Support]: aten.linear.default | True
[QNN Partitioner Op Support]: aten.view_copy.default | True
[QNN Partitioner Op Support]: aten.linear.default | True
[QNN Partitioner Op Support]: aten.view_copy.default | True
[QNN Partitioner Op Support]: aten.linear.default | True
[QNN Partitioner Op Support]: aten.split_with_sizes_copy.default | True
[QNN Partitioner Op Support]: aten.cat.default | True
[QNN Partitioner Op Support]: aten.view_copy.default | True
[QNN Partitioner Op Support]: aten.view_copy.default | True
[QNN Partitioner Op Support]: aten.view_copy.default | True
[QNN Partitioner Op Support]: aten.permute_copy.default | True
[QNN Partitioner Op Support]: aten.view_copy.default | True
[QNN Partitioner Op Support]: aten.mul.Tensor | True
[QNN Partitioner Op Support]: aten.view_copy.default | True
[QNN Partitioner Op Support]: aten.add.Tensor | True
[QNN Partitioner Op Support]: aten.mul.Tensor | True
[QNN Partitioner Op Support]: aten.sub.Tensor | True
[QNN Partitioner Op Support]: aten.mul.Tensor | True
[QNN Partitioner Op Support]: aten.split_with_sizes_copy.default | True
[QNN Partitioner Op Support]: aten.sigmoid.default | True
[QNN Partitioner Op Support]: aten.sum.dim_IntList | True
[QNN Partitioner Op Support]: aten.view_copy.default | True
[QNN Partitioner Op Support]: aten.view_copy.default | True
[QNN Partitioner Op Support]: aten.linear.default | True
[QNN Partitioner Op Support]: aten.view_copy.default | True
[QNN Partitioner Op Support]: aten.permute_copy.default | True
[QNN Partitioner Op Support]: aten.view_copy.default | True
[QNN Partitioner Op Support]: aten.native_layer_norm.default | True
[QNN Partitioner Op Support]: aten.add.Tensor | True
[QNN Partitioner Op Support]: aten.view_copy.default | True
[QNN Partitioner Op Support]: aten.linear.default | True
[QNN Partitioner Op Support]: aten.view_copy.default | True
[QNN Partitioner Op Support]: aten.gelu.default | True
[QNN Partitioner Op Support]: aten.view_copy.default | True
[QNN Partitioner Op Support]: aten.linear.default | True
[QNN Partitioner Op Support]: aten.view_copy.default | True
[QNN Partitioner Op Support]: aten.native_layer_norm.default | True
[QNN Partitioner Op Support]: aten.add.Tensor | True
[QNN Partitioner Op Support]: aten.permute_copy.default | True
[QNN Partitioner Op Support]: aten.view_copy.default | True
[QNN Partitioner Op Support]: aten.linear.default | True
[QNN Partitioner Op Support]: aten.view_copy.default | True
[QNN Partitioner Op Support]: aten.permute_copy.default | True
[QNN Partitioner Op Support]: aten.permute_copy.default | True
[QNN Partitioner Op Support]: aten.permute_copy.default | True
[QNN Partitioner Op Support]: aten.view_copy.default | True
[QNN Partitioner Op Support]: aten.bmm.default | True
[QNN Partitioner Op Support]: aten.view_copy.default | True
[QNN Partitioner Op Support]: aten.view_copy.default | True
[QNN Partitioner Op Support]: aten._safe_softmax.default | True
[QNN Partitioner Op Support]: aten.add.Tensor | True
[QNN Partitioner Op Support]: aten.view_copy.default | True
[QNN Partitioner Op Support]: aten.bmm.default | True
[QNN Partitioner Op Support]: aten.view_copy.default | True
[QNN Partitioner Op Support]: aten.view_copy.default | True
[QNN Partitioner Op Support]: aten.mul.Tensor | True
[QNN Partitioner Op Support]: aten.permute_copy.default | True
[QNN Partitioner Op Support]: aten.mul.Tensor | True
[QNN Partitioner Op Support]: aten.view_copy.default | True
[QNN Partitioner Op Support]: aten.view_copy.default | True
[QNN Partitioner Op Support]: aten.view_copy.default | True
[QNN Partitioner Op Support]: aten.view_copy.default | True
[QNN Partitioner Op Support]: aten.permute_copy.default | True
[QNN Partitioner Op Support]: aten.view_copy.default | True
[QNN Partitioner Op Support]: aten.permute_copy.default | True
[QNN Partitioner Op Support]: aten.view_copy.default | True
[QNN Partitioner Op Support]: aten.permute_copy.default | True
[QNN Partitioner Op Support]: aten.view_copy.default | True
[QNN Partitioner Op Support]: aten.view_copy.default | True
[QNN Partitioner Op Support]: aten.linear.default | True
[QNN Partitioner Op Support]: aten.view_copy.default | True
[QNN Partitioner Op Support]: aten.linear.default | True
[QNN Partitioner Op Support]: aten.view_copy.default | True
[QNN Partitioner Op Support]: aten.linear.default | True
[QNN Partitioner Op Support]: aten.split_with_sizes_copy.default | True
[QNN Partitioner Op Support]: aten.cat.default | True
[QNN Partitioner Op Support]: aten.view_copy.default | True
[QNN Partitioner Op Support]: aten.view_copy.default | True
[QNN Partitioner Op Support]: aten.view_copy.default | True
[QNN Partitioner Op Support]: aten.permute_copy.default | True
[QNN Partitioner Op Support]: aten.view_copy.default | True
[QNN Partitioner Op Support]: aten.mul.Tensor | True
[QNN Partitioner Op Support]: aten.view_copy.default | True
[QNN Partitioner Op Support]: aten.add.Tensor | True
[QNN Partitioner Op Support]: aten.mul.Tensor | True
[QNN Partitioner Op Support]: aten.sub.Tensor | True
[QNN Partitioner Op Support]: aten.mul.Tensor | True
[QNN Partitioner Op Support]: aten.split_with_sizes_copy.default | True
[QNN Partitioner Op Support]: aten.sigmoid.default | True
[QNN Partitioner Op Support]: aten.sum.dim_IntList | True
[QNN Partitioner Op Support]: aten.view_copy.default | True
[QNN Partitioner Op Support]: aten.view_copy.default | True
[QNN Partitioner Op Support]: aten.linear.default | True
[QNN Partitioner Op Support]: aten.view_copy.default | True
[QNN Partitioner Op Support]: aten.permute_copy.default | True
[QNN Partitioner Op Support]: aten.view_copy.default | True
[QNN Partitioner Op Support]: aten.native_layer_norm.default | True
[QNN Partitioner Op Support]: aten.add.Tensor | True
[QNN Partitioner Op Support]: aten.view_copy.default | True
[QNN Partitioner Op Support]: aten.linear.default | True
[QNN Partitioner Op Support]: aten.view_copy.default | True
[QNN Partitioner Op Support]: aten.gelu.default | True
[QNN Partitioner Op Support]: aten.view_copy.default | True
[QNN Partitioner Op Support]: aten.linear.default | True
[QNN Partitioner Op Support]: aten.view_copy.default | True
[QNN Partitioner Op Support]: aten.native_layer_norm.default | True
[QNN Partitioner Op Support]: aten.add.Tensor | True
[QNN Partitioner Op Support]: aten.permute_copy.default | True
[QNN Partitioner Op Support]: aten.view_copy.default | True
[QNN Partitioner Op Support]: aten.linear.default | True
[QNN Partitioner Op Support]: aten.view_copy.default | True
[QNN Partitioner Op Support]: aten.permute_copy.default | True
[QNN Partitioner Op Support]: aten.permute_copy.default | True
[QNN Partitioner Op Support]: aten.permute_copy.default | True
[QNN Partitioner Op Support]: aten.view_copy.default | True
[QNN Partitioner Op Support]: aten.bmm.default | True
[QNN Partitioner Op Support]: aten.view_copy.default | True
[QNN Partitioner Op Support]: aten.view_copy.default | True
[QNN Partitioner Op Support]: aten._safe_softmax.default | True
[QNN Partitioner Op Support]: aten.add.Tensor | True
[QNN Partitioner Op Support]: aten.view_copy.default | True
[QNN Partitioner Op Support]: aten.bmm.default | True
[QNN Partitioner Op Support]: aten.view_copy.default | True
[QNN Partitioner Op Support]: aten.view_copy.default | True
[QNN Partitioner Op Support]: aten.mul.Tensor | True
[QNN Partitioner Op Support]: aten.permute_copy.default | True
[QNN Partitioner Op Support]: aten.mul.Tensor | True
[QNN Partitioner Op Support]: aten.view_copy.default | True
[QNN Partitioner Op Support]: aten.view_copy.default | True
[QNN Partitioner Op Support]: aten.view_copy.default | True
[QNN Partitioner Op Support]: aten.view_copy.default | True
[QNN Partitioner Op Support]: aten.permute_copy.default | True
[QNN Partitioner Op Support]: aten.view_copy.default | True
[QNN Partitioner Op Support]: aten.permute_copy.default | True
[QNN Partitioner Op Support]: aten.view_copy.default | True
[QNN Partitioner Op Support]: aten.permute_copy.default | True
[QNN Partitioner Op Support]: aten.view_copy.default | True
[QNN Partitioner Op Support]: aten.view_copy.default | True
[QNN Partitioner Op Support]: aten.linear.default | True
[QNN Partitioner Op Support]: aten.view_copy.default | True
[QNN Partitioner Op Support]: aten.linear.default | True
[QNN Partitioner Op Support]: aten.view_copy.default | True
[QNN Partitioner Op Support]: aten.linear.default | True
[QNN Partitioner Op Support]: aten.split_with_sizes_copy.default | True
[QNN Partitioner Op Support]: aten.cat.default | True
[QNN Partitioner Op Support]: aten.view_copy.default | True
[QNN Partitioner Op Support]: aten.view_copy.default | True
[QNN Partitioner Op Support]: aten.view_copy.default | True
[QNN Partitioner Op Support]: aten.permute_copy.default | True
[QNN Partitioner Op Support]: aten.view_copy.default | True
[QNN Partitioner Op Support]: aten.mul.Tensor | True
[QNN Partitioner Op Support]: aten.view_copy.default | True
[QNN Partitioner Op Support]: aten.add.Tensor | True
[QNN Partitioner Op Support]: aten.mul.Tensor | True
[QNN Partitioner Op Support]: aten.sub.Tensor | True
[QNN Partitioner Op Support]: aten.mul.Tensor | True
[QNN Partitioner Op Support]: aten.split_with_sizes_copy.default | True
[QNN Partitioner Op Support]: aten.sigmoid.default | True
[QNN Partitioner Op Support]: aten.sum.dim_IntList | True
[QNN Partitioner Op Support]: aten.view_copy.default | True
[QNN Partitioner Op Support]: aten.view_copy.default | True
[QNN Partitioner Op Support]: aten.linear.default | True
[QNN Partitioner Op Support]: aten.view_copy.default | True
[QNN Partitioner Op Support]: aten.permute_copy.default | True
[QNN Partitioner Op Support]: aten.view_copy.default | True
[QNN Partitioner Op Support]: aten.native_layer_norm.default | True
[QNN Partitioner Op Support]: aten.add.Tensor | True
[QNN Partitioner Op Support]: aten.view_copy.default | True
[QNN Partitioner Op Support]: aten.linear.default | True
[QNN Partitioner Op Support]: aten.view_copy.default | True
[QNN Partitioner Op Support]: aten.gelu.default | True
[QNN Partitioner Op Support]: aten.view_copy.default | True
[QNN Partitioner Op Support]: aten.linear.default | True
[QNN Partitioner Op Support]: aten.view_copy.default | True
[QNN Partitioner Op Support]: aten.native_layer_norm.default | True
[QNN Partitioner Op Support]: aten.add.Tensor | True
[QNN Partitioner Op Support]: aten.permute_copy.default | True
[QNN Partitioner Op Support]: aten.view_copy.default | True
[QNN Partitioner Op Support]: aten.linear.default | True
[QNN Partitioner Op Support]: aten.view_copy.default | True
[QNN Partitioner Op Support]: aten.permute_copy.default | True
[QNN Partitioner Op Support]: aten.permute_copy.default | True
[QNN Partitioner Op Support]: aten.permute_copy.default | True
[QNN Partitioner Op Support]: aten.view_copy.default | True
[QNN Partitioner Op Support]: aten.bmm.default | True
[QNN Partitioner Op Support]: aten.view_copy.default | True
[QNN Partitioner Op Support]: aten.view_copy.default | True
[QNN Partitioner Op Support]: aten._safe_softmax.default | True
[QNN Partitioner Op Support]: aten.add.Tensor | True
[QNN Partitioner Op Support]: aten.view_copy.default | True
[QNN Partitioner Op Support]: aten.bmm.default | True
[QNN Partitioner Op Support]: aten.view_copy.default | True
[QNN Partitioner Op Support]: aten.view_copy.default | True
[QNN Partitioner Op Support]: aten.mul.Tensor | True
[QNN Partitioner Op Support]: aten.permute_copy.default | True
[QNN Partitioner Op Support]: aten.mul.Tensor | True
[QNN Partitioner Op Support]: aten.view_copy.default | True
[QNN Partitioner Op Support]: aten.view_copy.default | True
[QNN Partitioner Op Support]: aten.view_copy.default | True
[QNN Partitioner Op Support]: aten.view_copy.default | True
[QNN Partitioner Op Support]: aten.permute_copy.default | True
[QNN Partitioner Op Support]: aten.view_copy.default | True
[QNN Partitioner Op Support]: aten.permute_copy.default | True
[QNN Partitioner Op Support]: aten.view_copy.default | True
[QNN Partitioner Op Support]: aten.permute_copy.default | True
[QNN Partitioner Op Support]: aten.view_copy.default | True
[QNN Partitioner Op Support]: aten.view_copy.default | True
[QNN Partitioner Op Support]: aten.linear.default | True
[QNN Partitioner Op Support]: aten.view_copy.default | True
[QNN Partitioner Op Support]: aten.linear.default | True
[QNN Partitioner Op Support]: aten.view_copy.default | True
[QNN Partitioner Op Support]: aten.linear.default | True
[QNN Partitioner Op Support]: aten.split_with_sizes_copy.default | True
[QNN Partitioner Op Support]: aten.cat.default | True
[QNN Partitioner Op Support]: aten.view_copy.default | True
[QNN Partitioner Op Support]: aten.view_copy.default | True
[QNN Partitioner Op Support]: aten.view_copy.default | True
[QNN Partitioner Op Support]: aten.permute_copy.default | True
[QNN Partitioner Op Support]: aten.view_copy.default | True
[QNN Partitioner Op Support]: aten.mul.Tensor | True
[QNN Partitioner Op Support]: aten.view_copy.default | True
[QNN Partitioner Op Support]: aten.add.Tensor | True
[QNN Partitioner Op Support]: aten.mul.Tensor | True
[QNN Partitioner Op Support]: aten.sub.Tensor | True
[QNN Partitioner Op Support]: aten.mul.Tensor | True
[QNN Partitioner Op Support]: aten.split_with_sizes_copy.default | True
[QNN Partitioner Op Support]: aten.sigmoid.default | True
[QNN Partitioner Op Support]: aten.sum.dim_IntList | True
[QNN Partitioner Op Support]: aten.view_copy.default | True
[QNN Partitioner Op Support]: aten.view_copy.default | True
[QNN Partitioner Op Support]: aten.linear.default | True
[QNN Partitioner Op Support]: aten.view_copy.default | True
[QNN Partitioner Op Support]: aten.permute_copy.default | True
[QNN Partitioner Op Support]: aten.view_copy.default | True
[QNN Partitioner Op Support]: aten.native_layer_norm.default | True
[QNN Partitioner Op Support]: aten.add.Tensor | True
[QNN Partitioner Op Support]: aten.view_copy.default | True
[QNN Partitioner Op Support]: aten.linear.default | True
[QNN Partitioner Op Support]: aten.view_copy.default | True
[QNN Partitioner Op Support]: aten.gelu.default | True
[QNN Partitioner Op Support]: aten.view_copy.default | True
[QNN Partitioner Op Support]: aten.linear.default | True
[QNN Partitioner Op Support]: aten.view_copy.default | True
[QNN Partitioner Op Support]: aten.native_layer_norm.default | True
[QNN Partitioner Op Support]: aten.add.Tensor | True
[QNN Partitioner Op Support]: aten.permute_copy.default | True
[QNN Partitioner Op Support]: aten.view_copy.default | True
[QNN Partitioner Op Support]: aten.linear.default | True
[QNN Partitioner Op Support]: aten.view_copy.default | True
[QNN Partitioner Op Support]: aten.permute_copy.default | True
[QNN Partitioner Op Support]: aten.permute_copy.default | True
[QNN Partitioner Op Support]: aten.permute_copy.default | True
[QNN Partitioner Op Support]: aten.view_copy.default | True
[QNN Partitioner Op Support]: aten.bmm.default | True
[QNN Partitioner Op Support]: aten.view_copy.default | True
[QNN Partitioner Op Support]: aten.view_copy.default | True
[QNN Partitioner Op Support]: aten._safe_softmax.default | True
[QNN Partitioner Op Support]: aten.add.Tensor | True
[QNN Partitioner Op Support]: aten.view_copy.default | True
[QNN Partitioner Op Support]: aten.bmm.default | True
[QNN Partitioner Op Support]: aten.view_copy.default | True
[QNN Partitioner Op Support]: aten.view_copy.default | True
[QNN Partitioner Op Support]: aten.mul.Tensor | True
[QNN Partitioner Op Support]: aten.permute_copy.default | True
[QNN Partitioner Op Support]: aten.mul.Tensor | True
[QNN Partitioner Op Support]: aten.view_copy.default | True
[QNN Partitioner Op Support]: aten.view_copy.default | True
[QNN Partitioner Op Support]: aten.view_copy.default | True
[QNN Partitioner Op Support]: aten.view_copy.default | True
[QNN Partitioner Op Support]: aten.permute_copy.default | True
[QNN Partitioner Op Support]: aten.view_copy.default | True
[QNN Partitioner Op Support]: aten.permute_copy.default | True
[QNN Partitioner Op Support]: aten.view_copy.default | True
[QNN Partitioner Op Support]: aten.permute_copy.default | True
[QNN Partitioner Op Support]: aten.view_copy.default | True
[QNN Partitioner Op Support]: aten.view_copy.default | True
[QNN Partitioner Op Support]: aten.linear.default | True
[QNN Partitioner Op Support]: aten.view_copy.default | True
[QNN Partitioner Op Support]: aten.linear.default | True
[QNN Partitioner Op Support]: aten.view_copy.default | True
[QNN Partitioner Op Support]: aten.linear.default | True
[QNN Partitioner Op Support]: aten.split_with_sizes_copy.default | True
[QNN Partitioner Op Support]: aten.cat.default | True
[QNN Partitioner Op Support]: aten.view_copy.default | True
[QNN Partitioner Op Support]: aten.view_copy.default | True
[QNN Partitioner Op Support]: aten.view_copy.default | True
[QNN Partitioner Op Support]: aten.permute_copy.default | True
[QNN Partitioner Op Support]: aten.view_copy.default | True
[QNN Partitioner Op Support]: aten.mul.Tensor | True
[QNN Partitioner Op Support]: aten.view_copy.default | True
[QNN Partitioner Op Support]: aten.add.Tensor | True
[QNN Partitioner Op Support]: aten.mul.Tensor | True
[QNN Partitioner Op Support]: aten.sub.Tensor | True
[QNN Partitioner Op Support]: aten.mul.Tensor | True
[QNN Partitioner Op Support]: aten.split_with_sizes_copy.default | True
[QNN Partitioner Op Support]: aten.sigmoid.default | True
[QNN Partitioner Op Support]: aten.sum.dim_IntList | True
[QNN Partitioner Op Support]: aten.view_copy.default | True
[QNN Partitioner Op Support]: aten.view_copy.default | True
[QNN Partitioner Op Support]: aten.linear.default | True
[QNN Partitioner Op Support]: aten.view_copy.default | True
[QNN Partitioner Op Support]: aten.permute_copy.default | True
[QNN Partitioner Op Support]: aten.view_copy.default | True
[QNN Partitioner Op Support]: aten.native_layer_norm.default | True
[QNN Partitioner Op Support]: aten.add.Tensor | True
[QNN Partitioner Op Support]: aten.view_copy.default | True
[QNN Partitioner Op Support]: aten.linear.default | True
[QNN Partitioner Op Support]: aten.view_copy.default | True
[QNN Partitioner Op Support]: aten.gelu.default | True
[QNN Partitioner Op Support]: aten.view_copy.default | True
[QNN Partitioner Op Support]: aten.linear.default | True
[QNN Partitioner Op Support]: aten.view_copy.default | True
[QNN Partitioner Op Support]: aten.native_layer_norm.default | True
[QNN Partitioner Op Support]: aten.add.Tensor | True
[QNN Partitioner Op Support]: aten.permute_copy.default | True
[QNN Partitioner Op Support]: aten.view_copy.default | True
[QNN Partitioner Op Support]: aten.linear.default | True
[QNN Partitioner Op Support]: aten.view_copy.default | True
[QNN Partitioner Op Support]: aten.permute_copy.default | True
[QNN Partitioner Op Support]: aten.permute_copy.default | True
[QNN Partitioner Op Support]: aten.permute_copy.default | True
[QNN Partitioner Op Support]: aten.view_copy.default | True
[QNN Partitioner Op Support]: aten.bmm.default | True
[QNN Partitioner Op Support]: aten.view_copy.default | True
[QNN Partitioner Op Support]: aten.view_copy.default | True
[QNN Partitioner Op Support]: aten._safe_softmax.default | True
[QNN Partitioner Op Support]: aten.add.Tensor | True
[QNN Partitioner Op Support]: aten.view_copy.default | True
[QNN Partitioner Op Support]: aten.bmm.default | True
[QNN Partitioner Op Support]: aten.view_copy.default | True
[QNN Partitioner Op Support]: aten.view_copy.default | True
[QNN Partitioner Op Support]: aten.mul.Tensor | True
[QNN Partitioner Op Support]: aten.permute_copy.default | True
[QNN Partitioner Op Support]: aten.mul.Tensor | True
[QNN Partitioner Op Support]: aten.view_copy.default | True
[QNN Partitioner Op Support]: aten.view_copy.default | True
[QNN Partitioner Op Support]: aten.view_copy.default | True
[QNN Partitioner Op Support]: aten.view_copy.default | True
[QNN Partitioner Op Support]: aten.permute_copy.default | True
[QNN Partitioner Op Support]: aten.view_copy.default | True
[QNN Partitioner Op Support]: aten.permute_copy.default | True
[QNN Partitioner Op Support]: aten.view_copy.default | True
[QNN Partitioner Op Support]: aten.permute_copy.default | True
[QNN Partitioner Op Support]: aten.view_copy.default | True
[QNN Partitioner Op Support]: aten.view_copy.default | True
[QNN Partitioner Op Support]: aten.linear.default | True
[QNN Partitioner Op Support]: aten.view_copy.default | True
[QNN Partitioner Op Support]: aten.linear.default | True
[QNN Partitioner Op Support]: aten.view_copy.default | True
[QNN Partitioner Op Support]: aten.linear.default | True
[QNN Partitioner Op Support]: aten.split_with_sizes_copy.default | True
[QNN Partitioner Op Support]: aten.cat.default | True
[QNN Partitioner Op Support]: aten.view_copy.default | True
[QNN Partitioner Op Support]: aten.view_copy.default | True
[QNN Partitioner Op Support]: aten.view_copy.default | True
[QNN Partitioner Op Support]: aten.permute_copy.default | True
[QNN Partitioner Op Support]: aten.view_copy.default | True
[QNN Partitioner Op Support]: aten.mul.Tensor | True
[QNN Partitioner Op Support]: aten.view_copy.default | True
[QNN Partitioner Op Support]: aten.add.Tensor | True
[QNN Partitioner Op Support]: aten.mul.Tensor | True
[QNN Partitioner Op Support]: aten.sub.Tensor | True
[QNN Partitioner Op Support]: aten.mul.Tensor | True
[QNN Partitioner Op Support]: aten.split_with_sizes_copy.default | True
[QNN Partitioner Op Support]: aten.sigmoid.default | True
[QNN Partitioner Op Support]: aten.sum.dim_IntList | True
[QNN Partitioner Op Support]: aten.view_copy.default | True
[QNN Partitioner Op Support]: aten.view_copy.default | True
[QNN Partitioner Op Support]: aten.linear.default | True
[QNN Partitioner Op Support]: aten.view_copy.default | True
[QNN Partitioner Op Support]: aten.permute_copy.default | True
[QNN Partitioner Op Support]: aten.view_copy.default | True
[QNN Partitioner Op Support]: aten.native_layer_norm.default | True
[QNN Partitioner Op Support]: aten.add.Tensor | True
[QNN Partitioner Op Support]: aten.view_copy.default | True
[QNN Partitioner Op Support]: aten.linear.default | True
[QNN Partitioner Op Support]: aten.view_copy.default | True
[QNN Partitioner Op Support]: aten.gelu.default | True
[QNN Partitioner Op Support]: aten.view_copy.default | True
[QNN Partitioner Op Support]: aten.linear.default | True
[QNN Partitioner Op Support]: aten.view_copy.default | True
[QNN Partitioner Op Support]: aten.native_layer_norm.default | True
[QNN Partitioner Op Support]: aten.add.Tensor | True
[QNN Partitioner Op Support]: aten.permute_copy.default | True
[QNN Partitioner Op Support]: aten.view_copy.default | True
[QNN Partitioner Op Support]: aten.linear.default | True
[QNN Partitioner Op Support]: aten.view_copy.default | True
[QNN Partitioner Op Support]: aten.permute_copy.default | True
[QNN Partitioner Op Support]: aten.permute_copy.default | True
[QNN Partitioner Op Support]: aten.permute_copy.default | True
[QNN Partitioner Op Support]: aten.view_copy.default | True
[QNN Partitioner Op Support]: aten.bmm.default | True
[QNN Partitioner Op Support]: aten.view_copy.default | True
[QNN Partitioner Op Support]: aten.view_copy.default | True
[QNN Partitioner Op Support]: aten._safe_softmax.default | True
[QNN Partitioner Op Support]: aten.add.Tensor | True
[QNN Partitioner Op Support]: aten.view_copy.default | True
[QNN Partitioner Op Support]: aten.bmm.default | True
[QNN Partitioner Op Support]: aten.view_copy.default | True
[QNN Partitioner Op Support]: aten.view_copy.default | True
[QNN Partitioner Op Support]: aten.mul.Tensor | True
[QNN Partitioner Op Support]: aten.permute_copy.default | True
[QNN Partitioner Op Support]: aten.mul.Tensor | True
[QNN Partitioner Op Support]: aten.view_copy.default | True
[QNN Partitioner Op Support]: aten.view_copy.default | True
[QNN Partitioner Op Support]: aten.view_copy.default | True
[QNN Partitioner Op Support]: aten.view_copy.default | True
[QNN Partitioner Op Support]: aten.permute_copy.default | True
[QNN Partitioner Op Support]: aten.view_copy.default | True
[QNN Partitioner Op Support]: aten.permute_copy.default | True
[QNN Partitioner Op Support]: aten.view_copy.default | True
[QNN Partitioner Op Support]: aten.permute_copy.default | True
[QNN Partitioner Op Support]: aten.view_copy.default | True
[QNN Partitioner Op Support]: aten.view_copy.default | True
[QNN Partitioner Op Support]: aten.linear.default | True
[QNN Partitioner Op Support]: aten.view_copy.default | True
[QNN Partitioner Op Support]: aten.linear.default | True
[QNN Partitioner Op Support]: aten.view_copy.default | True
[QNN Partitioner Op Support]: aten.linear.default | True
[QNN Partitioner Op Support]: aten.split_with_sizes_copy.default | True
[QNN Partitioner Op Support]: aten.cat.default | True
[QNN Partitioner Op Support]: aten.view_copy.default | True
[QNN Partitioner Op Support]: aten.view_copy.default | True
[QNN Partitioner Op Support]: aten.view_copy.default | True
[QNN Partitioner Op Support]: aten.permute_copy.default | True
[QNN Partitioner Op Support]: aten.view_copy.default | True
[QNN Partitioner Op Support]: aten.mul.Tensor | True
[QNN Partitioner Op Support]: aten.view_copy.default | True
[QNN Partitioner Op Support]: aten.add.Tensor | True
[QNN Partitioner Op Support]: aten.mul.Tensor | True
[QNN Partitioner Op Support]: aten.sub.Tensor | True
[QNN Partitioner Op Support]: aten.mul.Tensor | True
[QNN Partitioner Op Support]: aten.split_with_sizes_copy.default | True
[QNN Partitioner Op Support]: aten.sigmoid.default | True
[QNN Partitioner Op Support]: aten.sum.dim_IntList | True
[QNN Partitioner Op Support]: aten.view_copy.default | True
[QNN Partitioner Op Support]: aten.view_copy.default | True
[QNN Partitioner Op Support]: aten.linear.default | True
[QNN Partitioner Op Support]: aten.view_copy.default | True
[QNN Partitioner Op Support]: aten.permute_copy.default | True
[QNN Partitioner Op Support]: aten.view_copy.default | True
[QNN Partitioner Op Support]: aten.native_layer_norm.default | True
[QNN Partitioner Op Support]: aten.add.Tensor | True
[QNN Partitioner Op Support]: aten.view_copy.default | True
[QNN Partitioner Op Support]: aten.linear.default | True
[QNN Partitioner Op Support]: aten.view_copy.default | True
[QNN Partitioner Op Support]: aten.gelu.default | True
[QNN Partitioner Op Support]: aten.view_copy.default | True
[QNN Partitioner Op Support]: aten.linear.default | True
[QNN Partitioner Op Support]: aten.view_copy.default | True
[QNN Partitioner Op Support]: aten.native_layer_norm.default | True
[QNN Partitioner Op Support]: aten.add.Tensor | True
[QNN Partitioner Op Support]: aten.permute_copy.default | True
[QNN Partitioner Op Support]: aten.view_copy.default | True
[QNN Partitioner Op Support]: aten.linear.default | True
[QNN Partitioner Op Support]: aten.view_copy.default | True
[QNN Partitioner Op Support]: aten.permute_copy.default | True
[QNN Partitioner Op Support]: aten.permute_copy.default | True
[QNN Partitioner Op Support]: aten.permute_copy.default | True
[QNN Partitioner Op Support]: aten.view_copy.default | True
[QNN Partitioner Op Support]: aten.bmm.default | True
[QNN Partitioner Op Support]: aten.view_copy.default | True
[QNN Partitioner Op Support]: aten.view_copy.default | True
[QNN Partitioner Op Support]: aten._safe_softmax.default | True
[QNN Partitioner Op Support]: aten.add.Tensor | True
[QNN Partitioner Op Support]: aten.view_copy.default | True
[QNN Partitioner Op Support]: aten.bmm.default | True
[QNN Partitioner Op Support]: aten.view_copy.default | True
[QNN Partitioner Op Support]: aten.view_copy.default | True
[QNN Partitioner Op Support]: aten.mul.Tensor | True
[QNN Partitioner Op Support]: aten.permute_copy.default | True
[QNN Partitioner Op Support]: aten.mul.Tensor | True
[QNN Partitioner Op Support]: aten.view_copy.default | True
[QNN Partitioner Op Support]: aten.view_copy.default | True
[QNN Partitioner Op Support]: aten.view_copy.default | True
[QNN Partitioner Op Support]: aten.view_copy.default | True
[QNN Partitioner Op Support]: aten.permute_copy.default | True
[QNN Partitioner Op Support]: aten.view_copy.default | True
[QNN Partitioner Op Support]: aten.permute_copy.default | True
[QNN Partitioner Op Support]: aten.view_copy.default | True
[QNN Partitioner Op Support]: aten.permute_copy.default | True
[QNN Partitioner Op Support]: aten.view_copy.default | True
[QNN Partitioner Op Support]: aten.view_copy.default | True
[QNN Partitioner Op Support]: aten.linear.default | True
[QNN Partitioner Op Support]: aten.view_copy.default | True
[QNN Partitioner Op Support]: aten.linear.default | True
[QNN Partitioner Op Support]: aten.view_copy.default | True
[QNN Partitioner Op Support]: aten.linear.default | True
[QNN Partitioner Op Support]: aten.split_with_sizes_copy.default | True
[QNN Partitioner Op Support]: aten.cat.default | True
[QNN Partitioner Op Support]: aten.view_copy.default | True
[QNN Partitioner Op Support]: aten.view_copy.default | True
[QNN Partitioner Op Support]: aten.view_copy.default | True
[QNN Partitioner Op Support]: aten.permute_copy.default | True
[QNN Partitioner Op Support]: aten.view_copy.default | True
[QNN Partitioner Op Support]: aten.mul.Tensor | True
[QNN Partitioner Op Support]: aten.view_copy.default | True
[QNN Partitioner Op Support]: aten.add.Tensor | True
[QNN Partitioner Op Support]: aten.mul.Tensor | True
[QNN Partitioner Op Support]: aten.sub.Tensor | True
[QNN Partitioner Op Support]: aten.mul.Tensor | True
[QNN Partitioner Op Support]: aten.split_with_sizes_copy.default | True
[QNN Partitioner Op Support]: aten.sigmoid.default | True
[QNN Partitioner Op Support]: aten.sum.dim_IntList | True
[QNN Partitioner Op Support]: aten.view_copy.default | True
[QNN Partitioner Op Support]: aten.view_copy.default | True
[QNN Partitioner Op Support]: aten.linear.default | True[ERROR] [Qnn ExecuTorch]:  <E> QnnBackend_validateOpConfig failed 3110

[ERROR] [Qnn ExecuTorch]:  <E> Failed to validate op aten_minimum_default with error 0xc26

[WARNING] [Qnn ExecuTorch]: Qnn Backend op validation failed with error: 3110
[ERROR] [Qnn ExecuTorch]:  <E> QnnBackend_validateOpConfig failed 3110

[ERROR] [Qnn ExecuTorch]:  <E> Failed to validate op aten_abs_default with error 0xc26

[WARNING] [Qnn ExecuTorch]: Qnn Backend op validation failed with error: 3110

[QNN Partitioner Op Support]: aten.view_copy.default | True
[QNN Partitioner Op Support]: aten.permute_copy.default | True
[QNN Partitioner Op Support]: aten.view_copy.default | True
[QNN Partitioner Op Support]: aten.view_copy.default | True
[QNN Partitioner Op Support]: aten.unsqueeze_copy.default | True
[QNN Partitioner Op Support]: aten.permute_copy.default | True
[QNN Partitioner Op Support]: aten.embedding.default | True
[QNN Partitioner Op Support]: aten.add.Tensor | True
[QNN Partitioner Op Support]: aten.where.self | True
[QNN Partitioner Op Support]: aten.minimum.default | False
[QNN Partitioner Op Support]: aten._to_copy.default | True
[QNN Partitioner Op Support]: dim_order_ops._to_dim_order_copy.default | True
[QNN Partitioner Op Support]: aten.add.Tensor | True
[QNN Partitioner Op Support]: aten.mul.Tensor | True
[QNN Partitioner Op Support]: aten.div.Tensor | True
[QNN Partitioner Op Support]: aten.log.default | True
[QNN Partitioner Op Support]: aten.div.Tensor | True
[QNN Partitioner Op Support]: dim_order_ops._to_dim_order_copy.default | True
[QNN Partitioner Op Support]: aten.lt.Tensor | True
[QNN Partitioner Op Support]: aten.abs.default | False
[QNN Partitioner Op Support]: aten.mul.Tensor | True
[QNN Partitioner Op Support]: aten._to_copy.default | True
[QNN Partitioner Op Support]: dim_order_ops._to_dim_order_copy.default | True
[QNN Partitioner Op Support]: aten.gt.Tensor | True
[QNN Partitioner Op Support]: aten.sub.Tensor | True
[QNN Partitioner Op Support]: aten.unsqueeze_copy.default | True
[QNN Partitioner Op Support]: aten._to_copy.default | True
[QNN Partitioner Op Support]: aten.arange.start_step | Skipped
[QNN Partitioner Op Support]: aten.unsqueeze_copy.default | True
[QNN Partitioner Op Support]: aten._to_copy.default | True
[QNN Partitioner Op Support]: aten.arange.start_step | Skipped
[QNN Partitioner Op Support]: aten.native_layer_norm.default | True
[QNN Partitioner Op Support]: aten.add.Tensor | True
[QNN Partitioner Op Support]: aten.permute_copy.default | True
[QNN Partitioner Op Support]: aten.gelu.default | True
[QNN Partitioner Op Support]: aten.slice_copy.Tensor | True
[QNN Partitioner Op Support]: aten.squeeze_copy.dims | True
[QNN Partitioner Op Support]: aten.convolution.default | True
[QNN Partitioner Op Support]: aten.unsqueeze_copy.default | True
[QNN Partitioner Op Support]: aten.permute_copy.default | True
[QNN Partitioner Op Support]: aten.view_copy.default | True
[QNN Partitioner Op Support]: aten.linear.default | True
[QNN Partitioner Op Support]: aten.view_copy.default | True
[QNN Partitioner Op Support]: aten.native_layer_norm.default | True
[QNN Partitioner Op Support]: aten.permute_copy.default | True
[QNN Partitioner Op Support]: aten.gelu.default | True
[QNN Partitioner Op Support]: aten.permute_copy.default | True
[QNN Partitioner Op Support]: aten.native_layer_norm.default | True
[QNN Partitioner Op Support]: aten.permute_copy.default | True
[QNN Partitioner Op Support]: aten.squeeze_copy.dims | True
[QNN Partitioner Op Support]: aten.convolution.default | True
[QNN Partitioner Op Support]: aten.unsqueeze_copy.default | True
[QNN Partitioner Op Support]: aten.gelu.default | True
[QNN Partitioner Op Support]: aten.permute_copy.default | True
[QNN Partitioner Op Support]: aten.native_layer_norm.default | True
[QNN Partitioner Op Support]: aten.permute_copy.default | True
[QNN Partitioner Op Support]: aten.squeeze_copy.dims | True
[QNN Partitioner Op Support]: aten.convolution.default | True
[QNN Partitioner Op Support]: aten.unsqueeze_copy.default | True
[QNN Partitioner Op Support]: aten.gelu.default | True
[QNN Partitioner Op Support]: aten.permute_copy.default | True
[QNN Partitioner Op Support]: aten.native_layer_norm.default | True
[QNN Partitioner Op Support]: aten.permute_copy.default | True
[QNN Partitioner Op Support]: aten.squeeze_copy.dims | True
[QNN Partitioner Op Support]: aten.convolution.default | True
[QNN Partitioner Op Support]: aten.unsqueeze_copy.default | True
[QNN Partitioner Op Support]: aten.gelu.default | True
[QNN Partitioner Op Support]: aten.permute_copy.default | True
[QNN Partitioner Op Support]: aten.native_layer_norm.default | True
[QNN Partitioner Op Support]: aten.permute_copy.default | True
[QNN Partitioner Op Support]: aten.squeeze_copy.dims | True
[QNN Partitioner Op Support]: aten.convolution.default | True
[QNN Partitioner Op Support]: aten.unsqueeze_copy.default | True
[QNN Partitioner Op Support]: aten.gelu.default | True
[QNN Partitioner Op Support]: aten.permute_copy.default | True
[QNN Partitioner Op Support]: aten.native_layer_norm.default | True
[QNN Partitioner Op Support]: aten.permute_copy.default | True
[QNN Partitioner Op Support]: aten.squeeze_copy.dims | True
[QNN Partitioner Op Support]: aten.convolution.default | True
[QNN Partitioner Op Support]: aten.unsqueeze_copy.default | True
[QNN Partitioner Op Support]: aten.gelu.default | True
[QNN Partitioner Op Support]: aten.permute_copy.default | True
[QNN Partitioner Op Support]: aten.native_layer_norm.default | True
[QNN Partitioner Op Support]: aten.permute_copy.default | True
[QNN Partitioner Op Support]: aten.squeeze_copy.dims | True
[QNN Partitioner Op Support]: aten.convolution.default | True
[QNN Partitioner Op Support]: aten.unsqueeze_copy.default | True
[QNN Partitioner Op Support]: aten.gelu.default | True
[QNN Partitioner Op Support]: aten.permute_copy.default | True
[QNN Partitioner Op Support]: aten.native_layer_norm.default | True
[QNN Partitioner Op Support]: aten.permute_copy.default | True
[QNN Partitioner Op Support]: aten.squeeze_copy.dims | True
[QNN Partitioner Op Support]: aten.convolution.default | True
[QNN Partitioner Op Support]: aten.unsqueeze_copy.default | True
[QNN Partitioner Op Support]: aten.unsqueeze_copy.default | True
[QNN Partitioner Op Support]: aten.div.Tensor | True
[QNN Partitioner Op Support]: aten.add.Tensor | True
[QNN Partitioner Op Support]: aten.sqrt.default | True
[QNN Partitioner Op Support]: aten.mean.dim | True
[QNN Partitioner Op Support]: aten.mul.Tensor | True
[QNN Partitioner Op Support]: aten.sub.Tensor | True
[QNN Partitioner Op Support]: aten.mean.dim | True
[QNN Partitioner Op Support]: aten.view_copy.default | True
[QNN Partitioner Op Support]: aten.view_copy.default | True
[QNN Partitioner Op Support]: aten.view_copy.default | True
[QNN Partitioner Op Support]: aten.view_copy.default | True
[QNN Partitioner Op Support]: aten.view_copy.default | True
[QNN Partitioner Op Support]: aten.view_copy.default | True
[QNN Partitioner Op Support]: aten.view_copy.default | True
[QNN Partitioner Op Support]: aten.view_copy.default | True
[QNN Partitioner Op Support]: aten.view_copy.default | True
[QNN Partitioner Op Support]: aten.view_copy.default | True
[QNN Partitioner Op Support]: aten.view_copy.default | True
[QNN Partitioner Op Support]: aten.view_copy.default | True
[QNN Partitioner Op Support]: aten.view_copy.default | True
[QNN Partitioner Op Support]: aten.view_copy.default | True
[QNN Partitioner Op Support]: aten.view_copy.default | True
[QNN Partitioner Op Support]: aten.view_copy.default | True
[QNN Partitioner Op Support]: aten.view_copy.default | True
[QNN Partitioner Op Support]: aten.view_copy.default | True
[QNN Partitioner Op Support]: aten.view_copy.default | True
[QNN Partitioner Op Support]: aten.view_copy.default | True
[QNN Partitioner Op Support]: aten.view_copy.default | True
[QNN Partitioner Op Support]: aten.view_copy.default | True
[QNN Partitioner Op Support]: aten.view_copy.default | True
[QNN Partitioner Op Support]: aten.view_copy.default | True
[QNN Partitioner Op Support]: aten.view_copy.default | True
[QNN Partitioner Op Support]: aten.view_copy.default | True
[QNN Partitioner Op Support]: aten.view_copy.default | True
[QNN Partitioner Op Support]: aten.view_copy.default | True
[QNN Partitioner Op Support]: aten.view_copy.default | True
[QNN Partitioner Op Support]: aten.view_copy.default | True
[QNN Partitioner Op Support]: aten.view_copy.default | True
[QNN Partitioner Op Support]: aten.view_copy.default | True
[QNN Partitioner Op Support]: aten.view_copy.default | True
[QNN Partitioner Op Support]: aten.view_copy.default | True[INFO 2026-06-27 10:56:26,944 qnn_partitioner.py:202] Qnn partitioner will delegate torch mutable buffer with the same I/O address during the runtime, so if your model contains mutable buffer, then you can get the better performance with skip_mutable_buffer=False. If you encounter accuracy issue during the runtime, then please set `skip_mutable_buffer=True` and try again.
/usr/local/lib/python3.11/copyreg.py:105: FutureWarning: `isinstance(treespec, LeafSpec)` is deprecated, use `isinstance(treespec, TreeSpec) and treespec.is_leaf()` instead.
  return cls.__new__(cls, *args)
[INFO] [Qnn ExecuTorch]: Initialize Qnn backend parameters for Qnn executorch backend type 2
[INFO] [Qnn ExecuTorch]: Caching: Caching is in SAVE MODE.
[INFO] [Qnn ExecuTorch]: Running level=3 optimization.
[INFO 2026-06-27 10:56:28,044 qnn_preprocess.py:172] Processing Method(0): (1/3)
[INFO 2026-06-27 10:56:28,051 qnn_preprocess.py:68] Visiting: aten__to_copy_default_3, aten._to_copy.default
[INFO 2026-06-27 10:56:28,051 qnn_preprocess.py:68] Visiting: aten__to_copy_default_4, aten._to_copy.default
[INFO 2026-06-27 10:56:28,051 qnn_preprocess.py:68] Visiting: aten_unsqueeze_copy_default_9, aten.unsqueeze_copy.default
[INFO 2026-06-27 10:56:28,052 qnn_preprocess.py:68] Visiting: aten_unsqueeze_copy_default_10, aten.unsqueeze_copy.default
[INFO 2026-06-27 10:56:28,052 qnn_preprocess.py:68] Visiting: aten_sub_tensor_1, aten.sub.Tensor

====== DDR bandwidth summary ======
spill_bytes=0
fill_bytes=0
write_total_bytes=96256
read_total_bytes=4096

[INFO] [Qnn ExecuTorch]: Destroy Qnn context
[INFO] [Qnn ExecuTorch]: Initialize Qnn backend parameters for Qnn executorch backend type 2
[INFO] [Qnn ExecuTorch]: Caching: Caching is in SAVE MODE.
[INFO] [Qnn ExecuTorch]: Running level=3 optimization.
[INFO 2026-06-27 10:56:28,174 qnn_preprocess.py:172] Processing Method(0): (2/3)
[INFO 2026-06-27 10:56:28,185 qnn_preprocess.py:68] Visiting: dim_order_ops__to_dim_order_copy_default_1, dim_order_ops._to_dim_order_copy.default
[INFO 2026-06-27 10:56:28,185 qnn_preprocess.py:68] Visiting: aten_view_copy_default_2, aten.view_copy.default
[INFO 2026-06-27 10:56:28,185 qnn_preprocess.py:68] Visiting: aten_view_copy_default_3, aten.view_copy.default
[INFO 2026-06-27 10:56:28,185 qnn_preprocess.py:68] Visiting: aten_view_copy_default_4, aten.view_copy.default
[INFO 2026-06-27 10:56:28,186 qnn_preprocess.py:68] Visiting: aten_view_copy_default_5, aten.view_copy.default
[INFO 2026-06-27 10:56:28,186 qnn_preprocess.py:68] Visiting: aten_div_tensor_1, aten.div.Tensor
[INFO 2026-06-27 10:56:28,186 qnn_preprocess.py:68] Visiting: aten_log_default, aten.log.default
[INFO 2026-06-27 10:56:28,186 qnn_preprocess.py:68] Visiting: aten_div_tensor_2, aten.div.Tensor
[INFO 2026-06-27 10:56:28,186 qnn_preprocess.py:68] Visiting: aten_mul_tensor_2, aten.mul.Tensor
[INFO 2026-06-27 10:56:28,186 qnn_preprocess.py:68] Visiting: aten_add_tensor_2, aten.add.Tensor
[INFO 2026-06-27 10:56:28,186 qnn_preprocess.py:68] Visiting: aten__to_copy_default_6, aten._to_copy.default
[INFO 2026-06-27 10:56:28,186 qnn_preprocess.py:68] Visiting: aten_full_like_default, aten.full_like.default

====== DDR bandwidth summary ======
spill_bytes=0
fill_bytes=0
write_total_bytes=92160
read_total_bytes=90112

[INFO] [Qnn ExecuTorch]: Destroy Qnn context
[INFO] [Qnn ExecuTorch]: Initialize Qnn backend parameters for Qnn executorch backend type 2
[INFO] [Qnn ExecuTorch]: Caching: Caching is in SAVE MODE.
[INFO] [Qnn ExecuTorch]: Running level=3 optimization.
[INFO 2026-06-27 10:56:28,203 qnn_preprocess.py:172] Processing Method(0): (3/3)
[INFO 2026-06-27 10:56:29,065 qnn_preprocess.py:68] Visiting: aten_mean_dim, aten.mean.dim
[INFO 2026-06-27 10:56:29,066 qnn_preprocess.py:68] Visiting: aten_cat_default, aten.cat.default
[INFO 2026-06-27 10:56:29,069 qnn_preprocess.py:68] Visiting: aten_cat_default_1, aten.cat.default
[INFO 2026-06-27 10:56:29,072 qnn_preprocess.py:68] Visiting: aten_cat_default_2, aten.cat.default
[INFO 2026-06-27 10:56:29,075 qnn_preprocess.py:68] Visiting: aten_cat_default_3, aten.cat.default
[INFO 2026-06-27 10:56:29,079 qnn_preprocess.py:68] Visiting: aten_cat_default_4, aten.cat.default
[INFO 2026-06-27 10:56:29,082 qnn_preprocess.py:68] Visiting: aten_cat_default_5, aten.cat.default
[INFO 2026-06-27 10:56:29,085 qnn_preprocess.py:68] Visiting: aten_cat_default_6, aten.cat.default
[INFO 2026-06-27 10:56:29,088 qnn_preprocess.py:68] Visiting: aten_cat_default_7, aten.cat.default
[INFO 2026-06-27 10:56:29,091 qnn_preprocess.py:68] Visiting: aten_cat_default_8, aten.cat.default
[INFO 2026-06-27 10:56:29,094 qnn_preprocess.py:68] Visiting: aten_cat_default_9, aten.cat.default
[INFO 2026-06-27 10:56:29,097 qnn_preprocess.py:68] Visiting: aten_cat_default_10, aten.cat.default
[INFO 2026-06-27 10:56:29,100 qnn_preprocess.py:68] Visiting: aten_cat_default_11, aten.cat.default
[INFO 2026-06-27 10:56:29,103 qnn_preprocess.py:68] Visiting: aten_cat_default_12, aten.cat.default
[INFO 2026-06-27 10:56:29,106 qnn_preprocess.py:68] Visiting: aten_cat_default_13, aten.cat.default
[INFO 2026-06-27 10:56:29,109 qnn_preprocess.py:68] Visiting: aten_cat_default_14, aten.cat.default
[INFO 2026-06-27 10:56:29,112 qnn_preprocess.py:68] Visiting: aten_cat_default_15, aten.cat.default
[INFO 2026-06-27 10:56:29,115 qnn_preprocess.py:68] Visiting: aten_cat_default_16, aten.cat.default
[INFO 2026-06-27 10:56:29,118 qnn_preprocess.py:68] Visiting: aten_cat_default_17, aten.cat.default
[INFO 2026-06-27 10:56:29,121 qnn_preprocess.py:68] Visiting: aten_cat_default_18, aten.cat.default
[INFO 2026-06-27 10:56:29,124 qnn_preprocess.py:68] Visiting: aten_cat_default_19, aten.cat.default
[INFO 2026-06-27 10:56:29,127 qnn_preprocess.py:68] Visiting: aten_cat_default_20, aten.cat.default
[INFO 2026-06-27 10:56:29,130 qnn_preprocess.py:68] Visiting: aten_cat_default_21, aten.cat.default
[INFO 2026-06-27 10:56:29,133 qnn_preprocess.py:68] Visiting: aten_cat_default_22, aten.cat.default
[INFO 2026-06-27 10:56:29,137 qnn_preprocess.py:68] Visiting: aten_cat_default_23, aten.cat.default
[INFO 2026-06-27 10:56:29,140 qnn_preprocess.py:68] Visiting: aten_view_copy_default, aten.view_copy.default
[INFO 2026-06-27 10:56:29,141 qnn_preprocess.py:68] Visiting: aten__to_copy_default, aten._to_copy.default
[INFO 2026-06-27 10:56:29,143 qnn_preprocess.py:68] Visiting: aten__to_copy_default_1, aten._to_copy.default
[INFO 2026-06-27 10:56:29,144 qnn_preprocess.py:68] Visiting: aten__to_copy_default_2, aten._to_copy.default
[INFO 2026-06-27 10:56:29,146 qnn_preprocess.py:68] Visiting: aten_view_copy_default_6, aten.view_copy.default
[INFO 2026-06-27 10:56:29,147 qnn_preprocess.py:68] Visiting: aten_view_copy_default_7, aten.view_copy.default
[INFO 2026-06-27 10:56:29,149 qnn_preprocess.py:68] Visiting: aten_view_copy_default_8, aten.view_copy.default
[INFO 2026-06-27 10:56:29,150 qnn_preprocess.py:68] Visiting: aten_view_copy_default_9, aten.view_copy.default
[INFO 2026-06-27 10:56:29,151 qnn_preprocess.py:68] Visiting: aten_view_copy_default_10, aten.view_copy.default
[INFO 2026-06-27 10:56:29,153 qnn_preprocess.py:68] Visiting: aten_view_copy_default_11, aten.view_copy.default
[INFO 2026-06-27 10:56:29,154 qnn_preprocess.py:68] Visiting: aten_view_copy_default_12, aten.view_copy.default
[INFO 2026-06-27 10:56:29,156 qnn_preprocess.py:68] Visiting: aten_view_copy_default_13, aten.view_copy.default
[INFO 2026-06-27 10:56:29,157 qnn_preprocess.py:68] Visiting: aten_view_copy_default_14, aten.view_copy.default
[INFO 2026-06-27 10:56:29,158 qnn_preprocess.py:68] Visiting: aten_view_copy_default_15, aten.view_copy.default
[INFO 2026-06-27 10:56:29,160 qnn_preprocess.py:68] Visiting: aten_view_copy_default_16, aten.view_copy.default
[INFO 2026-06-27 10:56:29,161 qnn_preprocess.py:68] Visiting: aten_view_copy_default_17, aten.view_copy.default
[INFO 2026-06-27 10:56:29,163 qnn_preprocess.py:68] Visiting: aten_view_copy_default_18, aten.view_copy.default
[INFO 2026-06-27 10:56:29,164 qnn_preprocess.py:68] Visiting: aten_view_copy_default_19, aten.view_copy.default
[INFO 2026-06-27 10:56:29,165 qnn_preprocess.py:68] Visiting: aten_view_copy_default_20, aten.view_copy.default
[INFO 2026-06-27 10:56:29,167 qnn_preprocess.py:68] Visiting: aten_view_copy_default_21, aten.view_copy.default
[INFO 2026-06-27 10:56:29,168 qnn_preprocess.py:68] Visiting: aten_view_copy_default_22, aten.view_copy.default
[INFO 2026-06-27 10:56:29,170 qnn_preprocess.py:68] Visiting: aten_view_copy_default_23, aten.view_copy.default
[INFO 2026-06-27 10:56:29,171 qnn_preprocess.py:68] Visiting: aten_view_copy_default_24, aten.view_copy.default
[INFO 2026-06-27 10:56:29,172 qnn_preprocess.py:68] Visiting: aten_view_copy_default_25, aten.view_copy.default
[INFO 2026-06-27 10:56:29,174 qnn_preprocess.py:68] Visiting: aten_view_copy_default_26, aten.view_copy.default
[INFO 2026-06-27 10:56:29,175 qnn_preprocess.py:68] Visiting: aten_view_copy_default_27, aten.view_copy.default
[INFO 2026-06-27 10:56:29,177 qnn_preprocess.py:68] Visiting: aten_view_copy_default_28, aten.view_copy.default
[INFO 2026-06-27 10:56:29,178 qnn_preprocess.py:68] Visiting: aten_view_copy_default_29, aten.view_copy.default
[INFO 2026-06-27 10:56:29,179 qnn_preprocess.py:68] Visiting: aten_view_copy_default_30, aten.view_copy.default
[INFO 2026-06-27 10:56:29,181 qnn_preprocess.py:68] Visiting: aten_view_copy_default_31, aten.view_copy.default
[INFO 2026-06-27 10:56:29,182 qnn_preprocess.py:68] Visiting: aten_view_copy_default_32, aten.view_copy.default
[INFO 2026-06-27 10:56:29,184 qnn_preprocess.py:68] Visiting: aten_view_copy_default_33, aten.view_copy.default
[INFO 2026-06-27 10:56:29,185 qnn_preprocess.py:68] Visiting: aten_view_copy_default_34, aten.view_copy.default
[INFO 2026-06-27 10:56:29,186 qnn_preprocess.py:68] Visiting: aten_view_copy_default_35, aten.view_copy.default
[INFO 2026-06-27 10:56:29,188 qnn_preprocess.py:68] Visiting: aten_view_copy_default_36, aten.view_copy.default
[INFO 2026-06-27 10:56:29,189 qnn_preprocess.py:68] Visiting: aten_view_copy_default_37, aten.view_copy.default
[INFO 2026-06-27 10:56:29,191 qnn_preprocess.py:68] Visiting: aten_view_copy_default_38, aten.view_copy.default
[INFO 2026-06-27 10:56:29,192 qnn_preprocess.py:68] Visiting: aten_view_copy_default_39, aten.view_copy.default
[INFO 2026-06-27 10:56:29,194 qnn_preprocess.py:68] Visiting: aten_view_copy_default_40, aten.view_copy.default
[INFO 2026-06-27 10:56:29,195 qnn_preprocess.py:68] Visiting: aten_view_copy_default_41, aten.view_copy.default
[INFO 2026-06-27 10:56:29,196 qnn_preprocess.py:68] Visiting: aten_view_copy_default_42, aten.view_copy.default
[INFO 2026-06-27 10:56:29,198 qnn_preprocess.py:68] Visiting: aten_view_copy_default_43, aten.view_copy.default
[INFO 2026-06-27 10:56:29,199 qnn_preprocess.py:68] Visiting: aten_view_copy_default_44, aten.view_copy.default
[INFO 2026-06-27 10:56:29,201 qnn_preprocess.py:68] Visiting: aten_view_copy_default_45, aten.view_copy.default
[INFO 2026-06-27 10:56:29,202 qnn_preprocess.py:68] Visiting: aten_view_copy_default_46, aten.view_copy.default
[INFO 2026-06-27 10:56:29,203 qnn_preprocess.py:68] Visiting: aten_view_copy_default_47, aten.view_copy.default
[INFO 2026-06-27 10:56:29,205 qnn_preprocess.py:68] Visiting: aten_view_copy_default_48, aten.view_copy.default
[INFO 2026-06-27 10:56:29,206 qnn_preprocess.py:68] Visiting: aten_view_copy_default_49, aten.view_copy.default
[INFO 2026-06-27 10:56:29,208 qnn_preprocess.py:68] Visiting: aten_view_copy_default_50, aten.view_copy.default
[INFO 2026-06-27 10:56:29,209 qnn_preprocess.py:68] Visiting: aten_view_copy_default_51, aten.view_copy.default
[INFO 2026-06-27 10:56:29,210 qnn_preprocess.py:68] Visiting: aten_view_copy_default_52, aten.view_copy.default
[INFO 2026-06-27 10:56:29,212 qnn_preprocess.py:68] Visiting: aten_view_copy_default_53, aten.view_copy.default
[INFO 2026-06-27 10:56:29,213 qnn_preprocess.py:68] Visiting: aten_view_copy_default_54, aten.view_copy.default
[INFO 2026-06-27 10:56:29,215 qnn_preprocess.py:68] Visiting: aten_view_copy_default_55, aten.view_copy.default
[INFO 2026-06-27 10:56:29,216 qnn_preprocess.py:68] Visiting: aten_view_copy_default_56, aten.view_copy.default
[INFO 2026-06-27 10:56:29,217 qnn_preprocess.py:68] Visiting: aten_view_copy_default_57, aten.view_copy.default
[INFO 2026-06-27 10:56:29,219 qnn_preprocess.py:68] Visiting: aten_view_copy_default_58, aten.view_copy.default
[INFO 2026-06-27 10:56:29,220 qnn_preprocess.py:68] Visiting: aten_view_copy_default_59, aten.view_copy.default
[INFO 2026-06-27 10:56:29,222 qnn_preprocess.py:68] Visiting: aten_view_copy_default_60, aten.view_copy.default
[INFO 2026-06-27 10:56:29,223 qnn_preprocess.py:68] Visiting: aten_view_copy_default_61, aten.view_copy.default
[INFO 2026-06-27 10:56:29,224 qnn_preprocess.py:68] Visiting: aten_view_copy_default_62, aten.view_copy.default
[INFO 2026-06-27 10:56:29,226 qnn_preprocess.py:68] Visiting: aten_view_copy_default_63, aten.view_copy.default
[INFO 2026-06-27 10:56:29,227 qnn_preprocess.py:68] Visiting: aten_view_copy_default_64, aten.view_copy.default
[INFO 2026-06-27 10:56:29,229 qnn_preprocess.py:68] Visiting: aten_view_copy_default_65, aten.view_copy.default
[INFO 2026-06-27 10:56:29,230 qnn_preprocess.py:68] Visiting: aten_view_copy_default_66, aten.view_copy.default
[INFO 2026-06-27 10:56:29,231 qnn_preprocess.py:68] Visiting: aten_view_copy_default_67, aten.view_copy.default
[INFO 2026-06-27 10:56:29,233 qnn_preprocess.py:68] Visiting: aten_view_copy_default_68, aten.view_copy.default
[INFO 2026-06-27 10:56:29,234 qnn_preprocess.py:68] Visiting: aten_view_copy_default_69, aten.view_copy.default
[INFO 2026-06-27 10:56:29,236 qnn_preprocess.py:68] Visiting: aten_view_copy_default_70, aten.view_copy.default
[INFO 2026-06-27 10:56:29,237 qnn_preprocess.py:68] Visiting: aten_view_copy_default_71, aten.view_copy.default
[INFO 2026-06-27 10:56:29,238 qnn_preprocess.py:68] Visiting: aten_view_copy_default_72, aten.view_copy.default
[INFO 2026-06-27 10:56:29,240 qnn_preprocess.py:68] Visiting: aten_view_copy_default_73, aten.view_copy.default
[INFO 2026-06-27 10:56:29,241 qnn_preprocess.py:68] Visiting: aten_view_copy_default_74, aten.view_copy.default
[INFO 2026-06-27 10:56:29,243 qnn_preprocess.py:68] Visiting: aten_view_copy_default_75, aten.view_copy.default
[INFO 2026-06-27 10:56:29,244 qnn_preprocess.py:68] Visiting: aten_view_copy_default_76, aten.view_copy.default
[INFO 2026-06-27 10:56:29,245 qnn_preprocess.py:68] Visiting: aten_view_copy_default_77, aten.view_copy.default
[INFO 2026-06-27 10:56:29,247 qnn_preprocess.py:68] Visiting: aten_view_copy_default_78, aten.view_copy.default
[INFO 2026-06-27 10:56:29,248 qnn_preprocess.py:68] Visiting: aten_view_copy_default_79, aten.view_copy.default
[INFO 2026-06-27 10:56:29,250 qnn_preprocess.py:68] Visiting: aten_view_copy_default_80, aten.view_copy.default
[INFO 2026-06-27 10:56:29,251 qnn_preprocess.py:68] Visiting: aten_view_copy_default_81, aten.view_copy.default
[INFO 2026-06-27 10:56:29,252 qnn_preprocess.py:68] Visiting: aten_view_copy_default_82, aten.view_copy.default
[INFO 2026-06-27 10:56:29,254 qnn_preprocess.py:68] Visiting: aten_view_copy_default_83, aten.view_copy.default
[INFO 2026-06-27 10:56:29,255 qnn_preprocess.py:68] Visiting: aten_view_copy_default_84, aten.view_copy.default
[INFO 2026-06-27 10:56:29,257 qnn_preprocess.py:68] Visiting: aten_view_copy_default_85, aten.view_copy.default
[INFO 2026-06-27 10:56:29,258 qnn_preprocess.py:68] Visiting: aten_view_copy_default_86, aten.view_copy.default
[INFO 2026-06-27 10:56:29,259 qnn_preprocess.py:68] Visiting: aten_view_copy_default_87, aten.view_copy.default
[INFO 2026-06-27 10:56:29,261 qnn_preprocess.py:68] Visiting: aten_view_copy_default_88, aten.view_copy.default
[INFO 2026-06-27 10:56:29,262 qnn_preprocess.py:68] Visiting: aten_view_copy_default_89, aten.view_copy.default
[INFO 2026-06-27 10:56:29,264 qnn_preprocess.py:68] Visiting: aten_view_copy_default_90, aten.view_copy.default
[INFO 2026-06-27 10:56:29,265 qnn_preprocess.py:68] Visiting: aten_view_copy_default_91, aten.view_copy.default
[INFO 2026-06-27 10:56:29,266 qnn_preprocess.py:68] Visiting: aten_view_copy_default_92, aten.view_copy.default
[INFO 2026-06-27 10:56:29,268 qnn_preprocess.py:68] Visiting: aten_view_copy_default_93, aten.view_copy.default
[INFO 2026-06-27 10:56:29,269 qnn_preprocess.py:68] Visiting: aten_view_copy_default_94, aten.view_copy.default
[INFO 2026-06-27 10:56:29,271 qnn_preprocess.py:68] Visiting: aten_view_copy_default_95, aten.view_copy.default
[INFO 2026-06-27 10:56:29,272 qnn_preprocess.py:68] Visiting: aten_view_copy_default_96, aten.view_copy.default
[INFO 2026-06-27 10:56:29,274 qnn_preprocess.py:68] Visiting: aten_view_copy_default_97, aten.view_copy.default
[INFO 2026-06-27 10:56:29,275 qnn_preprocess.py:68] Visiting: aten_view_copy_default_98, aten.view_copy.default
[INFO 2026-06-27 10:56:29,276 qnn_preprocess.py:68] Visiting: aten_view_copy_default_99, aten.view_copy.default
[INFO 2026-06-27 10:56:29,278 qnn_preprocess.py:68] Visiting: aten_view_copy_default_100, aten.view_copy.default
[INFO 2026-06-27 10:56:29,279 qnn_preprocess.py:68] Visiting: aten_view_copy_default_101, aten.view_copy.default
[INFO 2026-06-27 10:56:29,281 qnn_preprocess.py:68] Visiting: aten_sub_tensor, aten.sub.Tensor
[INFO 2026-06-27 10:56:29,282 qnn_preprocess.py:68] Visiting: aten_split_with_sizes_copy_default_1, aten.split_with_sizes_copy.default
[INFO 2026-06-27 10:56:29,283 qnn_preprocess.py:68] Visiting: aten_split_with_sizes_copy_default_3, aten.split_with_sizes_copy.default
[INFO 2026-06-27 10:56:29,284 qnn_preprocess.py:68] Visiting: aten_split_with_sizes_copy_default_5, aten.split_with_sizes_copy.default
[INFO 2026-06-27 10:56:29,286 qnn_preprocess.py:68] Visiting: aten_split_with_sizes_copy_default_7, aten.split_with_sizes_copy.default
[INFO 2026-06-27 10:56:29,287 qnn_preprocess.py:68] Visiting: aten_split_with_sizes_copy_default_9, aten.split_with_sizes_copy.default
[INFO 2026-06-27 10:56:29,289 qnn_preprocess.py:68] Visiting: aten_split_with_sizes_copy_default_11, aten.split_with_sizes_copy.default
[INFO 2026-06-27 10:56:29,290 qnn_preprocess.py:68] Visiting: aten_split_with_sizes_copy_default_13, aten.split_with_sizes_copy.default
[INFO 2026-06-27 10:56:29,291 qnn_preprocess.py:68] Visiting: aten_split_with_sizes_copy_default_15, aten.split_with_sizes_copy.default
[INFO 2026-06-27 10:56:29,293 qnn_preprocess.py:68] Visiting: aten_split_with_sizes_copy_default_17, aten.split_with_sizes_copy.default
[INFO 2026-06-27 10:56:29,294 qnn_preprocess.py:68] Visiting: aten_split_with_sizes_copy_default_19, aten.split_with_sizes_copy.default
[INFO 2026-06-27 10:56:29,296 qnn_preprocess.py:68] Visiting: aten_split_with_sizes_copy_default_21, aten.split_with_sizes_copy.default
[INFO 2026-06-27 10:56:29,297 qnn_preprocess.py:68] Visiting: aten_split_with_sizes_copy_default_23, aten.split_with_sizes_copy.default
[INFO 2026-06-27 10:56:29,299 qnn_preprocess.py:68] Visiting: aten_split_with_sizes_copy_default_25, aten.split_with_sizes_copy.default
[INFO 2026-06-27 10:56:29,300 qnn_preprocess.py:68] Visiting: aten_split_with_sizes_copy_default_27, aten.split_with_sizes_copy.default
[INFO 2026-06-27 10:56:29,301 qnn_preprocess.py:68] Visiting: aten_split_with_sizes_copy_default_29, aten.split_with_sizes_copy.default
[INFO 2026-06-27 10:56:29,303 qnn_preprocess.py:68] Visiting: aten_split_with_sizes_copy_default_31, aten.split_with_sizes_copy.default
[INFO 2026-06-27 10:56:29,304 qnn_preprocess.py:68] Visiting: aten_split_with_sizes_copy_default_33, aten.split_with_sizes_copy.default
[INFO 2026-06-27 10:56:29,306 qnn_preprocess.py:68] Visiting: aten_split_with_sizes_copy_default_35, aten.split_with_sizes_copy.default
[INFO 2026-06-27 10:56:29,307 qnn_preprocess.py:68] Visiting: aten_split_with_sizes_copy_default_37, aten.split_with_sizes_copy.default
[INFO 2026-06-27 10:56:29,308 qnn_preprocess.py:68] Visiting: aten_split_with_sizes_copy_default_39, aten.split_with_sizes_copy.default
[INFO 2026-06-27 10:56:29,310 qnn_preprocess.py:68] Visiting: aten_split_with_sizes_copy_default_41, aten.split_with_sizes_copy.default
[INFO 2026-06-27 10:56:29,311 qnn_preprocess.py:68] Visiting: aten_split_with_sizes_copy_default_43, aten.split_with_sizes_copy.default
[INFO 2026-06-27 10:56:29,313 qnn_preprocess.py:68] Visiting: aten_split_with_sizes_copy_default_45, aten.split_with_sizes_copy.default
[INFO 2026-06-27 10:56:29,314 qnn_preprocess.py:68] Visiting: aten_split_with_sizes_copy_default_47, aten.split_with_sizes_copy.default
[INFO 2026-06-27 10:56:29,315 qnn_preprocess.py:68] Visiting: aten_gt_tensor, aten.gt.Tensor
[INFO 2026-06-27 10:56:29,317 qnn_preprocess.py:68] Visiting: aten_view_copy_default_1, aten.view_copy.default
[INFO 2026-06-27 10:56:29,317 qnn_preprocess.py:68] Visiting: aten_lt_tensor, aten.lt.Tensor
[INFO 2026-06-27 10:56:29,318 qnn_preprocess.py:68] Visiting: aten_mul_tensor, aten.mul.Tensor
[INFO 2026-06-27 10:56:29,319 qnn_preprocess.py:68] Visiting: getitem_11, getitem
[INFO 2026-06-27 10:56:29,319 qnn_preprocess.py:68] Visiting: getitem_12, getitem
[INFO 2026-06-27 10:56:29,319 qnn_preprocess.py:68] Visiting: getitem_13, getitem
[INFO 2026-06-27 10:56:29,319 qnn_preprocess.py:68] Visiting: getitem_18, getitem
[INFO 2026-06-27 10:56:29,319 qnn_preprocess.py:68] Visiting: getitem_19, getitem
[INFO 2026-06-27 10:56:29,319 qnn_preprocess.py:68] Visiting: getitem_20, getitem
[INFO 2026-06-27 10:56:29,319 qnn_preprocess.py:68] Visiting: getitem_25, getitem
[INFO 2026-06-27 10:56:29,319 qnn_preprocess.py:68] Visiting: getitem_26, getitem
[INFO 2026-06-27 10:56:29,319 qnn_preprocess.py:68] Visiting: getitem_27, getitem
[INFO 2026-06-27 10:56:29,319 qnn_preprocess.py:68] Visiting: getitem_32, getitem
[INFO 2026-06-27 10:56:29,319 qnn_preprocess.py:68] Visiting: getitem_33, getitem
[INFO 2026-06-27 10:56:29,319 qnn_preprocess.py:68] Visiting: getitem_34, getitem
[INFO 2026-06-27 10:56:29,319 qnn_preprocess.py:68] Visiting: getitem_39, getitem
[INFO 2026-06-27 10:56:29,319 qnn_preprocess.py:68] Visiting: getitem_40, getitem
[INFO 2026-06-27 10:56:29,319 qnn_preprocess.py:68] Visiting: getitem_41, getitem
[INFO 2026-06-27 10:56:29,319 qnn_preprocess.py:68] Visiting: getitem_46, getitem
[INFO 2026-06-27 10:56:29,319 qnn_preprocess.py:68] Visiting: getitem_47, getitem
[INFO 2026-06-27 10:56:29,319 qnn_preprocess.py:68] Visiting: getitem_48, getitem
[INFO 2026-06-27 10:56:29,320 qnn_preprocess.py:68] Visiting: getitem_53, getitem
[INFO 2026-06-27 10:56:29,320 qnn_preprocess.py:68] Visiting: getitem_54, getitem
[INFO 2026-06-27 10:56:29,320 qnn_preprocess.py:68] Visiting: getitem_55, getitem
[INFO 2026-06-27 10:56:29,320 qnn_preprocess.py:68] Visiting: getitem_60, getitem
[INFO 2026-06-27 10:56:29,320 qnn_preprocess.py:68] Visiting: getitem_61, getitem
[INFO 2026-06-27 10:56:29,320 qnn_preprocess.py:68] Visiting: getitem_62, getitem
[INFO 2026-06-27 10:56:29,320 qnn_preprocess.py:68] Visiting: getitem_67, getitem
[INFO 2026-06-27 10:56:29,320 qnn_preprocess.py:68] Visiting: getitem_68, getitem
[INFO 2026-06-27 10:56:29,320 qnn_preprocess.py:68] Visiting: getitem_69, getitem
[INFO 2026-06-27 10:56:29,320 qnn_preprocess.py:68] Visiting: getitem_74, getitem
[INFO 2026-06-27 10:56:29,320 qnn_preprocess.py:68] Visiting: getitem_75, getitem
[INFO 2026-06-27 10:56:29,320 qnn_preprocess.py:68] Visiting: getitem_76, getitem
[INFO 2026-06-27 10:56:29,320 qnn_preprocess.py:68] Visiting: getitem_81, getitem
[INFO 2026-06-27 10:56:29,320 qnn_preprocess.py:68] Visiting: getitem_82, getitem
[INFO 2026-06-27 10:56:29,320 qnn_preprocess.py:68] Visiting: getitem_83, getitem
[INFO 2026-06-27 10:56:29,320 qnn_preprocess.py:68] Visiting: getitem_88, getitem
[INFO 2026-06-27 10:56:29,320 qnn_preprocess.py:68] Visiting: getitem_89, getitem
[INFO 2026-06-27 10:56:29,320 qnn_preprocess.py:68] Visiting: getitem_90, getitem
[INFO 2026-06-27 10:56:29,320 qnn_preprocess.py:68] Visiting: getitem_95, getitem
[INFO 2026-06-27 10:56:29,320 qnn_preprocess.py:68] Visiting: getitem_96, getitem
[INFO 2026-06-27 10:56:29,320 qnn_preprocess.py:68] Visiting: getitem_97, getitem
[INFO 2026-06-27 10:56:29,320 qnn_preprocess.py:68] Visiting: getitem_102, getitem
[INFO 2026-06-27 10:56:29,320 qnn_preprocess.py:68] Visiting: getitem_103, getitem
[INFO 2026-06-27 10:56:29,320 qnn_preprocess.py:68] Visiting: getitem_104, getitem
[INFO 2026-06-27 10:56:29,320 qnn_preprocess.py:68] Visiting: getitem_109, getitem
[INFO 2026-06-27 10:56:29,320 qnn_preprocess.py:68] Visiting: getitem_110, getitem
[INFO 2026-06-27 10:56:29,320 qnn_preprocess.py:68] Visiting: getitem_111, getitem
[INFO 2026-06-27 10:56:29,320 qnn_preprocess.py:68] Visiting: getitem_116, getitem
[INFO 2026-06-27 10:56:29,320 qnn_preprocess.py:68] Visiting: getitem_117, getitem
[INFO 2026-06-27 10:56:29,320 qnn_preprocess.py:68] Visiting: getitem_118, getitem
[INFO 2026-06-27 10:56:29,320 qnn_preprocess.py:68] Visiting: getitem_123, getitem
[INFO 2026-06-27 10:56:29,320 qnn_preprocess.py:68] Visiting: getitem_124, getitem
[INFO 2026-06-27 10:56:29,320 qnn_preprocess.py:68] Visiting: getitem_125, getitem
[INFO 2026-06-27 10:56:29,320 qnn_preprocess.py:68] Visiting: getitem_130, getitem
[INFO 2026-06-27 10:56:29,320 qnn_preprocess.py:68] Visiting: getitem_131, getitem
[INFO 2026-06-27 10:56:29,320 qnn_preprocess.py:68] Visiting: getitem_132, getitem
[INFO 2026-06-27 10:56:29,320 qnn_preprocess.py:68] Visiting: getitem_137, getitem
[INFO 2026-06-27 10:56:29,320 qnn_preprocess.py:68] Visiting: getitem_138, getitem
[INFO 2026-06-27 10:56:29,320 qnn_preprocess.py:68] Visiting: getitem_139, getitem
[INFO 2026-06-27 10:56:29,320 qnn_preprocess.py:68] Visiting: getitem_144, getitem
[INFO 2026-06-27 10:56:29,320 qnn_preprocess.py:68] Visiting: getitem_145, getitem
[INFO 2026-06-27 10:56:29,320 qnn_preprocess.py:68] Visiting: getitem_146, getitem
[INFO 2026-06-27 10:56:29,320 qnn_preprocess.py:68] Visiting: getitem_151, getitem
[INFO 2026-06-27 10:56:29,320 qnn_preprocess.py:68] Visiting: getitem_152, getitem
[INFO 2026-06-27 10:56:29,320 qnn_preprocess.py:68] Visiting: getitem_153, getitem
[INFO 2026-06-27 10:56:29,321 qnn_preprocess.py:68] Visiting: getitem_158, getitem
[INFO 2026-06-27 10:56:29,321 qnn_preprocess.py:68] Visiting: getitem_159, getitem
[INFO 2026-06-27 10:56:29,321 qnn_preprocess.py:68] Visiting: getitem_160, getitem
[INFO 2026-06-27 10:56:29,321 qnn_preprocess.py:68] Visiting: getitem_165, getitem
[INFO 2026-06-27 10:56:29,321 qnn_preprocess.py:68] Visiting: getitem_166, getitem
[INFO 2026-06-27 10:56:29,321 qnn_preprocess.py:68] Visiting: getitem_167, getitem
[INFO 2026-06-27 10:56:29,321 qnn_preprocess.py:68] Visiting: getitem_172, getitem
[INFO 2026-06-27 10:56:29,321 qnn_preprocess.py:68] Visiting: getitem_173, getitem
[INFO 2026-06-27 10:56:29,321 qnn_preprocess.py:68] Visiting: getitem_174, getitem
[INFO 2026-06-27 10:56:29,321 qnn_preprocess.py:68] Visiting: aten_where_self, aten.where.self
[INFO 2026-06-27 10:56:29,322 qnn_preprocess.py:68] Visiting: aten_mean_dim_1, aten.mean.dim
[INFO 2026-06-27 10:56:29,323 qnn_preprocess.py:68] Visiting: aten__to_copy_default_5, aten._to_copy.default
[INFO 2026-06-27 10:56:29,324 qnn_preprocess.py:68] Visiting: aten_sqrt_default, aten.sqrt.default
[INFO 2026-06-27 10:56:29,324 qnn_preprocess.py:68] Visiting: aten_mul_tensor_1, aten.mul.Tensor
[INFO 2026-06-27 10:56:29,325 qnn_preprocess.py:68] Visiting: aten_add_tensor, aten.add.Tensor
[INFO 2026-06-27 10:56:29,326 qnn_preprocess.py:68] Visiting: aten_add_tensor_3, aten.add.Tensor
[INFO 2026-06-27 10:56:29,327 qnn_preprocess.py:68] Visiting: aten_div_tensor, aten.div.Tensor
[INFO 2026-06-27 10:56:29,327 qnn_preprocess.py:68] Visiting: aten_embedding_default, aten.embedding.default
[INFO 2026-06-27 10:56:29,329 qnn_preprocess.py:68] Visiting: aten_unsqueeze_copy_default, aten.unsqueeze_copy.default
[INFO 2026-06-27 10:56:29,330 qnn_preprocess.py:68] Visiting: aten_permute_copy_default_17, aten.permute_copy.default
[INFO 2026-06-27 10:56:29,330 qnn_preprocess.py:68] Visiting: aten_unsqueeze_copy_default_1, aten.unsqueeze_copy.default
[INFO 2026-06-27 10:56:29,331 qnn_preprocess.py:68] Visiting: aten_permute_copy_default_258, aten.permute_copy.default
[INFO 2026-06-27 10:56:29,332 qnn_preprocess.py:68] Visiting: aten_unsqueeze_copy_default_11, aten.unsqueeze_copy.default
[INFO 2026-06-27 10:56:29,333 qnn_preprocess.py:68] Visiting: aten_convolution_default, aten.convolution.default
[INFO 2026-06-27 10:56:29,335 qnn_preprocess.py:68] Visiting: aten_permute_copy_default_259, aten.permute_copy.default
[INFO 2026-06-27 10:56:29,337 qnn_preprocess.py:68] Visiting: aten_view_copy_default_104, aten.view_copy.default
[INFO 2026-06-27 10:56:29,337 qnn_preprocess.py:68] Visiting: aten_squeeze_copy_dims, aten.squeeze_copy.dims
[INFO 2026-06-27 10:56:29,338 qnn_preprocess.py:68] Visiting: aten_permute_copy_default, aten.permute_copy.default
[INFO 2026-06-27 10:56:29,338 qnn_preprocess.py:68] Visiting: aten_native_layer_norm_default, aten.native_layer_norm.default
[INFO 2026-06-27 10:56:29,341 qnn_preprocess.py:68] Visiting: getitem, getitem
[INFO 2026-06-27 10:56:29,341 qnn_preprocess.py:68] Visiting: aten_permute_copy_default_1, aten.permute_copy.default
[INFO 2026-06-27 10:56:29,341 qnn_preprocess.py:68] Visiting: aten_gelu_default, aten.gelu.default
[INFO 2026-06-27 10:56:29,342 qnn_preprocess.py:68] Visiting: aten_unsqueeze_copy_default_2, aten.unsqueeze_copy.default
[INFO 2026-06-27 10:56:29,343 qnn_preprocess.py:68] Visiting: aten_permute_copy_default_260, aten.permute_copy.default
[INFO 2026-06-27 10:56:29,343 qnn_preprocess.py:68] Visiting: aten_convolution_default_1, aten.convolution.default
[INFO 2026-06-27 10:56:29,346 qnn_preprocess.py:68] Visiting: aten_permute_copy_default_261, aten.permute_copy.default
[INFO 2026-06-27 10:56:29,347 qnn_preprocess.py:68] Visiting: aten_squeeze_copy_dims_1, aten.squeeze_copy.dims
[INFO 2026-06-27 10:56:29,348 qnn_preprocess.py:68] Visiting: aten_permute_copy_default_2, aten.permute_copy.default
[INFO 2026-06-27 10:56:29,348 qnn_preprocess.py:68] Visiting: aten_native_layer_norm_default_1, aten.native_layer_norm.default
[INFO 2026-06-27 10:56:29,351 qnn_preprocess.py:68] Visiting: getitem_1, getitem
[INFO 2026-06-27 10:56:29,351 qnn_preprocess.py:68] Visiting: aten_permute_copy_default_3, aten.permute_copy.default
[INFO 2026-06-27 10:56:29,351 qnn_preprocess.py:68] Visiting: aten_gelu_default_1, aten.gelu.default
[INFO 2026-06-27 10:56:29,352 qnn_preprocess.py:68] Visiting: aten_unsqueeze_copy_default_3, aten.unsqueeze_copy.default
[INFO 2026-06-27 10:56:29,353 qnn_preprocess.py:68] Visiting: aten_permute_copy_default_262, aten.permute_copy.default
[INFO 2026-06-27 10:56:29,353 qnn_preprocess.py:68] Visiting: aten_convolution_default_2, aten.convolution.default
[INFO 2026-06-27 10:56:29,356 qnn_preprocess.py:68] Visiting: aten_permute_copy_default_263, aten.permute_copy.default
[INFO 2026-06-27 10:56:29,357 qnn_preprocess.py:68] Visiting: aten_squeeze_copy_dims_2, aten.squeeze_copy.dims
[INFO 2026-06-27 10:56:29,358 qnn_preprocess.py:68] Visiting: aten_permute_copy_default_4, aten.permute_copy.default
[INFO 2026-06-27 10:56:29,359 qnn_preprocess.py:68] Visiting: aten_native_layer_norm_default_2, aten.native_layer_norm.default
[INFO 2026-06-27 10:56:29,361 qnn_preprocess.py:68] Visiting: getitem_2, getitem
[INFO 2026-06-27 10:56:29,361 qnn_preprocess.py:68] Visiting: aten_permute_copy_default_5, aten.permute_copy.default
[INFO 2026-06-27 10:56:29,362 qnn_preprocess.py:68] Visiting: aten_gelu_default_2, aten.gelu.default
[INFO 2026-06-27 10:56:29,362 qnn_preprocess.py:68] Visiting: aten_unsqueeze_copy_default_4, aten.unsqueeze_copy.default
[INFO 2026-06-27 10:56:29,363 qnn_preprocess.py:68] Visiting: aten_permute_copy_default_264, aten.permute_copy.default
[INFO 2026-06-27 10:56:29,363 qnn_preprocess.py:68] Visiting: aten_convolution_default_3, aten.convolution.default
[INFO 2026-06-27 10:56:29,366 qnn_preprocess.py:68] Visiting: aten_permute_copy_default_265, aten.permute_copy.default
[INFO 2026-06-27 10:56:29,367 qnn_preprocess.py:68] Visiting: aten_squeeze_copy_dims_3, aten.squeeze_copy.dims
[INFO 2026-06-27 10:56:29,368 qnn_preprocess.py:68] Visiting: aten_permute_copy_default_6, aten.permute_copy.default
[INFO 2026-06-27 10:56:29,369 qnn_preprocess.py:68] Visiting: aten_native_layer_norm_default_3, aten.native_layer_norm.default
[INFO 2026-06-27 10:56:29,371 qnn_preprocess.py:68] Visiting: getitem_3, getitem
[INFO 2026-06-27 10:56:29,371 qnn_preprocess.py:68] Visiting: aten_permute_copy_default_7, aten.permute_copy.default
[INFO 2026-06-27 10:56:29,371 qnn_preprocess.py:68] Visiting: aten_gelu_default_3, aten.gelu.default
[INFO 2026-06-27 10:56:29,372 qnn_preprocess.py:68] Visiting: aten_unsqueeze_copy_default_5, aten.unsqueeze_copy.default
[INFO 2026-06-27 10:56:29,373 qnn_preprocess.py:68] Visiting: aten_permute_copy_default_266, aten.permute_copy.default
[INFO 2026-06-27 10:56:29,373 qnn_preprocess.py:68] Visiting: aten_convolution_default_4, aten.convolution.default
[INFO 2026-06-27 10:56:29,376 qnn_preprocess.py:68] Visiting: aten_permute_copy_default_267, aten.permute_copy.default
[INFO 2026-06-27 10:56:29,377 qnn_preprocess.py:68] Visiting: aten_squeeze_copy_dims_4, aten.squeeze_copy.dims
[INFO 2026-06-27 10:56:29,378 qnn_preprocess.py:68] Visiting: aten_permute_copy_default_8, aten.permute_copy.default
[INFO 2026-06-27 10:56:29,379 qnn_preprocess.py:68] Visiting: aten_native_layer_norm_default_4, aten.native_layer_norm.default
[INFO 2026-06-27 10:56:29,381 qnn_preprocess.py:68] Visiting: getitem_4, getitem
[INFO 2026-06-27 10:56:29,381 qnn_preprocess.py:68] Visiting: aten_permute_copy_default_9, aten.permute_copy.default
[INFO 2026-06-27 10:56:29,382 qnn_preprocess.py:68] Visiting: aten_gelu_default_4, aten.gelu.default
[INFO 2026-06-27 10:56:29,382 qnn_preprocess.py:68] Visiting: aten_unsqueeze_copy_default_6, aten.unsqueeze_copy.default
[INFO 2026-06-27 10:56:29,383 qnn_preprocess.py:68] Visiting: aten_permute_copy_default_268, aten.permute_copy.default
[INFO 2026-06-27 10:56:29,383 qnn_preprocess.py:68] Visiting: aten_convolution_default_5, aten.convolution.default
[INFO 2026-06-27 10:56:29,387 qnn_preprocess.py:68] Visiting: aten_permute_copy_default_269, aten.permute_copy.default
[INFO 2026-06-27 10:56:29,388 qnn_preprocess.py:68] Visiting: aten_squeeze_copy_dims_5, aten.squeeze_copy.dims
[INFO 2026-06-27 10:56:29,388 qnn_preprocess.py:68] Visiting: aten_permute_copy_default_10, aten.permute_copy.default
[INFO 2026-06-27 10:56:29,389 qnn_preprocess.py:68] Visiting: aten_native_layer_norm_default_5, aten.native_layer_norm.default
[INFO 2026-06-27 10:56:29,391 qnn_preprocess.py:68] Visiting: getitem_5, getitem
[INFO 2026-06-27 10:56:29,391 qnn_preprocess.py:68] Visiting: aten_permute_copy_default_11, aten.permute_copy.default
[INFO 2026-06-27 10:56:29,392 qnn_preprocess.py:68] Visiting: aten_gelu_default_5, aten.gelu.default
[INFO 2026-06-27 10:56:29,392 qnn_preprocess.py:68] Visiting: aten_unsqueeze_copy_default_7, aten.unsqueeze_copy.default
[INFO 2026-06-27 10:56:29,393 qnn_preprocess.py:68] Visiting: aten_permute_copy_default_270, aten.permute_copy.default
[INFO 2026-06-27 10:56:29,394 qnn_preprocess.py:68] Visiting: aten_convolution_default_6, aten.convolution.default
[INFO 2026-06-27 10:56:29,397 qnn_preprocess.py:68] Visiting: aten_permute_copy_default_271, aten.permute_copy.default
[INFO 2026-06-27 10:56:29,398 qnn_preprocess.py:68] Visiting: aten_squeeze_copy_dims_6, aten.squeeze_copy.dims
[INFO 2026-06-27 10:56:29,399 qnn_preprocess.py:68] Visiting: aten_permute_copy_default_12, aten.permute_copy.default
[INFO 2026-06-27 10:56:29,399 qnn_preprocess.py:68] Visiting: aten_native_layer_norm_default_6, aten.native_layer_norm.default
[INFO 2026-06-27 10:56:29,402 qnn_preprocess.py:68] Visiting: getitem_6, getitem
[INFO 2026-06-27 10:56:29,402 qnn_preprocess.py:68] Visiting: aten_permute_copy_default_13, aten.permute_copy.default
[INFO 2026-06-27 10:56:29,402 qnn_preprocess.py:68] Visiting: aten_gelu_default_6, aten.gelu.default
[INFO 2026-06-27 10:56:29,403 qnn_preprocess.py:68] Visiting: aten_permute_copy_default_14, aten.permute_copy.default
[INFO 2026-06-27 10:56:29,403 qnn_preprocess.py:68] Visiting: aten_native_layer_norm_default_7, aten.native_layer_norm.default
[INFO 2026-06-27 10:56:29,406 qnn_preprocess.py:68] Visiting: getitem_7, getitem
[INFO 2026-06-27 10:56:29,406 qnn_preprocess.py:68] Visiting: aten_view_copy_default_102, aten.view_copy.default
[INFO 2026-06-27 10:56:29,406 qnn_preprocess.py:68] Visiting: aten_linear_default, aten.linear.default
[INFO 2026-06-27 10:56:29,409 qnn_preprocess.py:68] Visiting: aten_view_copy_default_103, aten.view_copy.default
[INFO 2026-06-27 10:56:29,409 qnn_preprocess.py:68] Visiting: aten_permute_copy_default_15, aten.permute_copy.default
[INFO 2026-06-27 10:56:29,410 qnn_preprocess.py:68] Visiting: aten_unsqueeze_copy_default_8, aten.unsqueeze_copy.default
[INFO 2026-06-27 10:56:29,410 qnn_preprocess.py:68] Visiting: aten_permute_copy_default_272, aten.permute_copy.default
[INFO 2026-06-27 10:56:29,411 qnn_preprocess.py:68] Visiting: aten_convolution_default_7, aten.convolution.default
[INFO 2026-06-27 10:56:29,442 qnn_preprocess.py:68] Visiting: aten_permute_copy_default_273, aten.permute_copy.default
[INFO 2026-06-27 10:56:29,443 qnn_preprocess.py:68] Visiting: aten_squeeze_copy_dims_7, aten.squeeze_copy.dims
[INFO 2026-06-27 10:56:29,444 qnn_preprocess.py:68] Visiting: aten_slice_copy_tensor, aten.slice_copy.Tensor
[INFO 2026-06-27 10:56:29,445 qnn_preprocess.py:68] Visiting: aten_gelu_default_7, aten.gelu.default
[INFO 2026-06-27 10:56:29,445 qnn_preprocess.py:68] Visiting: aten_permute_copy_default_16, aten.permute_copy.default
[INFO 2026-06-27 10:56:29,446 qnn_preprocess.py:68] Visiting: aten_add_tensor_1, aten.add.Tensor
[INFO 2026-06-27 10:56:29,447 qnn_preprocess.py:68] Visiting: aten_native_layer_norm_default_8, aten.native_layer_norm.default
[INFO 2026-06-27 10:56:29,449 qnn_preprocess.py:68] Visiting: getitem_8, getitem
[INFO 2026-06-27 10:56:29,449 qnn_preprocess.py:68] Visiting: aten_view_copy_default_105, aten.view_copy.default
[INFO 2026-06-27 10:56:29,450 qnn_preprocess.py:68] Visiting: aten_permute_copy_default_19, aten.permute_copy.default
[INFO 2026-06-27 10:56:29,450 qnn_preprocess.py:68] Visiting: aten_permute_copy_default_18, aten.permute_copy.default
[INFO 2026-06-27 10:56:29,451 qnn_preprocess.py:68] Visiting: aten_view_copy_default_111, aten.view_copy.default
[INFO 2026-06-27 10:56:29,451 qnn_preprocess.py:68] Visiting: aten_view_copy_default_112, aten.view_copy.default
[INFO 2026-06-27 10:56:29,452 qnn_preprocess.py:68] Visiting: aten_view_copy_default_113, aten.view_copy.default
[INFO 2026-06-27 10:56:29,452 qnn_preprocess.py:68] Visiting: aten_view_copy_default_106, aten.view_copy.default
[INFO 2026-06-27 10:56:29,453 qnn_preprocess.py:68] Visiting: aten_linear_default_4, aten.linear.default
[INFO 2026-06-27 10:56:29,455 qnn_preprocess.py:68] Visiting: aten_linear_default_3, aten.linear.default
[INFO 2026-06-27 10:56:29,458 qnn_preprocess.py:68] Visiting: aten_linear_default_2, aten.linear.default
[INFO 2026-06-27 10:56:29,460 qnn_preprocess.py:68] Visiting: aten_linear_default_1, aten.linear.default
[INFO 2026-06-27 10:56:29,462 qnn_preprocess.py:68] Visiting: aten_view_copy_default_116, aten.view_copy.default
[INFO 2026-06-27 10:56:29,463 qnn_preprocess.py:68] Visiting: aten_view_copy_default_115, aten.view_copy.default
[INFO 2026-06-27 10:56:29,463 qnn_preprocess.py:68] Visiting: aten_view_copy_default_114, aten.view_copy.default
[INFO 2026-06-27 10:56:29,464 qnn_preprocess.py:68] Visiting: aten_view_copy_default_107, aten.view_copy.default
[INFO 2026-06-27 10:56:29,464 qnn_preprocess.py:68] Visiting: aten_view_copy_default_119, aten.view_copy.default
[INFO 2026-06-27 10:56:29,465 qnn_preprocess.py:68] Visiting: aten_view_copy_default_118, aten.view_copy.default
[INFO 2026-06-27 10:56:29,465 qnn_preprocess.py:68] Visiting: aten_view_copy_default_117, aten.view_copy.default
[INFO 2026-06-27 10:56:29,466 qnn_preprocess.py:68] Visiting: aten_view_copy_default_108, aten.view_copy.default
[INFO 2026-06-27 10:56:29,466 qnn_preprocess.py:68] Visiting: aten_permute_copy_default_22, aten.permute_copy.default
[INFO 2026-06-27 10:56:29,467 qnn_preprocess.py:68] Visiting: aten_permute_copy_default_21, aten.permute_copy.default
[INFO 2026-06-27 10:56:29,468 qnn_preprocess.py:68] Visiting: aten_permute_copy_default_20, aten.permute_copy.default
[INFO 2026-06-27 10:56:29,468 qnn_preprocess.py:68] Visiting: aten_sum_dim_int_list, aten.sum.dim_IntList
[INFO 2026-06-27 10:56:29,469 qnn_preprocess.py:68] Visiting: aten_view_copy_default_123, aten.view_copy.default
[INFO 2026-06-27 10:56:29,469 qnn_preprocess.py:68] Visiting: aten_view_copy_default_122, aten.view_copy.default
[INFO 2026-06-27 10:56:29,470 qnn_preprocess.py:68] Visiting: aten_view_copy_default_121, aten.view_copy.default
[INFO 2026-06-27 10:56:29,470 qnn_preprocess.py:68] Visiting: aten_sigmoid_default, aten.sigmoid.default
[INFO 2026-06-27 10:56:29,471 qnn_preprocess.py:68] Visiting: aten_view_copy_default_128, aten.view_copy.default
[INFO 2026-06-27 10:56:29,471 qnn_preprocess.py:68] Visiting: aten_permute_copy_default_23, aten.permute_copy.default
[INFO 2026-06-27 10:56:29,472 qnn_preprocess.py:68] Visiting: aten_mul_tensor_6, aten.mul.Tensor
[INFO 2026-06-27 10:56:29,473 qnn_preprocess.py:68] Visiting: aten_split_with_sizes_copy_default, aten.split_with_sizes_copy.default
[INFO 2026-06-27 10:56:29,474 qnn_preprocess.py:68] Visiting: aten_mul_tensor_7, aten.mul.Tensor
[INFO 2026-06-27 10:56:29,475 qnn_preprocess.py:68] Visiting: aten_view_copy_default_124, aten.view_copy.default
[INFO 2026-06-27 10:56:29,475 qnn_preprocess.py:68] Visiting: getitem_9, getitem
[INFO 2026-06-27 10:56:29,475 qnn_preprocess.py:68] Visiting: getitem_10, getitem
[INFO 2026-06-27 10:56:29,475 qnn_preprocess.py:68] Visiting: aten_view_copy_default_125, aten.view_copy.default
[INFO 2026-06-27 10:56:29,476 qnn_preprocess.py:68] Visiting: aten_mul_tensor_3, aten.mul.Tensor
[INFO 2026-06-27 10:56:29,477 qnn_preprocess.py:68] Visiting: aten_bmm_default, aten.bmm.default
[INFO 2026-06-27 10:56:29,478 qnn_preprocess.py:68] Visiting: aten_sub_tensor_2, aten.sub.Tensor
[INFO 2026-06-27 10:56:29,479 qnn_preprocess.py:68] Visiting: aten_view_copy_default_126, aten.view_copy.default
[INFO 2026-06-27 10:56:29,480 qnn_preprocess.py:68] Visiting: aten_mul_tensor_4, aten.mul.Tensor
[INFO 2026-06-27 10:56:29,480 qnn_preprocess.py:68] Visiting: aten_add_tensor_4, aten.add.Tensor
[INFO 2026-06-27 10:56:29,481 qnn_preprocess.py:68] Visiting: aten_view_copy_default_109, aten.view_copy.default
[INFO 2026-06-27 10:56:29,482 qnn_preprocess.py:68] Visiting: aten_mul_tensor_5, aten.mul.Tensor
[INFO 2026-06-27 10:56:29,482 qnn_preprocess.py:68] Visiting: aten_view_copy_default_110, aten.view_copy.default
[INFO 2026-06-27 10:56:29,483 qnn_preprocess.py:68] Visiting: aten_view_copy_default_120, aten.view_copy.default
[INFO 2026-06-27 10:56:29,483 qnn_preprocess.py:68] Visiting: aten_add_tensor_5, aten.add.Tensor
[INFO 2026-06-27 10:56:29,484 qnn_preprocess.py:68] Visiting: aten__safe_softmax_default, aten._safe_softmax.default
[INFO 2026-06-27 10:56:29,485 qnn_preprocess.py:68] Visiting: aten_view_copy_default_127, aten.view_copy.default
[INFO 2026-06-27 10:56:29,485 qnn_preprocess.py:68] Visiting: aten_bmm_default_1, aten.bmm.default
[INFO 2026-06-27 10:56:29,486 qnn_preprocess.py:68] Visiting: aten_view_copy_default_129, aten.view_copy.default
[INFO 2026-06-27 10:56:29,487 qnn_preprocess.py:68] Visiting: aten_permute_copy_default_274, aten.permute_copy.default
[INFO 2026-06-27 10:56:29,487 qnn_preprocess.py:68] Visiting: aten_view_copy_default_130, aten.view_copy.default
[INFO 2026-06-27 10:56:29,488 qnn_preprocess.py:68] Visiting: aten_linear_default_5, aten.linear.default
[INFO 2026-06-27 10:56:29,491 qnn_preprocess.py:68] Visiting: aten_view_copy_default_131, aten.view_copy.default
[INFO 2026-06-27 10:56:29,491 qnn_preprocess.py:68] Visiting: aten_permute_copy_default_27, aten.permute_copy.default
[INFO 2026-06-27 10:56:29,492 qnn_preprocess.py:68] Visiting: aten_add_tensor_6, aten.add.Tensor
[INFO 2026-06-27 10:56:29,493 qnn_preprocess.py:68] Visiting: aten_native_layer_norm_default_9, aten.native_layer_norm.default
[INFO 2026-06-27 10:56:29,495 qnn_preprocess.py:68] Visiting: getitem_14, getitem
[INFO 2026-06-27 10:56:29,495 qnn_preprocess.py:68] Visiting: aten_view_copy_default_132, aten.view_copy.default
[INFO 2026-06-27 10:56:29,496 qnn_preprocess.py:68] Visiting: aten_linear_default_6, aten.linear.default
[INFO 2026-06-27 10:56:29,501 qnn_preprocess.py:68] Visiting: aten_view_copy_default_133, aten.view_copy.default
[INFO 2026-06-27 10:56:29,501 qnn_preprocess.py:68] Visiting: aten_gelu_default_8, aten.gelu.default
[INFO 2026-06-27 10:56:29,502 qnn_preprocess.py:68] Visiting: aten_view_copy_default_134, aten.view_copy.default
[INFO 2026-06-27 10:56:29,502 qnn_preprocess.py:68] Visiting: aten_linear_default_7, aten.linear.default
[INFO 2026-06-27 10:56:29,507 qnn_preprocess.py:68] Visiting: aten_view_copy_default_135, aten.view_copy.default
[INFO 2026-06-27 10:56:29,508 qnn_preprocess.py:68] Visiting: aten_add_tensor_7, aten.add.Tensor
[INFO 2026-06-27 10:56:29,509 qnn_preprocess.py:68] Visiting: aten_native_layer_norm_default_10, aten.native_layer_norm.default
[INFO 2026-06-27 10:56:29,511 qnn_preprocess.py:68] Visiting: getitem_15, getitem
[INFO 2026-06-27 10:56:29,511 qnn_preprocess.py:68] Visiting: aten_view_copy_default_136, aten.view_copy.default
[INFO 2026-06-27 10:56:29,511 qnn_preprocess.py:68] Visiting: aten_permute_copy_default_29, aten.permute_copy.default
[INFO 2026-06-27 10:56:29,512 qnn_preprocess.py:68] Visiting: aten_permute_copy_default_28, aten.permute_copy.default
[INFO 2026-06-27 10:56:29,513 qnn_preprocess.py:68] Visiting: aten_view_copy_default_142, aten.view_copy.default
[INFO 2026-06-27 10:56:29,513 qnn_preprocess.py:68] Visiting: aten_view_copy_default_143, aten.view_copy.default
[INFO 2026-06-27 10:56:29,514 qnn_preprocess.py:68] Visiting: aten_view_copy_default_144, aten.view_copy.default
[INFO 2026-06-27 10:56:29,514 qnn_preprocess.py:68] Visiting: aten_view_copy_default_137, aten.view_copy.default
[INFO 2026-06-27 10:56:29,514 qnn_preprocess.py:68] Visiting: aten_linear_default_11, aten.linear.default
[INFO 2026-06-27 10:56:29,517 qnn_preprocess.py:68] Visiting: aten_linear_default_10, aten.linear.default
[INFO 2026-06-27 10:56:29,519 qnn_preprocess.py:68] Visiting: aten_linear_default_9, aten.linear.default
[INFO 2026-06-27 10:56:29,522 qnn_preprocess.py:68] Visiting: aten_linear_default_8, aten.linear.default
[INFO 2026-06-27 10:56:29,524 qnn_preprocess.py:68] Visiting: aten_view_copy_default_147, aten.view_copy.default
[INFO 2026-06-27 10:56:29,524 qnn_preprocess.py:68] Visiting: aten_view_copy_default_146, aten.view_copy.default
[INFO 2026-06-27 10:56:29,525 qnn_preprocess.py:68] Visiting: aten_view_copy_default_145, aten.view_copy.default
[INFO 2026-06-27 10:56:29,525 qnn_preprocess.py:68] Visiting: aten_view_copy_default_138, aten.view_copy.default
[INFO 2026-06-27 10:56:29,526 qnn_preprocess.py:68] Visiting: aten_view_copy_default_150, aten.view_copy.default
[INFO 2026-06-27 10:56:29,526 qnn_preprocess.py:68] Visiting: aten_view_copy_default_149, aten.view_copy.default
[INFO 2026-06-27 10:56:29,526 qnn_preprocess.py:68] Visiting: aten_view_copy_default_148, aten.view_copy.default
[INFO 2026-06-27 10:56:29,527 qnn_preprocess.py:68] Visiting: aten_view_copy_default_139, aten.view_copy.default
[INFO 2026-06-27 10:56:29,527 qnn_preprocess.py:68] Visiting: aten_permute_copy_default_32, aten.permute_copy.default
[INFO 2026-06-27 10:56:29,528 qnn_preprocess.py:68] Visiting: aten_permute_copy_default_31, aten.permute_copy.default
[INFO 2026-06-27 10:56:29,529 qnn_preprocess.py:68] Visiting: aten_permute_copy_default_30, aten.permute_copy.default
[INFO 2026-06-27 10:56:29,529 qnn_preprocess.py:68] Visiting: aten_sum_dim_int_list_1, aten.sum.dim_IntList
[INFO 2026-06-27 10:56:29,530 qnn_preprocess.py:68] Visiting: aten_view_copy_default_154, aten.view_copy.default
[INFO 2026-06-27 10:56:29,530 qnn_preprocess.py:68] Visiting: aten_view_copy_default_153, aten.view_copy.default
[INFO 2026-06-27 10:56:29,531 qnn_preprocess.py:68] Visiting: aten_view_copy_default_152, aten.view_copy.default
[INFO 2026-06-27 10:56:29,531 qnn_preprocess.py:68] Visiting: aten_sigmoid_default_1, aten.sigmoid.default
[INFO 2026-06-27 10:56:29,532 qnn_preprocess.py:68] Visiting: aten_view_copy_default_159, aten.view_copy.default
[INFO 2026-06-27 10:56:29,532 qnn_preprocess.py:68] Visiting: aten_permute_copy_default_33, aten.permute_copy.default
[INFO 2026-06-27 10:56:29,533 qnn_preprocess.py:68] Visiting: aten_mul_tensor_11, aten.mul.Tensor
[INFO 2026-06-27 10:56:29,534 qnn_preprocess.py:68] Visiting: aten_split_with_sizes_copy_default_2, aten.split_with_sizes_copy.default
[INFO 2026-06-27 10:56:29,535 qnn_preprocess.py:68] Visiting: aten_mul_tensor_12, aten.mul.Tensor
[INFO 2026-06-27 10:56:29,536 qnn_preprocess.py:68] Visiting: aten_view_copy_default_155, aten.view_copy.default
[INFO 2026-06-27 10:56:29,536 qnn_preprocess.py:68] Visiting: getitem_16, getitem
[INFO 2026-06-27 10:56:29,536 qnn_preprocess.py:68] Visiting: getitem_17, getitem
[INFO 2026-06-27 10:56:29,536 qnn_preprocess.py:68] Visiting: aten_view_copy_default_156, aten.view_copy.default
[INFO 2026-06-27 10:56:29,536 qnn_preprocess.py:68] Visiting: aten_mul_tensor_8, aten.mul.Tensor
[INFO 2026-06-27 10:56:29,538 qnn_preprocess.py:68] Visiting: aten_bmm_default_2, aten.bmm.default
[INFO 2026-06-27 10:56:29,539 qnn_preprocess.py:68] Visiting: aten_sub_tensor_3, aten.sub.Tensor
[INFO 2026-06-27 10:56:29,540 qnn_preprocess.py:68] Visiting: aten_view_copy_default_157, aten.view_copy.default
[INFO 2026-06-27 10:56:29,540 qnn_preprocess.py:68] Visiting: aten_mul_tensor_9, aten.mul.Tensor
[INFO 2026-06-27 10:56:29,541 qnn_preprocess.py:68] Visiting: aten_add_tensor_8, aten.add.Tensor
[INFO 2026-06-27 10:56:29,542 qnn_preprocess.py:68] Visiting: aten_view_copy_default_140, aten.view_copy.default
[INFO 2026-06-27 10:56:29,542 qnn_preprocess.py:68] Visiting: aten_mul_tensor_10, aten.mul.Tensor
[INFO 2026-06-27 10:56:29,543 qnn_preprocess.py:68] Visiting: aten_view_copy_default_141, aten.view_copy.default
[INFO 2026-06-27 10:56:29,543 qnn_preprocess.py:68] Visiting: aten_view_copy_default_151, aten.view_copy.default
[INFO 2026-06-27 10:56:29,544 qnn_preprocess.py:68] Visiting: aten_add_tensor_9, aten.add.Tensor
[INFO 2026-06-27 10:56:29,544 qnn_preprocess.py:68] Visiting: aten__safe_softmax_default_1, aten._safe_softmax.default
[INFO 2026-06-27 10:56:29,545 qnn_preprocess.py:68] Visiting: aten_view_copy_default_158, aten.view_copy.default
[INFO 2026-06-27 10:56:29,546 qnn_preprocess.py:68] Visiting: aten_bmm_default_3, aten.bmm.default
[INFO 2026-06-27 10:56:29,546 qnn_preprocess.py:68] Visiting: aten_view_copy_default_160, aten.view_copy.default
[INFO 2026-06-27 10:56:29,547 qnn_preprocess.py:68] Visiting: aten_permute_copy_default_275, aten.permute_copy.default
[INFO 2026-06-27 10:56:29,547 qnn_preprocess.py:68] Visiting: aten_view_copy_default_161, aten.view_copy.default
[INFO 2026-06-27 10:56:29,548 qnn_preprocess.py:68] Visiting: aten_linear_default_12, aten.linear.default
[INFO 2026-06-27 10:56:29,551 qnn_preprocess.py:68] Visiting: aten_view_copy_default_162, aten.view_copy.default
[INFO 2026-06-27 10:56:29,551 qnn_preprocess.py:68] Visiting: aten_permute_copy_default_37, aten.permute_copy.default
[INFO 2026-06-27 10:56:29,552 qnn_preprocess.py:68] Visiting: aten_add_tensor_10, aten.add.Tensor
[INFO 2026-06-27 10:56:29,553 qnn_preprocess.py:68] Visiting: aten_native_layer_norm_default_11, aten.native_layer_norm.default
[INFO 2026-06-27 10:56:29,555 qnn_preprocess.py:68] Visiting: getitem_21, getitem
[INFO 2026-06-27 10:56:29,555 qnn_preprocess.py:68] Visiting: aten_view_copy_default_163, aten.view_copy.default
[INFO 2026-06-27 10:56:29,555 qnn_preprocess.py:68] Visiting: aten_linear_default_13, aten.linear.default
[INFO 2026-06-27 10:56:29,560 qnn_preprocess.py:68] Visiting: aten_view_copy_default_164, aten.view_copy.default
[INFO 2026-06-27 10:56:29,561 qnn_preprocess.py:68] Visiting: aten_gelu_default_9, aten.gelu.default
[INFO 2026-06-27 10:56:29,561 qnn_preprocess.py:68] Visiting: aten_view_copy_default_165, aten.view_copy.default
[INFO 2026-06-27 10:56:29,562 qnn_preprocess.py:68] Visiting: aten_linear_default_14, aten.linear.default
[INFO 2026-06-27 10:56:29,567 qnn_preprocess.py:68] Visiting: aten_view_copy_default_166, aten.view_copy.default
[INFO 2026-06-27 10:56:29,568 qnn_preprocess.py:68] Visiting: aten_add_tensor_11, aten.add.Tensor
[INFO 2026-06-27 10:56:29,569 qnn_preprocess.py:68] Visiting: aten_native_layer_norm_default_12, aten.native_layer_norm.default
[INFO 2026-06-27 10:56:29,571 qnn_preprocess.py:68] Visiting: getitem_22, getitem
[INFO 2026-06-27 10:56:29,571 qnn_preprocess.py:68] Visiting: aten_view_copy_default_167, aten.view_copy.default
[INFO 2026-06-27 10:56:29,571 qnn_preprocess.py:68] Visiting: aten_permute_copy_default_39, aten.permute_copy.default
[INFO 2026-06-27 10:56:29,572 qnn_preprocess.py:68] Visiting: aten_permute_copy_default_38, aten.permute_copy.default
[INFO 2026-06-27 10:56:29,573 qnn_preprocess.py:68] Visiting: aten_view_copy_default_173, aten.view_copy.default
[INFO 2026-06-27 10:56:29,573 qnn_preprocess.py:68] Visiting: aten_view_copy_default_174, aten.view_copy.default
[INFO 2026-06-27 10:56:29,573 qnn_preprocess.py:68] Visiting: aten_view_copy_default_175, aten.view_copy.default
[INFO 2026-06-27 10:56:29,574 qnn_preprocess.py:68] Visiting: aten_view_copy_default_168, aten.view_copy.default
[INFO 2026-06-27 10:56:29,574 qnn_preprocess.py:68] Visiting: aten_linear_default_18, aten.linear.default
[INFO 2026-06-27 10:56:29,577 qnn_preprocess.py:68] Visiting: aten_linear_default_17, aten.linear.default
[INFO 2026-06-27 10:56:29,579 qnn_preprocess.py:68] Visiting: aten_linear_default_16, aten.linear.default
[INFO 2026-06-27 10:56:29,582 qnn_preprocess.py:68] Visiting: aten_linear_default_15, aten.linear.default
[INFO 2026-06-27 10:56:29,584 qnn_preprocess.py:68] Visiting: aten_view_copy_default_178, aten.view_copy.default
[INFO 2026-06-27 10:56:29,584 qnn_preprocess.py:68] Visiting: aten_view_copy_default_177, aten.view_copy.default
[INFO 2026-06-27 10:56:29,585 qnn_preprocess.py:68] Visiting: aten_view_copy_default_176, aten.view_copy.default
[INFO 2026-06-27 10:56:29,585 qnn_preprocess.py:68] Visiting: aten_view_copy_default_169, aten.view_copy.default
[INFO 2026-06-27 10:56:29,586 qnn_preprocess.py:68] Visiting: aten_view_copy_default_181, aten.view_copy.default
[INFO 2026-06-27 10:56:29,586 qnn_preprocess.py:68] Visiting: aten_view_copy_default_180, aten.view_copy.default
[INFO 2026-06-27 10:56:29,586 qnn_preprocess.py:68] Visiting: aten_view_copy_default_179, aten.view_copy.default
[INFO 2026-06-27 10:56:29,587 qnn_preprocess.py:68] Visiting: aten_view_copy_default_170, aten.view_copy.default
[INFO 2026-06-27 10:56:29,587 qnn_preprocess.py:68] Visiting: aten_permute_copy_default_42, aten.permute_copy.default
[INFO 2026-06-27 10:56:29,588 qnn_preprocess.py:68] Visiting: aten_permute_copy_default_41, aten.permute_copy.default
[INFO 2026-06-27 10:56:29,589 qnn_preprocess.py:68] Visiting: aten_permute_copy_default_40, aten.permute_copy.default
[INFO 2026-06-27 10:56:29,589 qnn_preprocess.py:68] Visiting: aten_sum_dim_int_list_2, aten.sum.dim_IntList
[INFO 2026-06-27 10:56:29,590 qnn_preprocess.py:68] Visiting: aten_view_copy_default_185, aten.view_copy.default
[INFO 2026-06-27 10:56:29,590 qnn_preprocess.py:68] Visiting: aten_view_copy_default_184, aten.view_copy.default
[INFO 2026-06-27 10:56:29,591 qnn_preprocess.py:68] Visiting: aten_view_copy_default_183, aten.view_copy.default
[INFO 2026-06-27 10:56:29,591 qnn_preprocess.py:68] Visiting: aten_sigmoid_default_2, aten.sigmoid.default
[INFO 2026-06-27 10:56:29,592 qnn_preprocess.py:68] Visiting: aten_view_copy_default_190, aten.view_copy.default
[INFO 2026-06-27 10:56:29,592 qnn_preprocess.py:68] Visiting: aten_permute_copy_default_43, aten.permute_copy.default
[INFO 2026-06-27 10:56:29,593 qnn_preprocess.py:68] Visiting: aten_mul_tensor_16, aten.mul.Tensor
[INFO 2026-06-27 10:56:29,594 qnn_preprocess.py:68] Visiting: aten_split_with_sizes_copy_default_4, aten.split_with_sizes_copy.default
[INFO 2026-06-27 10:56:29,595 qnn_preprocess.py:68] Visiting: aten_mul_tensor_17, aten.mul.Tensor
[INFO 2026-06-27 10:56:29,596 qnn_preprocess.py:68] Visiting: aten_view_copy_default_186, aten.view_copy.default
[INFO 2026-06-27 10:56:29,596 qnn_preprocess.py:68] Visiting: getitem_23, getitem
[INFO 2026-06-27 10:56:29,596 qnn_preprocess.py:68] Visiting: getitem_24, getitem
[INFO 2026-06-27 10:56:29,596 qnn_preprocess.py:68] Visiting: aten_view_copy_default_187, aten.view_copy.default
[INFO 2026-06-27 10:56:29,596 qnn_preprocess.py:68] Visiting: aten_mul_tensor_13, aten.mul.Tensor
[INFO 2026-06-27 10:56:29,598 qnn_preprocess.py:68] Visiting: aten_bmm_default_4, aten.bmm.default
[INFO 2026-06-27 10:56:29,599 qnn_preprocess.py:68] Visiting: aten_sub_tensor_4, aten.sub.Tensor
[INFO 2026-06-27 10:56:29,600 qnn_preprocess.py:68] Visiting: aten_view_copy_default_188, aten.view_copy.default
[INFO 2026-06-27 10:56:29,600 qnn_preprocess.py:68] Visiting: aten_mul_tensor_14, aten.mul.Tensor
[INFO 2026-06-27 10:56:29,601 qnn_preprocess.py:68] Visiting: aten_add_tensor_12, aten.add.Tensor
[INFO 2026-06-27 10:56:29,602 qnn_preprocess.py:68] Visiting: aten_view_copy_default_171, aten.view_copy.default
[INFO 2026-06-27 10:56:29,602 qnn_preprocess.py:68] Visiting: aten_mul_tensor_15, aten.mul.Tensor
[INFO 2026-06-27 10:56:29,603 qnn_preprocess.py:68] Visiting: aten_view_copy_default_172, aten.view_copy.default
[INFO 2026-06-27 10:56:29,603 qnn_preprocess.py:68] Visiting: aten_view_copy_default_182, aten.view_copy.default
[INFO 2026-06-27 10:56:29,604 qnn_preprocess.py:68] Visiting: aten_add_tensor_13, aten.add.Tensor
[INFO 2026-06-27 10:56:29,605 qnn_preprocess.py:68] Visiting: aten__safe_softmax_default_2, aten._safe_softmax.default
[INFO 2026-06-27 10:56:29,605 qnn_preprocess.py:68] Visiting: aten_view_copy_default_189, aten.view_copy.default
[INFO 2026-06-27 10:56:29,606 qnn_preprocess.py:68] Visiting: aten_bmm_default_5, aten.bmm.default
[INFO 2026-06-27 10:56:29,606 qnn_preprocess.py:68] Visiting: aten_view_copy_default_191, aten.view_copy.default
[INFO 2026-06-27 10:56:29,607 qnn_preprocess.py:68] Visiting: aten_permute_copy_default_276, aten.permute_copy.default
[INFO 2026-06-27 10:56:29,608 qnn_preprocess.py:68] Visiting: aten_view_copy_default_192, aten.view_copy.default
[INFO 2026-06-27 10:56:29,608 qnn_preprocess.py:68] Visiting: aten_linear_default_19, aten.linear.default
[INFO 2026-06-27 10:56:29,611 qnn_preprocess.py:68] Visiting: aten_view_copy_default_193, aten.view_copy.default
[INFO 2026-06-27 10:56:29,612 qnn_preprocess.py:68] Visiting: aten_permute_copy_default_47, aten.permute_copy.default
[INFO 2026-06-27 10:56:29,612 qnn_preprocess.py:68] Visiting: aten_add_tensor_14, aten.add.Tensor
[INFO 2026-06-27 10:56:29,613 qnn_preprocess.py:68] Visiting: aten_native_layer_norm_default_13, aten.native_layer_norm.default
[INFO 2026-06-27 10:56:29,615 qnn_preprocess.py:68] Visiting: getitem_28, getitem
[INFO 2026-06-27 10:56:29,615 qnn_preprocess.py:68] Visiting: aten_view_copy_default_194, aten.view_copy.default
[INFO 2026-06-27 10:56:29,616 qnn_preprocess.py:68] Visiting: aten_linear_default_20, aten.linear.default
[INFO 2026-06-27 10:56:29,621 qnn_preprocess.py:68] Visiting: aten_view_copy_default_195, aten.view_copy.default
[INFO 2026-06-27 10:56:29,622 qnn_preprocess.py:68] Visiting: aten_gelu_default_10, aten.gelu.default
[INFO 2026-06-27 10:56:29,622 qnn_preprocess.py:68] Visiting: aten_view_copy_default_196, aten.view_copy.default
[INFO 2026-06-27 10:56:29,623 qnn_preprocess.py:68] Visiting: aten_linear_default_21, aten.linear.default
[INFO 2026-06-27 10:56:29,627 qnn_preprocess.py:68] Visiting: aten_view_copy_default_197, aten.view_copy.default
[INFO 2026-06-27 10:56:29,628 qnn_preprocess.py:68] Visiting: aten_add_tensor_15, aten.add.Tensor
[INFO 2026-06-27 10:56:29,629 qnn_preprocess.py:68] Visiting: aten_native_layer_norm_default_14, aten.native_layer_norm.default
[INFO 2026-06-27 10:56:29,631 qnn_preprocess.py:68] Visiting: getitem_29, getitem
[INFO 2026-06-27 10:56:29,631 qnn_preprocess.py:68] Visiting: aten_view_copy_default_198, aten.view_copy.default
[INFO 2026-06-27 10:56:29,631 qnn_preprocess.py:68] Visiting: aten_permute_copy_default_49, aten.permute_copy.default
[INFO 2026-06-27 10:56:29,632 qnn_preprocess.py:68] Visiting: aten_permute_copy_default_48, aten.permute_copy.default
[INFO 2026-06-27 10:56:29,633 qnn_preprocess.py:68] Visiting: aten_view_copy_default_204, aten.view_copy.default
[INFO 2026-06-27 10:56:29,633 qnn_preprocess.py:68] Visiting: aten_view_copy_default_205, aten.view_copy.default
[INFO 2026-06-27 10:56:29,634 qnn_preprocess.py:68] Visiting: aten_view_copy_default_206, aten.view_copy.default
[INFO 2026-06-27 10:56:29,634 qnn_preprocess.py:68] Visiting: aten_view_copy_default_199, aten.view_copy.default
[INFO 2026-06-27 10:56:29,634 qnn_preprocess.py:68] Visiting: aten_linear_default_25, aten.linear.default
[INFO 2026-06-27 10:56:29,637 qnn_preprocess.py:68] Visiting: aten_linear_default_24, aten.linear.default
[INFO 2026-06-27 10:56:29,639 qnn_preprocess.py:68] Visiting: aten_linear_default_23, aten.linear.default
[INFO 2026-06-27 10:56:29,641 qnn_preprocess.py:68] Visiting: aten_linear_default_22, aten.linear.default
[INFO 2026-06-27 10:56:29,644 qnn_preprocess.py:68] Visiting: aten_view_copy_default_209, aten.view_copy.default
[INFO 2026-06-27 10:56:29,644 qnn_preprocess.py:68] Visiting: aten_view_copy_default_208, aten.view_copy.default
[INFO 2026-06-27 10:56:29,645 qnn_preprocess.py:68] Visiting: aten_view_copy_default_207, aten.view_copy.default
[INFO 2026-06-27 10:56:29,645 qnn_preprocess.py:68] Visiting: aten_view_copy_default_200, aten.view_copy.default
[INFO 2026-06-27 10:56:29,646 qnn_preprocess.py:68] Visiting: aten_view_copy_default_212, aten.view_copy.default
[INFO 2026-06-27 10:56:29,646 qnn_preprocess.py:68] Visiting: aten_view_copy_default_211, aten.view_copy.default
[INFO 2026-06-27 10:56:29,647 qnn_preprocess.py:68] Visiting: aten_view_copy_default_210, aten.view_copy.default
[INFO 2026-06-27 10:56:29,647 qnn_preprocess.py:68] Visiting: aten_view_copy_default_201, aten.view_copy.default
[INFO 2026-06-27 10:56:29,647 qnn_preprocess.py:68] Visiting: aten_permute_copy_default_52, aten.permute_copy.default
[INFO 2026-06-27 10:56:29,648 qnn_preprocess.py:68] Visiting: aten_permute_copy_default_51, aten.permute_copy.default
[INFO 2026-06-27 10:56:29,649 qnn_preprocess.py:68] Visiting: aten_permute_copy_default_50, aten.permute_copy.default
[INFO 2026-06-27 10:56:29,649 qnn_preprocess.py:68] Visiting: aten_sum_dim_int_list_3, aten.sum.dim_IntList
[INFO 2026-06-27 10:56:29,650 qnn_preprocess.py:68] Visiting: aten_view_copy_default_216, aten.view_copy.default
[INFO 2026-06-27 10:56:29,650 qnn_preprocess.py:68] Visiting: aten_view_copy_default_215, aten.view_copy.default
[INFO 2026-06-27 10:56:29,651 qnn_preprocess.py:68] Visiting: aten_view_copy_default_214, aten.view_copy.default
[INFO 2026-06-27 10:56:29,651 qnn_preprocess.py:68] Visiting: aten_sigmoid_default_3, aten.sigmoid.default
[INFO 2026-06-27 10:56:29,652 qnn_preprocess.py:68] Visiting: aten_view_copy_default_221, aten.view_copy.default
[INFO 2026-06-27 10:56:29,652 qnn_preprocess.py:68] Visiting: aten_permute_copy_default_53, aten.permute_copy.default
[INFO 2026-06-27 10:56:29,653 qnn_preprocess.py:68] Visiting: aten_mul_tensor_21, aten.mul.Tensor
[INFO 2026-06-27 10:56:29,654 qnn_preprocess.py:68] Visiting: aten_split_with_sizes_copy_default_6, aten.split_with_sizes_copy.default
[INFO 2026-06-27 10:56:29,655 qnn_preprocess.py:68] Visiting: aten_mul_tensor_22, aten.mul.Tensor
[INFO 2026-06-27 10:56:29,656 qnn_preprocess.py:68] Visiting: aten_view_copy_default_217, aten.view_copy.default
[INFO 2026-06-27 10:56:29,656 qnn_preprocess.py:68] Visiting: getitem_30, getitem
[INFO 2026-06-27 10:56:29,656 qnn_preprocess.py:68] Visiting: getitem_31, getitem
[INFO 2026-06-27 10:56:29,656 qnn_preprocess.py:68] Visiting: aten_view_copy_default_218, aten.view_copy.default
[INFO 2026-06-27 10:56:29,657 qnn_preprocess.py:68] Visiting: aten_mul_tensor_18, aten.mul.Tensor
[INFO 2026-06-27 10:56:29,658 qnn_preprocess.py:68] Visiting: aten_bmm_default_6, aten.bmm.default
[INFO 2026-06-27 10:56:29,659 qnn_preprocess.py:68] Visiting: aten_sub_tensor_5, aten.sub.Tensor
[INFO 2026-06-27 10:56:29,660 qnn_preprocess.py:68] Visiting: aten_view_copy_default_219, aten.view_copy.default
[INFO 2026-06-27 10:56:29,660 qnn_preprocess.py:68] Visiting: aten_mul_tensor_19, aten.mul.Tensor
[INFO 2026-06-27 10:56:29,661 qnn_preprocess.py:68] Visiting: aten_add_tensor_16, aten.add.Tensor
[INFO 2026-06-27 10:56:29,662 qnn_preprocess.py:68] Visiting: aten_view_copy_default_202, aten.view_copy.default
[INFO 2026-06-27 10:56:29,662 qnn_preprocess.py:68] Visiting: aten_mul_tensor_20, aten.mul.Tensor
[INFO 2026-06-27 10:56:29,663 qnn_preprocess.py:68] Visiting: aten_view_copy_default_203, aten.view_copy.default
[INFO 2026-06-27 10:56:29,663 qnn_preprocess.py:68] Visiting: aten_view_copy_default_213, aten.view_copy.default
[INFO 2026-06-27 10:56:29,664 qnn_preprocess.py:68] Visiting: aten_add_tensor_17, aten.add.Tensor
[INFO 2026-06-27 10:56:29,665 qnn_preprocess.py:68] Visiting: aten__safe_softmax_default_3, aten._safe_softmax.default
[INFO 2026-06-27 10:56:29,665 qnn_preprocess.py:68] Visiting: aten_view_copy_default_220, aten.view_copy.default
[INFO 2026-06-27 10:56:29,666 qnn_preprocess.py:68] Visiting: aten_bmm_default_7, aten.bmm.default
[INFO 2026-06-27 10:56:29,667 qnn_preprocess.py:68] Visiting: aten_view_copy_default_222, aten.view_copy.default
[INFO 2026-06-27 10:56:29,667 qnn_preprocess.py:68] Visiting: aten_permute_copy_default_277, aten.permute_copy.default
[INFO 2026-06-27 10:56:29,668 qnn_preprocess.py:68] Visiting: aten_view_copy_default_223, aten.view_copy.default
[INFO 2026-06-27 10:56:29,668 qnn_preprocess.py:68] Visiting: aten_linear_default_26, aten.linear.default
[INFO 2026-06-27 10:56:29,671 qnn_preprocess.py:68] Visiting: aten_view_copy_default_224, aten.view_copy.default
[INFO 2026-06-27 10:56:29,671 qnn_preprocess.py:68] Visiting: aten_permute_copy_default_57, aten.permute_copy.default
[INFO 2026-06-27 10:56:29,672 qnn_preprocess.py:68] Visiting: aten_add_tensor_18, aten.add.Tensor
[INFO 2026-06-27 10:56:29,673 qnn_preprocess.py:68] Visiting: aten_native_layer_norm_default_15, aten.native_layer_norm.default
[INFO 2026-06-27 10:56:29,675 qnn_preprocess.py:68] Visiting: getitem_35, getitem
[INFO 2026-06-27 10:56:29,675 qnn_preprocess.py:68] Visiting: aten_view_copy_default_225, aten.view_copy.default
[INFO 2026-06-27 10:56:29,676 qnn_preprocess.py:68] Visiting: aten_linear_default_27, aten.linear.default
[INFO 2026-06-27 10:56:29,681 qnn_preprocess.py:68] Visiting: aten_view_copy_default_226, aten.view_copy.default
[INFO 2026-06-27 10:56:29,681 qnn_preprocess.py:68] Visiting: aten_gelu_default_11, aten.gelu.default
[INFO 2026-06-27 10:56:29,682 qnn_preprocess.py:68] Visiting: aten_view_copy_default_227, aten.view_copy.default
[INFO 2026-06-27 10:56:29,682 qnn_preprocess.py:68] Visiting: aten_linear_default_28, aten.linear.default
[INFO 2026-06-27 10:56:29,687 qnn_preprocess.py:68] Visiting: aten_view_copy_default_228, aten.view_copy.default
[INFO 2026-06-27 10:56:29,688 qnn_preprocess.py:68] Visiting: aten_add_tensor_19, aten.add.Tensor
[INFO 2026-06-27 10:56:29,688 qnn_preprocess.py:68] Visiting: aten_native_layer_norm_default_16, aten.native_layer_norm.default
[INFO 2026-06-27 10:56:29,691 qnn_preprocess.py:68] Visiting: getitem_36, getitem
[INFO 2026-06-27 10:56:29,691 qnn_preprocess.py:68] Visiting: aten_view_copy_default_229, aten.view_copy.default
[INFO 2026-06-27 10:56:29,691 qnn_preprocess.py:68] Visiting: aten_permute_copy_default_59, aten.permute_copy.default
[INFO 2026-06-27 10:56:29,692 qnn_preprocess.py:68] Visiting: aten_permute_copy_default_58, aten.permute_copy.default
[INFO 2026-06-27 10:56:29,692 qnn_preprocess.py:68] Visiting: aten_view_copy_default_235, aten.view_copy.default
[INFO 2026-06-27 10:56:29,693 qnn_preprocess.py:68] Visiting: aten_view_copy_default_236, aten.view_copy.default
[INFO 2026-06-27 10:56:29,693 qnn_preprocess.py:68] Visiting: aten_view_copy_default_237, aten.view_copy.default
[INFO 2026-06-27 10:56:29,694 qnn_preprocess.py:68] Visiting: aten_view_copy_default_230, aten.view_copy.default
[INFO 2026-06-27 10:56:29,694 qnn_preprocess.py:68] Visiting: aten_linear_default_32, aten.linear.default
[INFO 2026-06-27 10:56:29,696 qnn_preprocess.py:68] Visiting: aten_linear_default_31, aten.linear.default
[INFO 2026-06-27 10:56:29,699 qnn_preprocess.py:68] Visiting: aten_linear_default_30, aten.linear.default
[INFO 2026-06-27 10:56:29,701 qnn_preprocess.py:68] Visiting: aten_linear_default_29, aten.linear.default
[INFO 2026-06-27 10:56:29,703 qnn_preprocess.py:68] Visiting: aten_view_copy_default_240, aten.view_copy.default
[INFO 2026-06-27 10:56:29,704 qnn_preprocess.py:68] Visiting: aten_view_copy_default_239, aten.view_copy.default
[INFO 2026-06-27 10:56:29,704 qnn_preprocess.py:68] Visiting: aten_view_copy_default_238, aten.view_copy.default
[INFO 2026-06-27 10:56:29,705 qnn_preprocess.py:68] Visiting: aten_view_copy_default_231, aten.view_copy.default
[INFO 2026-06-27 10:56:29,705 qnn_preprocess.py:68] Visiting: aten_view_copy_default_243, aten.view_copy.default
[INFO 2026-06-27 10:56:29,705 qnn_preprocess.py:68] Visiting: aten_view_copy_default_242, aten.view_copy.default
[INFO 2026-06-27 10:56:29,706 qnn_preprocess.py:68] Visiting: aten_view_copy_default_241, aten.view_copy.default
[INFO 2026-06-27 10:56:29,706 qnn_preprocess.py:68] Visiting: aten_view_copy_default_232, aten.view_copy.default
[INFO 2026-06-27 10:56:29,707 qnn_preprocess.py:68] Visiting: aten_permute_copy_default_62, aten.permute_copy.default
[INFO 2026-06-27 10:56:29,707 qnn_preprocess.py:68] Visiting: aten_permute_copy_default_61, aten.permute_copy.default
[INFO 2026-06-27 10:56:29,708 qnn_preprocess.py:68] Visiting: aten_permute_copy_default_60, aten.permute_copy.default
[INFO 2026-06-27 10:56:29,709 qnn_preprocess.py:68] Visiting: aten_sum_dim_int_list_4, aten.sum.dim_IntList
[INFO 2026-06-27 10:56:29,709 qnn_preprocess.py:68] Visiting: aten_view_copy_default_247, aten.view_copy.default
[INFO 2026-06-27 10:56:29,710 qnn_preprocess.py:68] Visiting: aten_view_copy_default_246, aten.view_copy.default
[INFO 2026-06-27 10:56:29,710 qnn_preprocess.py:68] Visiting: aten_view_copy_default_245, aten.view_copy.default
[INFO 2026-06-27 10:56:29,710 qnn_preprocess.py:68] Visiting: aten_sigmoid_default_4, aten.sigmoid.default
[INFO 2026-06-27 10:56:29,711 qnn_preprocess.py:68] Visiting: aten_view_copy_default_252, aten.view_copy.default
[INFO 2026-06-27 10:56:29,712 qnn_preprocess.py:68] Visiting: aten_permute_copy_default_63, aten.permute_copy.default
[INFO 2026-06-27 10:56:29,712 qnn_preprocess.py:68] Visiting: aten_mul_tensor_26, aten.mul.Tensor
[INFO 2026-06-27 10:56:29,713 qnn_preprocess.py:68] Visiting: aten_split_with_sizes_copy_default_8, aten.split_with_sizes_copy.default
[INFO 2026-06-27 10:56:29,714 qnn_preprocess.py:68] Visiting: aten_mul_tensor_27, aten.mul.Tensor
[INFO 2026-06-27 10:56:29,715 qnn_preprocess.py:68] Visiting: aten_view_copy_default_248, aten.view_copy.default
[INFO 2026-06-27 10:56:29,715 qnn_preprocess.py:68] Visiting: getitem_37, getitem
[INFO 2026-06-27 10:56:29,715 qnn_preprocess.py:68] Visiting: getitem_38, getitem
[INFO 2026-06-27 10:56:29,715 qnn_preprocess.py:68] Visiting: aten_view_copy_default_249, aten.view_copy.default
[INFO 2026-06-27 10:56:29,716 qnn_preprocess.py:68] Visiting: aten_mul_tensor_23, aten.mul.Tensor
[INFO 2026-06-27 10:56:29,717 qnn_preprocess.py:68] Visiting: aten_bmm_default_8, aten.bmm.default
[INFO 2026-06-27 10:56:29,718 qnn_preprocess.py:68] Visiting: aten_sub_tensor_6, aten.sub.Tensor
[INFO 2026-06-27 10:56:29,719 qnn_preprocess.py:68] Visiting: aten_view_copy_default_250, aten.view_copy.default
[INFO 2026-06-27 10:56:29,719 qnn_preprocess.py:68] Visiting: aten_mul_tensor_24, aten.mul.Tensor
[INFO 2026-06-27 10:56:29,720 qnn_preprocess.py:68] Visiting: aten_add_tensor_20, aten.add.Tensor
[INFO 2026-06-27 10:56:29,721 qnn_preprocess.py:68] Visiting: aten_view_copy_default_233, aten.view_copy.default
[INFO 2026-06-27 10:56:29,721 qnn_preprocess.py:68] Visiting: aten_mul_tensor_25, aten.mul.Tensor
[INFO 2026-06-27 10:56:29,722 qnn_preprocess.py:68] Visiting: aten_view_copy_default_234, aten.view_copy.default
[INFO 2026-06-27 10:56:29,722 qnn_preprocess.py:68] Visiting: aten_view_copy_default_244, aten.view_copy.default
[INFO 2026-06-27 10:56:29,723 qnn_preprocess.py:68] Visiting: aten_add_tensor_21, aten.add.Tensor
[INFO 2026-06-27 10:56:29,724 qnn_preprocess.py:68] Visiting: aten__safe_softmax_default_4, aten._safe_softmax.default
[INFO 2026-06-27 10:56:29,724 qnn_preprocess.py:68] Visiting: aten_view_copy_default_251, aten.view_copy.default
[INFO 2026-06-27 10:56:29,725 qnn_preprocess.py:68] Visiting: aten_bmm_default_9, aten.bmm.default
[INFO 2026-06-27 10:56:29,725 qnn_preprocess.py:68] Visiting: aten_view_copy_default_253, aten.view_copy.default
[INFO 2026-06-27 10:56:29,726 qnn_preprocess.py:68] Visiting: aten_permute_copy_default_278, aten.permute_copy.default
[INFO 2026-06-27 10:56:29,727 qnn_preprocess.py:68] Visiting: aten_view_copy_default_254, aten.view_copy.default
[INFO 2026-06-27 10:56:29,727 qnn_preprocess.py:68] Visiting: aten_linear_default_33, aten.linear.default
[INFO 2026-06-27 10:56:29,730 qnn_preprocess.py:68] Visiting: aten_view_copy_default_255, aten.view_copy.default
[INFO 2026-06-27 10:56:29,730 qnn_preprocess.py:68] Visiting: aten_permute_copy_default_67, aten.permute_copy.default
[INFO 2026-06-27 10:56:29,731 qnn_preprocess.py:68] Visiting: aten_add_tensor_22, aten.add.Tensor
[INFO 2026-06-27 10:56:29,732 qnn_preprocess.py:68] Visiting: aten_native_layer_norm_default_17, aten.native_layer_norm.default
[INFO 2026-06-27 10:56:29,734 qnn_preprocess.py:68] Visiting: getitem_42, getitem
[INFO 2026-06-27 10:56:29,734 qnn_preprocess.py:68] Visiting: aten_view_copy_default_256, aten.view_copy.default
[INFO 2026-06-27 10:56:29,735 qnn_preprocess.py:68] Visiting: aten_linear_default_34, aten.linear.default
[INFO 2026-06-27 10:56:29,739 qnn_preprocess.py:68] Visiting: aten_view_copy_default_257, aten.view_copy.default
[INFO 2026-06-27 10:56:29,740 qnn_preprocess.py:68] Visiting: aten_gelu_default_12, aten.gelu.default
[INFO 2026-06-27 10:56:29,740 qnn_preprocess.py:68] Visiting: aten_view_copy_default_258, aten.view_copy.default
[INFO 2026-06-27 10:56:29,741 qnn_preprocess.py:68] Visiting: aten_linear_default_35, aten.linear.default
[INFO 2026-06-27 10:56:29,745 qnn_preprocess.py:68] Visiting: aten_view_copy_default_259, aten.view_copy.default
[INFO 2026-06-27 10:56:29,746 qnn_preprocess.py:68] Visiting: aten_add_tensor_23, aten.add.Tensor
[INFO 2026-06-27 10:56:29,747 qnn_preprocess.py:68] Visiting: aten_native_layer_norm_default_18, aten.native_layer_norm.default
[INFO 2026-06-27 10:56:29,749 qnn_preprocess.py:68] Visiting: getitem_43, getitem
[INFO 2026-06-27 10:56:29,749 qnn_preprocess.py:68] Visiting: aten_view_copy_default_260, aten.view_copy.default
[INFO 2026-06-27 10:56:29,749 qnn_preprocess.py:68] Visiting: aten_permute_copy_default_69, aten.permute_copy.default
[INFO 2026-06-27 10:56:29,750 qnn_preprocess.py:68] Visiting: aten_permute_copy_default_68, aten.permute_copy.default
[INFO 2026-06-27 10:56:29,751 qnn_preprocess.py:68] Visiting: aten_view_copy_default_266, aten.view_copy.default
[INFO 2026-06-27 10:56:29,751 qnn_preprocess.py:68] Visiting: aten_view_copy_default_267, aten.view_copy.default
[INFO 2026-06-27 10:56:29,752 qnn_preprocess.py:68] Visiting: aten_view_copy_default_268, aten.view_copy.default
[INFO 2026-06-27 10:56:29,752 qnn_preprocess.py:68] Visiting: aten_view_copy_default_261, aten.view_copy.default
[INFO 2026-06-27 10:56:29,752 qnn_preprocess.py:68] Visiting: aten_linear_default_39, aten.linear.default
[INFO 2026-06-27 10:56:29,755 qnn_preprocess.py:68] Visiting: aten_linear_default_38, aten.linear.default
[INFO 2026-06-27 10:56:29,757 qnn_preprocess.py:68] Visiting: aten_linear_default_37, aten.linear.default
[INFO 2026-06-27 10:56:29,760 qnn_preprocess.py:68] Visiting: aten_linear_default_36, aten.linear.default
[INFO 2026-06-27 10:56:29,762 qnn_preprocess.py:68] Visiting: aten_view_copy_default_271, aten.view_copy.default
[INFO 2026-06-27 10:56:29,763 qnn_preprocess.py:68] Visiting: aten_view_copy_default_270, aten.view_copy.default
[INFO 2026-06-27 10:56:29,763 qnn_preprocess.py:68] Visiting: aten_view_copy_default_269, aten.view_copy.default
[INFO 2026-06-27 10:56:29,764 qnn_preprocess.py:68] Visiting: aten_view_copy_default_262, aten.view_copy.default
[INFO 2026-06-27 10:56:29,764 qnn_preprocess.py:68] Visiting: aten_view_copy_default_274, aten.view_copy.default
[INFO 2026-06-27 10:56:29,765 qnn_preprocess.py:68] Visiting: aten_view_copy_default_273, aten.view_copy.default
[INFO 2026-06-27 10:56:29,765 qnn_preprocess.py:68] Visiting: aten_view_copy_default_272, aten.view_copy.default
[INFO 2026-06-27 10:56:29,765 qnn_preprocess.py:68] Visiting: aten_view_copy_default_263, aten.view_copy.default
[INFO 2026-06-27 10:56:29,766 qnn_preprocess.py:68] Visiting: aten_permute_copy_default_72, aten.permute_copy.default
[INFO 2026-06-27 10:56:29,767 qnn_preprocess.py:68] Visiting: aten_permute_copy_default_71, aten.permute_copy.default
[INFO 2026-06-27 10:56:29,767 qnn_preprocess.py:68] Visiting: aten_permute_copy_default_70, aten.permute_copy.default
[INFO 2026-06-27 10:56:29,768 qnn_preprocess.py:68] Visiting: aten_sum_dim_int_list_5, aten.sum.dim_IntList
[INFO 2026-06-27 10:56:29,769 qnn_preprocess.py:68] Visiting: aten_view_copy_default_278, aten.view_copy.default
[INFO 2026-06-27 10:56:29,769 qnn_preprocess.py:68] Visiting: aten_view_copy_default_277, aten.view_copy.default
[INFO 2026-06-27 10:56:29,769 qnn_preprocess.py:68] Visiting: aten_view_copy_default_276, aten.view_copy.default
[INFO 2026-06-27 10:56:29,770 qnn_preprocess.py:68] Visiting: aten_sigmoid_default_5, aten.sigmoid.default
[INFO 2026-06-27 10:56:29,770 qnn_preprocess.py:68] Visiting: aten_view_copy_default_283, aten.view_copy.default
[INFO 2026-06-27 10:56:29,771 qnn_preprocess.py:68] Visiting: aten_permute_copy_default_73, aten.permute_copy.default
[INFO 2026-06-27 10:56:29,771 qnn_preprocess.py:68] Visiting: aten_mul_tensor_31, aten.mul.Tensor
[INFO 2026-06-27 10:56:29,772 qnn_preprocess.py:68] Visiting: aten_split_with_sizes_copy_default_10, aten.split_with_sizes_copy.default
[INFO 2026-06-27 10:56:29,773 qnn_preprocess.py:68] Visiting: aten_mul_tensor_32, aten.mul.Tensor
[INFO 2026-06-27 10:56:29,774 qnn_preprocess.py:68] Visiting: aten_view_copy_default_279, aten.view_copy.default
[INFO 2026-06-27 10:56:29,775 qnn_preprocess.py:68] Visiting: getitem_44, getitem
[INFO 2026-06-27 10:56:29,775 qnn_preprocess.py:68] Visiting: getitem_45, getitem
[INFO 2026-06-27 10:56:29,775 qnn_preprocess.py:68] Visiting: aten_view_copy_default_280, aten.view_copy.default
[INFO 2026-06-27 10:56:29,775 qnn_preprocess.py:68] Visiting: aten_mul_tensor_28, aten.mul.Tensor
[INFO 2026-06-27 10:56:29,777 qnn_preprocess.py:68] Visiting: aten_bmm_default_10, aten.bmm.default
[INFO 2026-06-27 10:56:29,777 qnn_preprocess.py:68] Visiting: aten_sub_tensor_7, aten.sub.Tensor
[INFO 2026-06-27 10:56:29,778 qnn_preprocess.py:68] Visiting: aten_view_copy_default_281, aten.view_copy.default
[INFO 2026-06-27 10:56:29,779 qnn_preprocess.py:68] Visiting: aten_mul_tensor_29, aten.mul.Tensor
[INFO 2026-06-27 10:56:29,779 qnn_preprocess.py:68] Visiting: aten_add_tensor_24, aten.add.Tensor
[INFO 2026-06-27 10:56:29,780 qnn_preprocess.py:68] Visiting: aten_view_copy_default_264, aten.view_copy.default
[INFO 2026-06-27 10:56:29,781 qnn_preprocess.py:68] Visiting: aten_mul_tensor_30, aten.mul.Tensor
[INFO 2026-06-27 10:56:29,781 qnn_preprocess.py:68] Visiting: aten_view_copy_default_265, aten.view_copy.default
[INFO 2026-06-27 10:56:29,782 qnn_preprocess.py:68] Visiting: aten_view_copy_default_275, aten.view_copy.default
[INFO 2026-06-27 10:56:29,782 qnn_preprocess.py:68] Visiting: aten_add_tensor_25, aten.add.Tensor
[INFO 2026-06-27 10:56:29,783 qnn_preprocess.py:68] Visiting: aten__safe_softmax_default_5, aten._safe_softmax.default
[INFO 2026-06-27 10:56:29,784 qnn_preprocess.py:68] Visiting: aten_view_copy_default_282, aten.view_copy.default
[INFO 2026-06-27 10:56:29,784 qnn_preprocess.py:68] Visiting: aten_bmm_default_11, aten.bmm.default
[INFO 2026-06-27 10:56:29,785 qnn_preprocess.py:68] Visiting: aten_view_copy_default_284, aten.view_copy.default
[INFO 2026-06-27 10:56:29,785 qnn_preprocess.py:68] Visiting: aten_permute_copy_default_279, aten.permute_copy.default
[INFO 2026-06-27 10:56:29,786 qnn_preprocess.py:68] Visiting: aten_view_copy_default_285, aten.view_copy.default
[INFO 2026-06-27 10:56:29,786 qnn_preprocess.py:68] Visiting: aten_linear_default_40, aten.linear.default
[INFO 2026-06-27 10:56:29,790 qnn_preprocess.py:68] Visiting: aten_view_copy_default_286, aten.view_copy.default
[INFO 2026-06-27 10:56:29,790 qnn_preprocess.py:68] Visiting: aten_permute_copy_default_77, aten.permute_copy.default
[INFO 2026-06-27 10:56:29,791 qnn_preprocess.py:68] Visiting: aten_add_tensor_26, aten.add.Tensor
[INFO 2026-06-27 10:56:29,792 qnn_preprocess.py:68] Visiting: aten_native_layer_norm_default_19, aten.native_layer_norm.default
[INFO 2026-06-27 10:56:29,794 qnn_preprocess.py:68] Visiting: getitem_49, getitem
[INFO 2026-06-27 10:56:29,794 qnn_preprocess.py:68] Visiting: aten_view_copy_default_287, aten.view_copy.default
[INFO 2026-06-27 10:56:29,794 qnn_preprocess.py:68] Visiting: aten_linear_default_41, aten.linear.default
[INFO 2026-06-27 10:56:29,800 qnn_preprocess.py:68] Visiting: aten_view_copy_default_288, aten.view_copy.default
[INFO 2026-06-27 10:56:29,800 qnn_preprocess.py:68] Visiting: aten_gelu_default_13, aten.gelu.default
[INFO 2026-06-27 10:56:29,801 qnn_preprocess.py:68] Visiting: aten_view_copy_default_289, aten.view_copy.default
[INFO 2026-06-27 10:56:29,801 qnn_preprocess.py:68] Visiting: aten_linear_default_42, aten.linear.default
[INFO 2026-06-27 10:56:29,806 qnn_preprocess.py:68] Visiting: aten_view_copy_default_290, aten.view_copy.default
[INFO 2026-06-27 10:56:29,806 qnn_preprocess.py:68] Visiting: aten_add_tensor_27, aten.add.Tensor
[INFO 2026-06-27 10:56:29,807 qnn_preprocess.py:68] Visiting: aten_native_layer_norm_default_20, aten.native_layer_norm.default
[INFO 2026-06-27 10:56:29,809 qnn_preprocess.py:68] Visiting: getitem_50, getitem
[INFO 2026-06-27 10:56:29,809 qnn_preprocess.py:68] Visiting: aten_view_copy_default_291, aten.view_copy.default
[INFO 2026-06-27 10:56:29,810 qnn_preprocess.py:68] Visiting: aten_permute_copy_default_79, aten.permute_copy.default
[INFO 2026-06-27 10:56:29,811 qnn_preprocess.py:68] Visiting: aten_permute_copy_default_78, aten.permute_copy.default
[INFO 2026-06-27 10:56:29,811 qnn_preprocess.py:68] Visiting: aten_view_copy_default_297, aten.view_copy.default
[INFO 2026-06-27 10:56:29,812 qnn_preprocess.py:68] Visiting: aten_view_copy_default_298, aten.view_copy.default
[INFO 2026-06-27 10:56:29,812 qnn_preprocess.py:68] Visiting: aten_view_copy_default_299, aten.view_copy.default
[INFO 2026-06-27 10:56:29,813 qnn_preprocess.py:68] Visiting: aten_view_copy_default_292, aten.view_copy.default
[INFO 2026-06-27 10:56:29,813 qnn_preprocess.py:68] Visiting: aten_linear_default_46, aten.linear.default
[INFO 2026-06-27 10:56:29,815 qnn_preprocess.py:68] Visiting: aten_linear_default_45, aten.linear.default
[INFO 2026-06-27 10:56:29,818 qnn_preprocess.py:68] Visiting: aten_linear_default_44, aten.linear.default
[INFO 2026-06-27 10:56:29,820 qnn_preprocess.py:68] Visiting: aten_linear_default_43, aten.linear.default
[INFO 2026-06-27 10:56:29,822 qnn_preprocess.py:68] Visiting: aten_view_copy_default_302, aten.view_copy.default
[INFO 2026-06-27 10:56:29,823 qnn_preprocess.py:68] Visiting: aten_view_copy_default_301, aten.view_copy.default
[INFO 2026-06-27 10:56:29,823 qnn_preprocess.py:68] Visiting: aten_view_copy_default_300, aten.view_copy.default
[INFO 2026-06-27 10:56:29,823 qnn_preprocess.py:68] Visiting: aten_view_copy_default_293, aten.view_copy.default
[INFO 2026-06-27 10:56:29,824 qnn_preprocess.py:68] Visiting: aten_view_copy_default_305, aten.view_copy.default
[INFO 2026-06-27 10:56:29,824 qnn_preprocess.py:68] Visiting: aten_view_copy_default_304, aten.view_copy.default
[INFO 2026-06-27 10:56:29,825 qnn_preprocess.py:68] Visiting: aten_view_copy_default_303, aten.view_copy.default
[INFO 2026-06-27 10:56:29,825 qnn_preprocess.py:68] Visiting: aten_view_copy_default_294, aten.view_copy.default
[INFO 2026-06-27 10:56:29,826 qnn_preprocess.py:68] Visiting: aten_permute_copy_default_82, aten.permute_copy.default
[INFO 2026-06-27 10:56:29,826 qnn_preprocess.py:68] Visiting: aten_permute_copy_default_81, aten.permute_copy.default
[INFO 2026-06-27 10:56:29,827 qnn_preprocess.py:68] Visiting: aten_permute_copy_default_80, aten.permute_copy.default
[INFO 2026-06-27 10:56:29,827 qnn_preprocess.py:68] Visiting: aten_sum_dim_int_list_6, aten.sum.dim_IntList
[INFO 2026-06-27 10:56:29,828 qnn_preprocess.py:68] Visiting: aten_view_copy_default_309, aten.view_copy.default
[INFO 2026-06-27 10:56:29,829 qnn_preprocess.py:68] Visiting: aten_view_copy_default_308, aten.view_copy.default
[INFO 2026-06-27 10:56:29,829 qnn_preprocess.py:68] Visiting: aten_view_copy_default_307, aten.view_copy.default
[INFO 2026-06-27 10:56:29,829 qnn_preprocess.py:68] Visiting: aten_sigmoid_default_6, aten.sigmoid.default
[INFO 2026-06-27 10:56:29,830 qnn_preprocess.py:68] Visiting: aten_view_copy_default_314, aten.view_copy.default
[INFO 2026-06-27 10:56:29,830 qnn_preprocess.py:68] Visiting: aten_permute_copy_default_83, aten.permute_copy.default
[INFO 2026-06-27 10:56:29,831 qnn_preprocess.py:68] Visiting: aten_mul_tensor_36, aten.mul.Tensor
[INFO 2026-06-27 10:56:29,832 qnn_preprocess.py:68] Visiting: aten_split_with_sizes_copy_default_12, aten.split_with_sizes_copy.default
[INFO 2026-06-27 10:56:29,833 qnn_preprocess.py:68] Visiting: aten_mul_tensor_37, aten.mul.Tensor
[INFO 2026-06-27 10:56:29,834 qnn_preprocess.py:68] Visiting: aten_view_copy_default_310, aten.view_copy.default
[INFO 2026-06-27 10:56:29,834 qnn_preprocess.py:68] Visiting: getitem_51, getitem
[INFO 2026-06-27 10:56:29,834 qnn_preprocess.py:68] Visiting: getitem_52, getitem
[INFO 2026-06-27 10:56:29,834 qnn_preprocess.py:68] Visiting: aten_view_copy_default_311, aten.view_copy.default
[INFO 2026-06-27 10:56:29,835 qnn_preprocess.py:68] Visiting: aten_mul_tensor_33, aten.mul.Tensor
[INFO 2026-06-27 10:56:29,836 qnn_preprocess.py:68] Visiting: aten_bmm_default_12, aten.bmm.default
[INFO 2026-06-27 10:56:29,837 qnn_preprocess.py:68] Visiting: aten_sub_tensor_8, aten.sub.Tensor
[INFO 2026-06-27 10:56:29,838 qnn_preprocess.py:68] Visiting: aten_view_copy_default_312, aten.view_copy.default
[INFO 2026-06-27 10:56:29,838 qnn_preprocess.py:68] Visiting: aten_mul_tensor_34, aten.mul.Tensor
[INFO 2026-06-27 10:56:29,839 qnn_preprocess.py:68] Visiting: aten_add_tensor_28, aten.add.Tensor
[INFO 2026-06-27 10:56:29,840 qnn_preprocess.py:68] Visiting: aten_view_copy_default_295, aten.view_copy.default
[INFO 2026-06-27 10:56:29,840 qnn_preprocess.py:68] Visiting: aten_mul_tensor_35, aten.mul.Tensor
[INFO 2026-06-27 10:56:29,841 qnn_preprocess.py:68] Visiting: aten_view_copy_default_296, aten.view_copy.default
[INFO 2026-06-27 10:56:29,841 qnn_preprocess.py:68] Visiting: aten_view_copy_default_306, aten.view_copy.default
[INFO 2026-06-27 10:56:29,842 qnn_preprocess.py:68] Visiting: aten_add_tensor_29, aten.add.Tensor
[INFO 2026-06-27 10:56:29,842 qnn_preprocess.py:68] Visiting: aten__safe_softmax_default_6, aten._safe_softmax.default
[INFO 2026-06-27 10:56:29,843 qnn_preprocess.py:68] Visiting: aten_view_copy_default_313, aten.view_copy.default
[INFO 2026-06-27 10:56:29,844 qnn_preprocess.py:68] Visiting: aten_bmm_default_13, aten.bmm.default
[INFO 2026-06-27 10:56:29,844 qnn_preprocess.py:68] Visiting: aten_view_copy_default_315, aten.view_copy.default
[INFO 2026-06-27 10:56:29,845 qnn_preprocess.py:68] Visiting: aten_permute_copy_default_280, aten.permute_copy.default
[INFO 2026-06-27 10:56:29,845 qnn_preprocess.py:68] Visiting: aten_view_copy_default_316, aten.view_copy.default
[INFO 2026-06-27 10:56:29,846 qnn_preprocess.py:68] Visiting: aten_linear_default_47, aten.linear.default
[INFO 2026-06-27 10:56:29,849 qnn_preprocess.py:68] Visiting: aten_view_copy_default_317, aten.view_copy.default
[INFO 2026-06-27 10:56:29,849 qnn_preprocess.py:68] Visiting: aten_permute_copy_default_87, aten.permute_copy.default
[INFO 2026-06-27 10:56:29,850 qnn_preprocess.py:68] Visiting: aten_add_tensor_30, aten.add.Tensor
[INFO 2026-06-27 10:56:29,851 qnn_preprocess.py:68] Visiting: aten_native_layer_norm_default_21, aten.native_layer_norm.default
[INFO 2026-06-27 10:56:29,853 qnn_preprocess.py:68] Visiting: getitem_56, getitem
[INFO 2026-06-27 10:56:29,853 qnn_preprocess.py:68] Visiting: aten_view_copy_default_318, aten.view_copy.default
[INFO 2026-06-27 10:56:29,853 qnn_preprocess.py:68] Visiting: aten_linear_default_48, aten.linear.default
[INFO 2026-06-27 10:56:29,859 qnn_preprocess.py:68] Visiting: aten_view_copy_default_319, aten.view_copy.default
[INFO 2026-06-27 10:56:29,859 qnn_preprocess.py:68] Visiting: aten_gelu_default_14, aten.gelu.default
[INFO 2026-06-27 10:56:29,860 qnn_preprocess.py:68] Visiting: aten_view_copy_default_320, aten.view_copy.default
[INFO 2026-06-27 10:56:29,860 qnn_preprocess.py:68] Visiting: aten_linear_default_49, aten.linear.default
[INFO 2026-06-27 10:56:29,865 qnn_preprocess.py:68] Visiting: aten_view_copy_default_321, aten.view_copy.default
[INFO 2026-06-27 10:56:29,866 qnn_preprocess.py:68] Visiting: aten_add_tensor_31, aten.add.Tensor
[INFO 2026-06-27 10:56:29,866 qnn_preprocess.py:68] Visiting: aten_native_layer_norm_default_22, aten.native_layer_norm.default
[INFO 2026-06-27 10:56:29,869 qnn_preprocess.py:68] Visiting: getitem_57, getitem
[INFO 2026-06-27 10:56:29,869 qnn_preprocess.py:68] Visiting: aten_view_copy_default_322, aten.view_copy.default
[INFO 2026-06-27 10:56:29,869 qnn_preprocess.py:68] Visiting: aten_permute_copy_default_89, aten.permute_copy.default
[INFO 2026-06-27 10:56:29,870 qnn_preprocess.py:68] Visiting: aten_permute_copy_default_88, aten.permute_copy.default
[INFO 2026-06-27 10:56:29,870 qnn_preprocess.py:68] Visiting: aten_view_copy_default_328, aten.view_copy.default
[INFO 2026-06-27 10:56:29,871 qnn_preprocess.py:68] Visiting: aten_view_copy_default_329, aten.view_copy.default
[INFO 2026-06-27 10:56:29,871 qnn_preprocess.py:68] Visiting: aten_view_copy_default_330, aten.view_copy.default
[INFO 2026-06-27 10:56:29,872 qnn_preprocess.py:68] Visiting: aten_view_copy_default_323, aten.view_copy.default
[INFO 2026-06-27 10:56:29,872 qnn_preprocess.py:68] Visiting: aten_linear_default_53, aten.linear.default
[INFO 2026-06-27 10:56:29,875 qnn_preprocess.py:68] Visiting: aten_linear_default_52, aten.linear.default
[INFO 2026-06-27 10:56:29,877 qnn_preprocess.py:68] Visiting: aten_linear_default_51, aten.linear.default
[INFO 2026-06-27 10:56:29,879 qnn_preprocess.py:68] Visiting: aten_linear_default_50, aten.linear.default
[INFO 2026-06-27 10:56:29,882 qnn_preprocess.py:68] Visiting: aten_view_copy_default_333, aten.view_copy.default
[INFO 2026-06-27 10:56:29,882 qnn_preprocess.py:68] Visiting: aten_view_copy_default_332, aten.view_copy.default
[INFO 2026-06-27 10:56:29,882 qnn_preprocess.py:68] Visiting: aten_view_copy_default_331, aten.view_copy.default
[INFO 2026-06-27 10:56:29,883 qnn_preprocess.py:68] Visiting: aten_view_copy_default_324, aten.view_copy.default
[INFO 2026-06-27 10:56:29,883 qnn_preprocess.py:68] Visiting: aten_view_copy_default_336, aten.view_copy.default
[INFO 2026-06-27 10:56:29,884 qnn_preprocess.py:68] Visiting: aten_view_copy_default_335, aten.view_copy.default
[INFO 2026-06-27 10:56:29,884 qnn_preprocess.py:68] Visiting: aten_view_copy_default_334, aten.view_copy.default
[INFO 2026-06-27 10:56:29,885 qnn_preprocess.py:68] Visiting: aten_view_copy_default_325, aten.view_copy.default
[INFO 2026-06-27 10:56:29,885 qnn_preprocess.py:68] Visiting: aten_permute_copy_default_92, aten.permute_copy.default
[INFO 2026-06-27 10:56:29,886 qnn_preprocess.py:68] Visiting: aten_permute_copy_default_91, aten.permute_copy.default
[INFO 2026-06-27 10:56:29,886 qnn_preprocess.py:68] Visiting: aten_permute_copy_default_90, aten.permute_copy.default
[INFO 2026-06-27 10:56:29,887 qnn_preprocess.py:68] Visiting: aten_sum_dim_int_list_7, aten.sum.dim_IntList
[INFO 2026-06-27 10:56:29,888 qnn_preprocess.py:68] Visiting: aten_view_copy_default_340, aten.view_copy.default
[INFO 2026-06-27 10:56:29,888 qnn_preprocess.py:68] Visiting: aten_view_copy_default_339, aten.view_copy.default
[INFO 2026-06-27 10:56:29,889 qnn_preprocess.py:68] Visiting: aten_view_copy_default_338, aten.view_copy.default
[INFO 2026-06-27 10:56:29,889 qnn_preprocess.py:68] Visiting: aten_sigmoid_default_7, aten.sigmoid.default
[INFO 2026-06-27 10:56:29,890 qnn_preprocess.py:68] Visiting: aten_view_copy_default_345, aten.view_copy.default
[INFO 2026-06-27 10:56:29,890 qnn_preprocess.py:68] Visiting: aten_permute_copy_default_93, aten.permute_copy.default
[INFO 2026-06-27 10:56:29,891 qnn_preprocess.py:68] Visiting: aten_mul_tensor_41, aten.mul.Tensor
[INFO 2026-06-27 10:56:29,892 qnn_preprocess.py:68] Visiting: aten_split_with_sizes_copy_default_14, aten.split_with_sizes_copy.default
[INFO 2026-06-27 10:56:29,893 qnn_preprocess.py:68] Visiting: aten_mul_tensor_42, aten.mul.Tensor
[INFO 2026-06-27 10:56:29,893 qnn_preprocess.py:68] Visiting: aten_view_copy_default_341, aten.view_copy.default
[INFO 2026-06-27 10:56:29,894 qnn_preprocess.py:68] Visiting: getitem_58, getitem
[INFO 2026-06-27 10:56:29,894 qnn_preprocess.py:68] Visiting: getitem_59, getitem
[INFO 2026-06-27 10:56:29,894 qnn_preprocess.py:68] Visiting: aten_view_copy_default_342, aten.view_copy.default
[INFO 2026-06-27 10:56:29,894 qnn_preprocess.py:68] Visiting: aten_mul_tensor_38, aten.mul.Tensor
[INFO 2026-06-27 10:56:29,896 qnn_preprocess.py:68] Visiting: aten_bmm_default_14, aten.bmm.default
[INFO 2026-06-27 10:56:29,897 qnn_preprocess.py:68] Visiting: aten_sub_tensor_9, aten.sub.Tensor
[INFO 2026-06-27 10:56:29,897 qnn_preprocess.py:68] Visiting: aten_view_copy_default_343, aten.view_copy.default
[INFO 2026-06-27 10:56:29,898 qnn_preprocess.py:68] Visiting: aten_mul_tensor_39, aten.mul.Tensor
[INFO 2026-06-27 10:56:29,899 qnn_preprocess.py:68] Visiting: aten_add_tensor_32, aten.add.Tensor
[INFO 2026-06-27 10:56:29,900 qnn_preprocess.py:68] Visiting: aten_view_copy_default_326, aten.view_copy.default
[INFO 2026-06-27 10:56:29,900 qnn_preprocess.py:68] Visiting: aten_mul_tensor_40, aten.mul.Tensor
[INFO 2026-06-27 10:56:29,901 qnn_preprocess.py:68] Visiting: aten_view_copy_default_327, aten.view_copy.default
[INFO 2026-06-27 10:56:29,901 qnn_preprocess.py:68] Visiting: aten_view_copy_default_337, aten.view_copy.default
[INFO 2026-06-27 10:56:29,902 qnn_preprocess.py:68] Visiting: aten_add_tensor_33, aten.add.Tensor
[INFO 2026-06-27 10:56:29,902 qnn_preprocess.py:68] Visiting: aten__safe_softmax_default_7, aten._safe_softmax.default
[INFO 2026-06-27 10:56:29,903 qnn_preprocess.py:68] Visiting: aten_view_copy_default_344, aten.view_copy.default
[INFO 2026-06-27 10:56:29,904 qnn_preprocess.py:68] Visiting: aten_bmm_default_15, aten.bmm.default
[INFO 2026-06-27 10:56:29,904 qnn_preprocess.py:68] Visiting: aten_view_copy_default_346, aten.view_copy.default
[INFO 2026-06-27 10:56:29,905 qnn_preprocess.py:68] Visiting: aten_permute_copy_default_281, aten.permute_copy.default
[INFO 2026-06-27 10:56:29,905 qnn_preprocess.py:68] Visiting: aten_view_copy_default_347, aten.view_copy.default
[INFO 2026-06-27 10:56:29,906 qnn_preprocess.py:68] Visiting: aten_linear_default_54, aten.linear.default
[INFO 2026-06-27 10:56:29,909 qnn_preprocess.py:68] Visiting: aten_view_copy_default_348, aten.view_copy.default
[INFO 2026-06-27 10:56:29,909 qnn_preprocess.py:68] Visiting: aten_permute_copy_default_97, aten.permute_copy.default
[INFO 2026-06-27 10:56:29,910 qnn_preprocess.py:68] Visiting: aten_add_tensor_34, aten.add.Tensor
[INFO 2026-06-27 10:56:29,911 qnn_preprocess.py:68] Visiting: aten_native_layer_norm_default_23, aten.native_layer_norm.default
[INFO 2026-06-27 10:56:29,913 qnn_preprocess.py:68] Visiting: getitem_63, getitem
[INFO 2026-06-27 10:56:29,913 qnn_preprocess.py:68] Visiting: aten_view_copy_default_349, aten.view_copy.default
[INFO 2026-06-27 10:56:29,914 qnn_preprocess.py:68] Visiting: aten_linear_default_55, aten.linear.default
[INFO 2026-06-27 10:56:29,919 qnn_preprocess.py:68] Visiting: aten_view_copy_default_350, aten.view_copy.default
[INFO 2026-06-27 10:56:29,919 qnn_preprocess.py:68] Visiting: aten_gelu_default_15, aten.gelu.default
[INFO 2026-06-27 10:56:29,920 qnn_preprocess.py:68] Visiting: aten_view_copy_default_351, aten.view_copy.default
[INFO 2026-06-27 10:56:29,920 qnn_preprocess.py:68] Visiting: aten_linear_default_56, aten.linear.default
[INFO 2026-06-27 10:56:29,926 qnn_preprocess.py:68] Visiting: aten_view_copy_default_352, aten.view_copy.default
[INFO 2026-06-27 10:56:29,926 qnn_preprocess.py:68] Visiting: aten_add_tensor_35, aten.add.Tensor
[INFO 2026-06-27 10:56:29,927 qnn_preprocess.py:68] Visiting: aten_native_layer_norm_default_24, aten.native_layer_norm.default
[INFO 2026-06-27 10:56:29,929 qnn_preprocess.py:68] Visiting: getitem_64, getitem
[INFO 2026-06-27 10:56:29,929 qnn_preprocess.py:68] Visiting: aten_view_copy_default_353, aten.view_copy.default
[INFO 2026-06-27 10:56:29,930 qnn_preprocess.py:68] Visiting: aten_permute_copy_default_99, aten.permute_copy.default
[INFO 2026-06-27 10:56:29,930 qnn_preprocess.py:68] Visiting: aten_permute_copy_default_98, aten.permute_copy.default
[INFO 2026-06-27 10:56:29,931 qnn_preprocess.py:68] Visiting: aten_view_copy_default_359, aten.view_copy.default
[INFO 2026-06-27 10:56:29,931 qnn_preprocess.py:68] Visiting: aten_view_copy_default_360, aten.view_copy.default
[INFO 2026-06-27 10:56:29,932 qnn_preprocess.py:68] Visiting: aten_view_copy_default_361, aten.view_copy.default
[INFO 2026-06-27 10:56:29,932 qnn_preprocess.py:68] Visiting: aten_view_copy_default_354, aten.view_copy.default
[INFO 2026-06-27 10:56:29,933 qnn_preprocess.py:68] Visiting: aten_linear_default_60, aten.linear.default
[INFO 2026-06-27 10:56:29,935 qnn_preprocess.py:68] Visiting: aten_linear_default_59, aten.linear.default
[INFO 2026-06-27 10:56:29,938 qnn_preprocess.py:68] Visiting: aten_linear_default_58, aten.linear.default
[INFO 2026-06-27 10:56:29,940 qnn_preprocess.py:68] Visiting: aten_linear_default_57, aten.linear.default
[INFO 2026-06-27 10:56:29,942 qnn_preprocess.py:68] Visiting: aten_view_copy_default_364, aten.view_copy.default
[INFO 2026-06-27 10:56:29,943 qnn_preprocess.py:68] Visiting: aten_view_copy_default_363, aten.view_copy.default
[INFO 2026-06-27 10:56:29,943 qnn_preprocess.py:68] Visiting: aten_view_copy_default_362, aten.view_copy.default
[INFO 2026-06-27 10:56:29,944 qnn_preprocess.py:68] Visiting: aten_view_copy_default_355, aten.view_copy.default
[INFO 2026-06-27 10:56:29,944 qnn_preprocess.py:68] Visiting: aten_view_copy_default_367, aten.view_copy.default
[INFO 2026-06-27 10:56:29,944 qnn_preprocess.py:68] Visiting: aten_view_copy_default_366, aten.view_copy.default
[INFO 2026-06-27 10:56:29,945 qnn_preprocess.py:68] Visiting: aten_view_copy_default_365, aten.view_copy.default
[INFO 2026-06-27 10:56:29,945 qnn_preprocess.py:68] Visiting: aten_view_copy_default_356, aten.view_copy.default
[INFO 2026-06-27 10:56:29,946 qnn_preprocess.py:68] Visiting: aten_permute_copy_default_102, aten.permute_copy.default
[INFO 2026-06-27 10:56:29,946 qnn_preprocess.py:68] Visiting: aten_permute_copy_default_101, aten.permute_copy.default
[INFO 2026-06-27 10:56:29,947 qnn_preprocess.py:68] Visiting: aten_permute_copy_default_100, aten.permute_copy.default
[INFO 2026-06-27 10:56:29,948 qnn_preprocess.py:68] Visiting: aten_sum_dim_int_list_8, aten.sum.dim_IntList
[INFO 2026-06-27 10:56:29,948 qnn_preprocess.py:68] Visiting: aten_view_copy_default_371, aten.view_copy.default
[INFO 2026-06-27 10:56:29,949 qnn_preprocess.py:68] Visiting: aten_view_copy_default_370, aten.view_copy.default
[INFO 2026-06-27 10:56:29,949 qnn_preprocess.py:68] Visiting: aten_view_copy_default_369, aten.view_copy.default
[INFO 2026-06-27 10:56:29,950 qnn_preprocess.py:68] Visiting: aten_sigmoid_default_8, aten.sigmoid.default
[INFO 2026-06-27 10:56:29,950 qnn_preprocess.py:68] Visiting: aten_view_copy_default_376, aten.view_copy.default
[INFO 2026-06-27 10:56:29,951 qnn_preprocess.py:68] Visiting: aten_permute_copy_default_103, aten.permute_copy.default
[INFO 2026-06-27 10:56:29,951 qnn_preprocess.py:68] Visiting: aten_mul_tensor_46, aten.mul.Tensor
[INFO 2026-06-27 10:56:29,952 qnn_preprocess.py:68] Visiting: aten_split_with_sizes_copy_default_16, aten.split_with_sizes_copy.default
[INFO 2026-06-27 10:56:29,953 qnn_preprocess.py:68] Visiting: aten_mul_tensor_47, aten.mul.Tensor
[INFO 2026-06-27 10:56:29,954 qnn_preprocess.py:68] Visiting: aten_view_copy_default_372, aten.view_copy.default
[INFO 2026-06-27 10:56:29,954 qnn_preprocess.py:68] Visiting: getitem_65, getitem
[INFO 2026-06-27 10:56:29,955 qnn_preprocess.py:68] Visiting: getitem_66, getitem
[INFO 2026-06-27 10:56:29,955 qnn_preprocess.py:68] Visiting: aten_view_copy_default_373, aten.view_copy.default
[INFO 2026-06-27 10:56:29,955 qnn_preprocess.py:68] Visiting: aten_mul_tensor_43, aten.mul.Tensor
[INFO 2026-06-27 10:56:29,956 qnn_preprocess.py:68] Visiting: aten_bmm_default_16, aten.bmm.default
[INFO 2026-06-27 10:56:29,957 qnn_preprocess.py:68] Visiting: aten_sub_tensor_10, aten.sub.Tensor
[INFO 2026-06-27 10:56:29,958 qnn_preprocess.py:68] Visiting: aten_view_copy_default_374, aten.view_copy.default
[INFO 2026-06-27 10:56:29,958 qnn_preprocess.py:68] Visiting: aten_mul_tensor_44, aten.mul.Tensor
[INFO 2026-06-27 10:56:29,959 qnn_preprocess.py:68] Visiting: aten_add_tensor_36, aten.add.Tensor
[INFO 2026-06-27 10:56:29,960 qnn_preprocess.py:68] Visiting: aten_view_copy_default_357, aten.view_copy.default
[INFO 2026-06-27 10:56:29,960 qnn_preprocess.py:68] Visiting: aten_mul_tensor_45, aten.mul.Tensor
[INFO 2026-06-27 10:56:29,961 qnn_preprocess.py:68] Visiting: aten_view_copy_default_358, aten.view_copy.default
[INFO 2026-06-27 10:56:29,962 qnn_preprocess.py:68] Visiting: aten_view_copy_default_368, aten.view_copy.default
[INFO 2026-06-27 10:56:29,962 qnn_preprocess.py:68] Visiting: aten_add_tensor_37, aten.add.Tensor
[INFO 2026-06-27 10:56:29,963 qnn_preprocess.py:68] Visiting: aten__safe_softmax_default_8, aten._safe_softmax.default
[INFO 2026-06-27 10:56:29,964 qnn_preprocess.py:68] Visiting: aten_view_copy_default_375, aten.view_copy.default
[INFO 2026-06-27 10:56:29,964 qnn_preprocess.py:68] Visiting: aten_bmm_default_17, aten.bmm.default
[INFO 2026-06-27 10:56:29,965 qnn_preprocess.py:68] Visiting: aten_view_copy_default_377, aten.view_copy.default
[INFO 2026-06-27 10:56:29,965 qnn_preprocess.py:68] Visiting: aten_permute_copy_default_282, aten.permute_copy.default
[INFO 2026-06-27 10:56:29,966 qnn_preprocess.py:68] Visiting: aten_view_copy_default_378, aten.view_copy.default
[INFO 2026-06-27 10:56:29,966 qnn_preprocess.py:68] Visiting: aten_linear_default_61, aten.linear.default
[INFO 2026-06-27 10:56:29,969 qnn_preprocess.py:68] Visiting: aten_view_copy_default_379, aten.view_copy.default
[INFO 2026-06-27 10:56:29,970 qnn_preprocess.py:68] Visiting: aten_permute_copy_default_107, aten.permute_copy.default
[INFO 2026-06-27 10:56:29,970 qnn_preprocess.py:68] Visiting: aten_add_tensor_38, aten.add.Tensor
[INFO 2026-06-27 10:56:29,971 qnn_preprocess.py:68] Visiting: aten_native_layer_norm_default_25, aten.native_layer_norm.default
[INFO 2026-06-27 10:56:29,973 qnn_preprocess.py:68] Visiting: getitem_70, getitem
[INFO 2026-06-27 10:56:29,973 qnn_preprocess.py:68] Visiting: aten_view_copy_default_380, aten.view_copy.default
[INFO 2026-06-27 10:56:29,974 qnn_preprocess.py:68] Visiting: aten_linear_default_62, aten.linear.default
[INFO 2026-06-27 10:56:29,979 qnn_preprocess.py:68] Visiting: aten_view_copy_default_381, aten.view_copy.default
[INFO 2026-06-27 10:56:29,979 qnn_preprocess.py:68] Visiting: aten_gelu_default_16, aten.gelu.default
[INFO 2026-06-27 10:56:29,980 qnn_preprocess.py:68] Visiting: aten_view_copy_default_382, aten.view_copy.default
[INFO 2026-06-27 10:56:29,980 qnn_preprocess.py:68] Visiting: aten_linear_default_63, aten.linear.default
[INFO 2026-06-27 10:56:29,985 qnn_preprocess.py:68] Visiting: aten_view_copy_default_383, aten.view_copy.default
[INFO 2026-06-27 10:56:29,986 qnn_preprocess.py:68] Visiting: aten_add_tensor_39, aten.add.Tensor
[INFO 2026-06-27 10:56:29,986 qnn_preprocess.py:68] Visiting: aten_native_layer_norm_default_26, aten.native_layer_norm.default
[INFO 2026-06-27 10:56:29,989 qnn_preprocess.py:68] Visiting: getitem_71, getitem
[INFO 2026-06-27 10:56:29,989 qnn_preprocess.py:68] Visiting: aten_view_copy_default_384, aten.view_copy.default
[INFO 2026-06-27 10:56:29,989 qnn_preprocess.py:68] Visiting: aten_permute_copy_default_109, aten.permute_copy.default
[INFO 2026-06-27 10:56:29,990 qnn_preprocess.py:68] Visiting: aten_permute_copy_default_108, aten.permute_copy.default
[INFO 2026-06-27 10:56:29,990 qnn_preprocess.py:68] Visiting: aten_view_copy_default_390, aten.view_copy.default
[INFO 2026-06-27 10:56:29,991 qnn_preprocess.py:68] Visiting: aten_view_copy_default_391, aten.view_copy.default
[INFO 2026-06-27 10:56:29,991 qnn_preprocess.py:68] Visiting: aten_view_copy_default_392, aten.view_copy.default
[INFO 2026-06-27 10:56:29,992 qnn_preprocess.py:68] Visiting: aten_view_copy_default_385, aten.view_copy.default
[INFO 2026-06-27 10:56:29,992 qnn_preprocess.py:68] Visiting: aten_linear_default_67, aten.linear.default
[INFO 2026-06-27 10:56:29,995 qnn_preprocess.py:68] Visiting: aten_linear_default_66, aten.linear.default
[INFO 2026-06-27 10:56:29,997 qnn_preprocess.py:68] Visiting: aten_linear_default_65, aten.linear.default
[INFO 2026-06-27 10:56:29,999 qnn_preprocess.py:68] Visiting: aten_linear_default_64, aten.linear.default
[INFO 2026-06-27 10:56:30,002 qnn_preprocess.py:68] Visiting: aten_view_copy_default_395, aten.view_copy.default
[INFO 2026-06-27 10:56:30,002 qnn_preprocess.py:68] Visiting: aten_view_copy_default_394, aten.view_copy.default
[INFO 2026-06-27 10:56:30,002 qnn_preprocess.py:68] Visiting: aten_view_copy_default_393, aten.view_copy.default
[INFO 2026-06-27 10:56:30,003 qnn_preprocess.py:68] Visiting: aten_view_copy_default_386, aten.view_copy.default
[INFO 2026-06-27 10:56:30,003 qnn_preprocess.py:68] Visiting: aten_view_copy_default_398, aten.view_copy.default
[INFO 2026-06-27 10:56:30,004 qnn_preprocess.py:68] Visiting: aten_view_copy_default_397, aten.view_copy.default
[INFO 2026-06-27 10:56:30,004 qnn_preprocess.py:68] Visiting: aten_view_copy_default_396, aten.view_copy.default
[INFO 2026-06-27 10:56:30,005 qnn_preprocess.py:68] Visiting: aten_view_copy_default_387, aten.view_copy.default
[INFO 2026-06-27 10:56:30,005 qnn_preprocess.py:68] Visiting: aten_permute_copy_default_112, aten.permute_copy.default
[INFO 2026-06-27 10:56:30,006 qnn_preprocess.py:68] Visiting: aten_permute_copy_default_111, aten.permute_copy.default
[INFO 2026-06-27 10:56:30,006 qnn_preprocess.py:68] Visiting: aten_permute_copy_default_110, aten.permute_copy.default
[INFO 2026-06-27 10:56:30,007 qnn_preprocess.py:68] Visiting: aten_sum_dim_int_list_9, aten.sum.dim_IntList
[INFO 2026-06-27 10:56:30,008 qnn_preprocess.py:68] Visiting: aten_view_copy_default_402, aten.view_copy.default
[INFO 2026-06-27 10:56:30,008 qnn_preprocess.py:68] Visiting: aten_view_copy_default_401, aten.view_copy.default
[INFO 2026-06-27 10:56:30,008 qnn_preprocess.py:68] Visiting: aten_view_copy_default_400, aten.view_copy.default
[INFO 2026-06-27 10:56:30,009 qnn_preprocess.py:68] Visiting: aten_sigmoid_default_9, aten.sigmoid.default
[INFO 2026-06-27 10:56:30,009 qnn_preprocess.py:68] Visiting: aten_view_copy_default_407, aten.view_copy.default
[INFO 2026-06-27 10:56:30,010 qnn_preprocess.py:68] Visiting: aten_permute_copy_default_113, aten.permute_copy.default
[INFO 2026-06-27 10:56:30,010 qnn_preprocess.py:68] Visiting: aten_mul_tensor_51, aten.mul.Tensor
[INFO 2026-06-27 10:56:30,011 qnn_preprocess.py:68] Visiting: aten_split_with_sizes_copy_default_18, aten.split_with_sizes_copy.default
[INFO 2026-06-27 10:56:30,012 qnn_preprocess.py:68] Visiting: aten_mul_tensor_52, aten.mul.Tensor
[INFO 2026-06-27 10:56:30,013 qnn_preprocess.py:68] Visiting: aten_view_copy_default_403, aten.view_copy.default
[INFO 2026-06-27 10:56:30,014 qnn_preprocess.py:68] Visiting: getitem_72, getitem
[INFO 2026-06-27 10:56:30,014 qnn_preprocess.py:68] Visiting: getitem_73, getitem
[INFO 2026-06-27 10:56:30,014 qnn_preprocess.py:68] Visiting: aten_view_copy_default_404, aten.view_copy.default
[INFO 2026-06-27 10:56:30,014 qnn_preprocess.py:68] Visiting: aten_mul_tensor_48, aten.mul.Tensor
[INFO 2026-06-27 10:56:30,015 qnn_preprocess.py:68] Visiting: aten_bmm_default_18, aten.bmm.default
[INFO 2026-06-27 10:56:30,016 qnn_preprocess.py:68] Visiting: aten_sub_tensor_11, aten.sub.Tensor
[INFO 2026-06-27 10:56:30,017 qnn_preprocess.py:68] Visiting: aten_view_copy_default_405, aten.view_copy.default
[INFO 2026-06-27 10:56:30,018 qnn_preprocess.py:68] Visiting: aten_mul_tensor_49, aten.mul.Tensor
[INFO 2026-06-27 10:56:30,018 qnn_preprocess.py:68] Visiting: aten_add_tensor_40, aten.add.Tensor
[INFO 2026-06-27 10:56:30,019 qnn_preprocess.py:68] Visiting: aten_view_copy_default_388, aten.view_copy.default
[INFO 2026-06-27 10:56:30,020 qnn_preprocess.py:68] Visiting: aten_mul_tensor_50, aten.mul.Tensor
[INFO 2026-06-27 10:56:30,020 qnn_preprocess.py:68] Visiting: aten_view_copy_default_389, aten.view_copy.default
[INFO 2026-06-27 10:56:30,021 qnn_preprocess.py:68] Visiting: aten_view_copy_default_399, aten.view_copy.default
[INFO 2026-06-27 10:56:30,021 qnn_preprocess.py:68] Visiting: aten_add_tensor_41, aten.add.Tensor
[INFO 2026-06-27 10:56:30,022 qnn_preprocess.py:68] Visiting: aten__safe_softmax_default_9, aten._safe_softmax.default
[INFO 2026-06-27 10:56:30,023 qnn_preprocess.py:68] Visiting: aten_view_copy_default_406, aten.view_copy.default
[INFO 2026-06-27 10:56:30,023 qnn_preprocess.py:68] Visiting: aten_bmm_default_19, aten.bmm.default
[INFO 2026-06-27 10:56:30,024 qnn_preprocess.py:68] Visiting: aten_view_copy_default_408, aten.view_copy.default
[INFO 2026-06-27 10:56:30,024 qnn_preprocess.py:68] Visiting: aten_permute_copy_default_283, aten.permute_copy.default
[INFO 2026-06-27 10:56:30,025 qnn_preprocess.py:68] Visiting: aten_view_copy_default_409, aten.view_copy.default
[INFO 2026-06-27 10:56:30,025 qnn_preprocess.py:68] Visiting: aten_linear_default_68, aten.linear.default
[INFO 2026-06-27 10:56:30,028 qnn_preprocess.py:68] Visiting: aten_view_copy_default_410, aten.view_copy.default
[INFO 2026-06-27 10:56:30,029 qnn_preprocess.py:68] Visiting: aten_permute_copy_default_117, aten.permute_copy.default
[INFO 2026-06-27 10:56:30,029 qnn_preprocess.py:68] Visiting: aten_add_tensor_42, aten.add.Tensor
[INFO 2026-06-27 10:56:30,030 qnn_preprocess.py:68] Visiting: aten_native_layer_norm_default_27, aten.native_layer_norm.default
[INFO 2026-06-27 10:56:30,032 qnn_preprocess.py:68] Visiting: getitem_77, getitem
[INFO 2026-06-27 10:56:30,032 qnn_preprocess.py:68] Visiting: aten_view_copy_default_411, aten.view_copy.default
[INFO 2026-06-27 10:56:30,033 qnn_preprocess.py:68] Visiting: aten_linear_default_69, aten.linear.default
[INFO 2026-06-27 10:56:30,038 qnn_preprocess.py:68] Visiting: aten_view_copy_default_412, aten.view_copy.default
[INFO 2026-06-27 10:56:30,038 qnn_preprocess.py:68] Visiting: aten_gelu_default_17, aten.gelu.default
[INFO 2026-06-27 10:56:30,039 qnn_preprocess.py:68] Visiting: aten_view_copy_default_413, aten.view_copy.default
[INFO 2026-06-27 10:56:30,039 qnn_preprocess.py:68] Visiting: aten_linear_default_70, aten.linear.default
[INFO 2026-06-27 10:56:30,044 qnn_preprocess.py:68] Visiting: aten_view_copy_default_414, aten.view_copy.default
[INFO 2026-06-27 10:56:30,045 qnn_preprocess.py:68] Visiting: aten_add_tensor_43, aten.add.Tensor
[INFO 2026-06-27 10:56:30,046 qnn_preprocess.py:68] Visiting: aten_native_layer_norm_default_28, aten.native_layer_norm.default
[INFO 2026-06-27 10:56:30,048 qnn_preprocess.py:68] Visiting: getitem_78, getitem
[INFO 2026-06-27 10:56:30,048 qnn_preprocess.py:68] Visiting: aten_view_copy_default_415, aten.view_copy.default
[INFO 2026-06-27 10:56:30,048 qnn_preprocess.py:68] Visiting: aten_permute_copy_default_119, aten.permute_copy.default
[INFO 2026-06-27 10:56:30,049 qnn_preprocess.py:68] Visiting: aten_permute_copy_default_118, aten.permute_copy.default
[INFO 2026-06-27 10:56:30,050 qnn_preprocess.py:68] Visiting: aten_view_copy_default_421, aten.view_copy.default
[INFO 2026-06-27 10:56:30,050 qnn_preprocess.py:68] Visiting: aten_view_copy_default_422, aten.view_copy.default
[INFO 2026-06-27 10:56:30,051 qnn_preprocess.py:68] Visiting: aten_view_copy_default_423, aten.view_copy.default
[INFO 2026-06-27 10:56:30,051 qnn_preprocess.py:68] Visiting: aten_view_copy_default_416, aten.view_copy.default
[INFO 2026-06-27 10:56:30,051 qnn_preprocess.py:68] Visiting: aten_linear_default_74, aten.linear.default
[INFO 2026-06-27 10:56:30,054 qnn_preprocess.py:68] Visiting: aten_linear_default_73, aten.linear.default
[INFO 2026-06-27 10:56:30,056 qnn_preprocess.py:68] Visiting: aten_linear_default_72, aten.linear.default
[INFO 2026-06-27 10:56:30,058 qnn_preprocess.py:68] Visiting: aten_linear_default_71, aten.linear.default
[INFO 2026-06-27 10:56:30,061 qnn_preprocess.py:68] Visiting: aten_view_copy_default_426, aten.view_copy.default
[INFO 2026-06-27 10:56:30,061 qnn_preprocess.py:68] Visiting: aten_view_copy_default_425, aten.view_copy.default
[INFO 2026-06-27 10:56:30,062 qnn_preprocess.py:68] Visiting: aten_view_copy_default_424, aten.view_copy.default
[INFO 2026-06-27 10:56:30,062 qnn_preprocess.py:68] Visiting: aten_view_copy_default_417, aten.view_copy.default
[INFO 2026-06-27 10:56:30,062 qnn_preprocess.py:68] Visiting: aten_view_copy_default_429, aten.view_copy.default
[INFO 2026-06-27 10:56:30,063 qnn_preprocess.py:68] Visiting: aten_view_copy_default_428, aten.view_copy.default
[INFO 2026-06-27 10:56:30,063 qnn_preprocess.py:68] Visiting: aten_view_copy_default_427, aten.view_copy.default
[INFO 2026-06-27 10:56:30,064 qnn_preprocess.py:68] Visiting: aten_view_copy_default_418, aten.view_copy.default
[INFO 2026-06-27 10:56:30,064 qnn_preprocess.py:68] Visiting: aten_permute_copy_default_122, aten.permute_copy.default
[INFO 2026-06-27 10:56:30,065 qnn_preprocess.py:68] Visiting: aten_permute_copy_default_121, aten.permute_copy.default
[INFO 2026-06-27 10:56:30,065 qnn_preprocess.py:68] Visiting: aten_permute_copy_default_120, aten.permute_copy.default
[INFO 2026-06-27 10:56:30,066 qnn_preprocess.py:68] Visiting: aten_sum_dim_int_list_10, aten.sum.dim_IntList
[INFO 2026-06-27 10:56:30,067 qnn_preprocess.py:68] Visiting: aten_view_copy_default_433, aten.view_copy.default
[INFO 2026-06-27 10:56:30,067 qnn_preprocess.py:68] Visiting: aten_view_copy_default_432, aten.view_copy.default
[INFO 2026-06-27 10:56:30,068 qnn_preprocess.py:68] Visiting: aten_view_copy_default_431, aten.view_copy.default
[INFO 2026-06-27 10:56:30,068 qnn_preprocess.py:68] Visiting: aten_sigmoid_default_10, aten.sigmoid.default
[INFO 2026-06-27 10:56:30,069 qnn_preprocess.py:68] Visiting: aten_view_copy_default_438, aten.view_copy.default
[INFO 2026-06-27 10:56:30,069 qnn_preprocess.py:68] Visiting: aten_permute_copy_default_123, aten.permute_copy.default
[INFO 2026-06-27 10:56:30,070 qnn_preprocess.py:68] Visiting: aten_mul_tensor_56, aten.mul.Tensor
[INFO 2026-06-27 10:56:30,070 qnn_preprocess.py:68] Visiting: aten_split_with_sizes_copy_default_20, aten.split_with_sizes_copy.default
[INFO 2026-06-27 10:56:30,071 qnn_preprocess.py:68] Visiting: aten_mul_tensor_57, aten.mul.Tensor
[INFO 2026-06-27 10:56:30,072 qnn_preprocess.py:68] Visiting: aten_view_copy_default_434, aten.view_copy.default
[INFO 2026-06-27 10:56:30,073 qnn_preprocess.py:68] Visiting: getitem_79, getitem
[INFO 2026-06-27 10:56:30,073 qnn_preprocess.py:68] Visiting: getitem_80, getitem
[INFO 2026-06-27 10:56:30,073 qnn_preprocess.py:68] Visiting: aten_view_copy_default_435, aten.view_copy.default
[INFO 2026-06-27 10:56:30,073 qnn_preprocess.py:68] Visiting: aten_mul_tensor_53, aten.mul.Tensor
[INFO 2026-06-27 10:56:30,075 qnn_preprocess.py:68] Visiting: aten_bmm_default_20, aten.bmm.default
[INFO 2026-06-27 10:56:30,075 qnn_preprocess.py:68] Visiting: aten_sub_tensor_12, aten.sub.Tensor
[INFO 2026-06-27 10:56:30,076 qnn_preprocess.py:68] Visiting: aten_view_copy_default_436, aten.view_copy.default
[INFO 2026-06-27 10:56:30,077 qnn_preprocess.py:68] Visiting: aten_mul_tensor_54, aten.mul.Tensor
[INFO 2026-06-27 10:56:30,078 qnn_preprocess.py:68] Visiting: aten_add_tensor_44, aten.add.Tensor
[INFO 2026-06-27 10:56:30,079 qnn_preprocess.py:68] Visiting: aten_view_copy_default_419, aten.view_copy.default
[INFO 2026-06-27 10:56:30,079 qnn_preprocess.py:68] Visiting: aten_mul_tensor_55, aten.mul.Tensor
[INFO 2026-06-27 10:56:30,080 qnn_preprocess.py:68] Visiting: aten_view_copy_default_420, aten.view_copy.default
[INFO 2026-06-27 10:56:30,080 qnn_preprocess.py:68] Visiting: aten_view_copy_default_430, aten.view_copy.default
[INFO 2026-06-27 10:56:30,081 qnn_preprocess.py:68] Visiting: aten_add_tensor_45, aten.add.Tensor
[INFO 2026-06-27 10:56:30,081 qnn_preprocess.py:68] Visiting: aten__safe_softmax_default_10, aten._safe_softmax.default
[INFO 2026-06-27 10:56:30,082 qnn_preprocess.py:68] Visiting: aten_view_copy_default_437, aten.view_copy.default
[INFO 2026-06-27 10:56:30,082 qnn_preprocess.py:68] Visiting: aten_bmm_default_21, aten.bmm.default
[INFO 2026-06-27 10:56:30,083 qnn_preprocess.py:68] Visiting: aten_view_copy_default_439, aten.view_copy.default
[INFO 2026-06-27 10:56:30,084 qnn_preprocess.py:68] Visiting: aten_permute_copy_default_284, aten.permute_copy.default
[INFO 2026-06-27 10:56:30,084 qnn_preprocess.py:68] Visiting: aten_view_copy_default_440, aten.view_copy.default
[INFO 2026-06-27 10:56:30,085 qnn_preprocess.py:68] Visiting: aten_linear_default_75, aten.linear.default
[INFO 2026-06-27 10:56:30,088 qnn_preprocess.py:68] Visiting: aten_view_copy_default_441, aten.view_copy.default
[INFO 2026-06-27 10:56:30,088 qnn_preprocess.py:68] Visiting: aten_permute_copy_default_127, aten.permute_copy.default
[INFO 2026-06-27 10:56:30,089 qnn_preprocess.py:68] Visiting: aten_add_tensor_46, aten.add.Tensor
[INFO 2026-06-27 10:56:30,090 qnn_preprocess.py:68] Visiting: aten_native_layer_norm_default_29, aten.native_layer_norm.default
[INFO 2026-06-27 10:56:30,092 qnn_preprocess.py:68] Visiting: getitem_84, getitem
[INFO 2026-06-27 10:56:30,092 qnn_preprocess.py:68] Visiting: aten_view_copy_default_442, aten.view_copy.default
[INFO 2026-06-27 10:56:30,092 qnn_preprocess.py:68] Visiting: aten_linear_default_76, aten.linear.default
[INFO 2026-06-27 10:56:30,098 qnn_preprocess.py:68] Visiting: aten_view_copy_default_443, aten.view_copy.default
[INFO 2026-06-27 10:56:30,098 qnn_preprocess.py:68] Visiting: aten_gelu_default_18, aten.gelu.default
[INFO 2026-06-27 10:56:30,099 qnn_preprocess.py:68] Visiting: aten_view_copy_default_444, aten.view_copy.default
[INFO 2026-06-27 10:56:30,099 qnn_preprocess.py:68] Visiting: aten_linear_default_77, aten.linear.default
[INFO 2026-06-27 10:56:30,105 qnn_preprocess.py:68] Visiting: aten_view_copy_default_445, aten.view_copy.default
[INFO 2026-06-27 10:56:30,105 qnn_preprocess.py:68] Visiting: aten_add_tensor_47, aten.add.Tensor
[INFO 2026-06-27 10:56:30,106 qnn_preprocess.py:68] Visiting: aten_native_layer_norm_default_30, aten.native_layer_norm.default
[INFO 2026-06-27 10:56:30,108 qnn_preprocess.py:68] Visiting: getitem_85, getitem
[INFO 2026-06-27 10:56:30,108 qnn_preprocess.py:68] Visiting: aten_view_copy_default_446, aten.view_copy.default
[INFO 2026-06-27 10:56:30,109 qnn_preprocess.py:68] Visiting: aten_permute_copy_default_129, aten.permute_copy.default
[INFO 2026-06-27 10:56:30,110 qnn_preprocess.py:68] Visiting: aten_permute_copy_default_128, aten.permute_copy.default
[INFO 2026-06-27 10:56:30,110 qnn_preprocess.py:68] Visiting: aten_view_copy_default_452, aten.view_copy.default
[INFO 2026-06-27 10:56:30,111 qnn_preprocess.py:68] Visiting: aten_view_copy_default_453, aten.view_copy.default
[INFO 2026-06-27 10:56:30,111 qnn_preprocess.py:68] Visiting: aten_view_copy_default_454, aten.view_copy.default
[INFO 2026-06-27 10:56:30,112 qnn_preprocess.py:68] Visiting: aten_view_copy_default_447, aten.view_copy.default
[INFO 2026-06-27 10:56:30,112 qnn_preprocess.py:68] Visiting: aten_linear_default_81, aten.linear.default
[INFO 2026-06-27 10:56:30,115 qnn_preprocess.py:68] Visiting: aten_linear_default_80, aten.linear.default
[INFO 2026-06-27 10:56:30,117 qnn_preprocess.py:68] Visiting: aten_linear_default_79, aten.linear.default
[INFO 2026-06-27 10:56:30,119 qnn_preprocess.py:68] Visiting: aten_linear_default_78, aten.linear.default
[INFO 2026-06-27 10:56:30,122 qnn_preprocess.py:68] Visiting: aten_view_copy_default_457, aten.view_copy.default
[INFO 2026-06-27 10:56:30,122 qnn_preprocess.py:68] Visiting: aten_view_copy_default_456, aten.view_copy.default
[INFO 2026-06-27 10:56:30,123 qnn_preprocess.py:68] Visiting: aten_view_copy_default_455, aten.view_copy.default
[INFO 2026-06-27 10:56:30,123 qnn_preprocess.py:68] Visiting: aten_view_copy_default_448, aten.view_copy.default
[INFO 2026-06-27 10:56:30,123 qnn_preprocess.py:68] Visiting: aten_view_copy_default_460, aten.view_copy.default
[INFO 2026-06-27 10:56:30,124 qnn_preprocess.py:68] Visiting: aten_view_copy_default_459, aten.view_copy.default
[INFO 2026-06-27 10:56:30,124 qnn_preprocess.py:68] Visiting: aten_view_copy_default_458, aten.view_copy.default
[INFO 2026-06-27 10:56:30,125 qnn_preprocess.py:68] Visiting: aten_view_copy_default_449, aten.view_copy.default
[INFO 2026-06-27 10:56:30,125 qnn_preprocess.py:68] Visiting: aten_permute_copy_default_132, aten.permute_copy.default
[INFO 2026-06-27 10:56:30,126 qnn_preprocess.py:68] Visiting: aten_permute_copy_default_131, aten.permute_copy.default
[INFO 2026-06-27 10:56:30,127 qnn_preprocess.py:68] Visiting: aten_permute_copy_default_130, aten.permute_copy.default
[INFO 2026-06-27 10:56:30,127 qnn_preprocess.py:68] Visiting: aten_sum_dim_int_list_11, aten.sum.dim_IntList
[INFO 2026-06-27 10:56:30,128 qnn_preprocess.py:68] Visiting: aten_view_copy_default_464, aten.view_copy.default
[INFO 2026-06-27 10:56:30,128 qnn_preprocess.py:68] Visiting: aten_view_copy_default_463, aten.view_copy.default
[INFO 2026-06-27 10:56:30,129 qnn_preprocess.py:68] Visiting: aten_view_copy_default_462, aten.view_copy.default
[INFO 2026-06-27 10:56:30,129 qnn_preprocess.py:68] Visiting: aten_sigmoid_default_11, aten.sigmoid.default
[INFO 2026-06-27 10:56:30,130 qnn_preprocess.py:68] Visiting: aten_view_copy_default_469, aten.view_copy.default
[INFO 2026-06-27 10:56:30,130 qnn_preprocess.py:68] Visiting: aten_permute_copy_default_133, aten.permute_copy.default
[INFO 2026-06-27 10:56:30,131 qnn_preprocess.py:68] Visiting: aten_mul_tensor_61, aten.mul.Tensor
[INFO 2026-06-27 10:56:30,132 qnn_preprocess.py:68] Visiting: aten_split_with_sizes_copy_default_22, aten.split_with_sizes_copy.default
[INFO 2026-06-27 10:56:30,133 qnn_preprocess.py:68] Visiting: aten_mul_tensor_62, aten.mul.Tensor
[INFO 2026-06-27 10:56:30,134 qnn_preprocess.py:68] Visiting: aten_view_copy_default_465, aten.view_copy.default
[INFO 2026-06-27 10:56:30,134 qnn_preprocess.py:68] Visiting: getitem_86, getitem
[INFO 2026-06-27 10:56:30,134 qnn_preprocess.py:68] Visiting: getitem_87, getitem
[INFO 2026-06-27 10:56:30,134 qnn_preprocess.py:68] Visiting: aten_view_copy_default_466, aten.view_copy.default
[INFO 2026-06-27 10:56:30,135 qnn_preprocess.py:68] Visiting: aten_mul_tensor_58, aten.mul.Tensor
[INFO 2026-06-27 10:56:30,136 qnn_preprocess.py:68] Visiting: aten_bmm_default_22, aten.bmm.default
[INFO 2026-06-27 10:56:30,137 qnn_preprocess.py:68] Visiting: aten_sub_tensor_13, aten.sub.Tensor
[INFO 2026-06-27 10:56:30,138 qnn_preprocess.py:68] Visiting: aten_view_copy_default_467, aten.view_copy.default
[INFO 2026-06-27 10:56:30,138 qnn_preprocess.py:68] Visiting: aten_mul_tensor_59, aten.mul.Tensor
[INFO 2026-06-27 10:56:30,139 qnn_preprocess.py:68] Visiting: aten_add_tensor_48, aten.add.Tensor
[INFO 2026-06-27 10:56:30,140 qnn_preprocess.py:68] Visiting: aten_view_copy_default_450, aten.view_copy.default
[INFO 2026-06-27 10:56:30,140 qnn_preprocess.py:68] Visiting: aten_mul_tensor_60, aten.mul.Tensor
[INFO 2026-06-27 10:56:30,141 qnn_preprocess.py:68] Visiting: aten_view_copy_default_451, aten.view_copy.default
[INFO 2026-06-27 10:56:30,142 qnn_preprocess.py:68] Visiting: aten_view_copy_default_461, aten.view_copy.default
[INFO 2026-06-27 10:56:30,142 qnn_preprocess.py:68] Visiting: aten_add_tensor_49, aten.add.Tensor
[INFO 2026-06-27 10:56:30,143 qnn_preprocess.py:68] Visiting: aten__safe_softmax_default_11, aten._safe_softmax.default
[INFO 2026-06-27 10:56:30,143 qnn_preprocess.py:68] Visiting: aten_view_copy_default_468, aten.view_copy.default
[INFO 2026-06-27 10:56:30,144 qnn_preprocess.py:68] Visiting: aten_bmm_default_23, aten.bmm.default
[INFO 2026-06-27 10:56:30,145 qnn_preprocess.py:68] Visiting: aten_view_copy_default_470, aten.view_copy.default
[INFO 2026-06-27 10:56:30,145 qnn_preprocess.py:68] Visiting: aten_permute_copy_default_285, aten.permute_copy.default
[INFO 2026-06-27 10:56:30,146 qnn_preprocess.py:68] Visiting: aten_view_copy_default_471, aten.view_copy.default
[INFO 2026-06-27 10:56:30,146 qnn_preprocess.py:68] Visiting: aten_linear_default_82, aten.linear.default
[INFO 2026-06-27 10:56:30,150 qnn_preprocess.py:68] Visiting: aten_view_copy_default_472, aten.view_copy.default
[INFO 2026-06-27 10:56:30,150 qnn_preprocess.py:68] Visiting: aten_permute_copy_default_137, aten.permute_copy.default
[INFO 2026-06-27 10:56:30,151 qnn_preprocess.py:68] Visiting: aten_add_tensor_50, aten.add.Tensor
[INFO 2026-06-27 10:56:30,152 qnn_preprocess.py:68] Visiting: aten_native_layer_norm_default_31, aten.native_layer_norm.default
[INFO 2026-06-27 10:56:30,154 qnn_preprocess.py:68] Visiting: getitem_91, getitem
[INFO 2026-06-27 10:56:30,154 qnn_preprocess.py:68] Visiting: aten_view_copy_default_473, aten.view_copy.default
[INFO 2026-06-27 10:56:30,154 qnn_preprocess.py:68] Visiting: aten_linear_default_83, aten.linear.default
[INFO 2026-06-27 10:56:30,159 qnn_preprocess.py:68] Visiting: aten_view_copy_default_474, aten.view_copy.default
[INFO 2026-06-27 10:56:30,160 qnn_preprocess.py:68] Visiting: aten_gelu_default_19, aten.gelu.default
[INFO 2026-06-27 10:56:30,160 qnn_preprocess.py:68] Visiting: aten_view_copy_default_475, aten.view_copy.default
[INFO 2026-06-27 10:56:30,161 qnn_preprocess.py:68] Visiting: aten_linear_default_84, aten.linear.default
[INFO 2026-06-27 10:56:30,165 qnn_preprocess.py:68] Visiting: aten_view_copy_default_476, aten.view_copy.default
[INFO 2026-06-27 10:56:30,166 qnn_preprocess.py:68] Visiting: aten_add_tensor_51, aten.add.Tensor
[INFO 2026-06-27 10:56:30,167 qnn_preprocess.py:68] Visiting: aten_native_layer_norm_default_32, aten.native_layer_norm.default
[INFO 2026-06-27 10:56:30,169 qnn_preprocess.py:68] Visiting: getitem_92, getitem
[INFO 2026-06-27 10:56:30,169 qnn_preprocess.py:68] Visiting: aten_view_copy_default_477, aten.view_copy.default
[INFO 2026-06-27 10:56:30,169 qnn_preprocess.py:68] Visiting: aten_permute_copy_default_139, aten.permute_copy.default
[INFO 2026-06-27 10:56:30,170 qnn_preprocess.py:68] Visiting: aten_permute_copy_default_138, aten.permute_copy.default
[INFO 2026-06-27 10:56:30,171 qnn_preprocess.py:68] Visiting: aten_view_copy_default_483, aten.view_copy.default
[INFO 2026-06-27 10:56:30,171 qnn_preprocess.py:68] Visiting: aten_view_copy_default_484, aten.view_copy.default
[INFO 2026-06-27 10:56:30,172 qnn_preprocess.py:68] Visiting: aten_view_copy_default_485, aten.view_copy.default
[INFO 2026-06-27 10:56:30,172 qnn_preprocess.py:68] Visiting: aten_view_copy_default_478, aten.view_copy.default
[INFO 2026-06-27 10:56:30,173 qnn_preprocess.py:68] Visiting: aten_linear_default_88, aten.linear.default
[INFO 2026-06-27 10:56:30,175 qnn_preprocess.py:68] Visiting: aten_linear_default_87, aten.linear.default
[INFO 2026-06-27 10:56:30,178 qnn_preprocess.py:68] Visiting: aten_linear_default_86, aten.linear.default
[INFO 2026-06-27 10:56:30,180 qnn_preprocess.py:68] Visiting: aten_linear_default_85, aten.linear.default
[INFO 2026-06-27 10:56:30,182 qnn_preprocess.py:68] Visiting: aten_view_copy_default_488, aten.view_copy.default
[INFO 2026-06-27 10:56:30,183 qnn_preprocess.py:68] Visiting: aten_view_copy_default_487, aten.view_copy.default
[INFO 2026-06-27 10:56:30,183 qnn_preprocess.py:68] Visiting: aten_view_copy_default_486, aten.view_copy.default
[INFO 2026-06-27 10:56:30,183 qnn_preprocess.py:68] Visiting: aten_view_copy_default_479, aten.view_copy.default
[INFO 2026-06-27 10:56:30,184 qnn_preprocess.py:68] Visiting: aten_view_copy_default_491, aten.view_copy.default
[INFO 2026-06-27 10:56:30,184 qnn_preprocess.py:68] Visiting: aten_view_copy_default_490, aten.view_copy.default
[INFO 2026-06-27 10:56:30,185 qnn_preprocess.py:68] Visiting: aten_view_copy_default_489, aten.view_copy.default
[INFO 2026-06-27 10:56:30,185 qnn_preprocess.py:68] Visiting: aten_view_copy_default_480, aten.view_copy.default
[INFO 2026-06-27 10:56:30,186 qnn_preprocess.py:68] Visiting: aten_permute_copy_default_142, aten.permute_copy.default
[INFO 2026-06-27 10:56:30,186 qnn_preprocess.py:68] Visiting: aten_permute_copy_default_141, aten.permute_copy.default
[INFO 2026-06-27 10:56:30,187 qnn_preprocess.py:68] Visiting: aten_permute_copy_default_140, aten.permute_copy.default
[INFO 2026-06-27 10:56:30,188 qnn_preprocess.py:68] Visiting: aten_sum_dim_int_list_12, aten.sum.dim_IntList
[INFO 2026-06-27 10:56:30,188 qnn_preprocess.py:68] Visiting: aten_view_copy_default_495, aten.view_copy.default
[INFO 2026-06-27 10:56:30,189 qnn_preprocess.py:68] Visiting: aten_view_copy_default_494, aten.view_copy.default
[INFO 2026-06-27 10:56:30,189 qnn_preprocess.py:68] Visiting: aten_view_copy_default_493, aten.view_copy.default
[INFO 2026-06-27 10:56:30,190 qnn_preprocess.py:68] Visiting: aten_sigmoid_default_12, aten.sigmoid.default
[INFO 2026-06-27 10:56:30,190 qnn_preprocess.py:68] Visiting: aten_view_copy_default_500, aten.view_copy.default
[INFO 2026-06-27 10:56:30,191 qnn_preprocess.py:68] Visiting: aten_permute_copy_default_143, aten.permute_copy.default
[INFO 2026-06-27 10:56:30,191 qnn_preprocess.py:68] Visiting: aten_mul_tensor_66, aten.mul.Tensor
[INFO 2026-06-27 10:56:30,192 qnn_preprocess.py:68] Visiting: aten_split_with_sizes_copy_default_24, aten.split_with_sizes_copy.default
[INFO 2026-06-27 10:56:30,193 qnn_preprocess.py:68] Visiting: aten_mul_tensor_67, aten.mul.Tensor
[INFO 2026-06-27 10:56:30,194 qnn_preprocess.py:68] Visiting: aten_view_copy_default_496, aten.view_copy.default
[INFO 2026-06-27 10:56:30,194 qnn_preprocess.py:68] Visiting: getitem_93, getitem
[INFO 2026-06-27 10:56:30,195 qnn_preprocess.py:68] Visiting: getitem_94, getitem
[INFO 2026-06-27 10:56:30,195 qnn_preprocess.py:68] Visiting: aten_view_copy_default_497, aten.view_copy.default
[INFO 2026-06-27 10:56:30,195 qnn_preprocess.py:68] Visiting: aten_mul_tensor_63, aten.mul.Tensor
[INFO 2026-06-27 10:56:30,196 qnn_preprocess.py:68] Visiting: aten_bmm_default_24, aten.bmm.default
[INFO 2026-06-27 10:56:30,197 qnn_preprocess.py:68] Visiting: aten_sub_tensor_14, aten.sub.Tensor
[INFO 2026-06-27 10:56:30,198 qnn_preprocess.py:68] Visiting: aten_view_copy_default_498, aten.view_copy.default
[INFO 2026-06-27 10:56:30,198 qnn_preprocess.py:68] Visiting: aten_mul_tensor_64, aten.mul.Tensor
[INFO 2026-06-27 10:56:30,199 qnn_preprocess.py:68] Visiting: aten_add_tensor_52, aten.add.Tensor
[INFO 2026-06-27 10:56:30,200 qnn_preprocess.py:68] Visiting: aten_view_copy_default_481, aten.view_copy.default
[INFO 2026-06-27 10:56:30,201 qnn_preprocess.py:68] Visiting: aten_mul_tensor_65, aten.mul.Tensor
[INFO 2026-06-27 10:56:30,201 qnn_preprocess.py:68] Visiting: aten_view_copy_default_482, aten.view_copy.default
[INFO 2026-06-27 10:56:30,202 qnn_preprocess.py:68] Visiting: aten_view_copy_default_492, aten.view_copy.default
[INFO 2026-06-27 10:56:30,202 qnn_preprocess.py:68] Visiting: aten_add_tensor_53, aten.add.Tensor
[INFO 2026-06-27 10:56:30,203 qnn_preprocess.py:68] Visiting: aten__safe_softmax_default_12, aten._safe_softmax.default
[INFO 2026-06-27 10:56:30,204 qnn_preprocess.py:68] Visiting: aten_view_copy_default_499, aten.view_copy.default
[INFO 2026-06-27 10:56:30,204 qnn_preprocess.py:68] Visiting: aten_bmm_default_25, aten.bmm.default
[INFO 2026-06-27 10:56:30,205 qnn_preprocess.py:68] Visiting: aten_view_copy_default_501, aten.view_copy.default
[INFO 2026-06-27 10:56:30,205 qnn_preprocess.py:68] Visiting: aten_permute_copy_default_286, aten.permute_copy.default
[INFO 2026-06-27 10:56:30,206 qnn_preprocess.py:68] Visiting: aten_view_copy_default_502, aten.view_copy.default
[INFO 2026-06-27 10:56:30,206 qnn_preprocess.py:68] Visiting: aten_linear_default_89, aten.linear.default
[INFO 2026-06-27 10:56:30,209 qnn_preprocess.py:68] Visiting: aten_view_copy_default_503, aten.view_copy.default
[INFO 2026-06-27 10:56:30,210 qnn_preprocess.py:68] Visiting: aten_permute_copy_default_147, aten.permute_copy.default
[INFO 2026-06-27 10:56:30,211 qnn_preprocess.py:68] Visiting: aten_add_tensor_54, aten.add.Tensor
[INFO 2026-06-27 10:56:30,211 qnn_preprocess.py:68] Visiting: aten_native_layer_norm_default_33, aten.native_layer_norm.default
[INFO 2026-06-27 10:56:30,214 qnn_preprocess.py:68] Visiting: getitem_98, getitem
[INFO 2026-06-27 10:56:30,214 qnn_preprocess.py:68] Visiting: aten_view_copy_default_504, aten.view_copy.default
[INFO 2026-06-27 10:56:30,214 qnn_preprocess.py:68] Visiting: aten_linear_default_90, aten.linear.default
[INFO 2026-06-27 10:56:30,219 qnn_preprocess.py:68] Visiting: aten_view_copy_default_505, aten.view_copy.default
[INFO 2026-06-27 10:56:30,220 qnn_preprocess.py:68] Visiting: aten_gelu_default_20, aten.gelu.default
[INFO 2026-06-27 10:56:30,220 qnn_preprocess.py:68] Visiting: aten_view_copy_default_506, aten.view_copy.default
[INFO 2026-06-27 10:56:30,221 qnn_preprocess.py:68] Visiting: aten_linear_default_91, aten.linear.default
[INFO 2026-06-27 10:56:30,225 qnn_preprocess.py:68] Visiting: aten_view_copy_default_507, aten.view_copy.default
[INFO 2026-06-27 10:56:30,226 qnn_preprocess.py:68] Visiting: aten_add_tensor_55, aten.add.Tensor
[INFO 2026-06-27 10:56:30,227 qnn_preprocess.py:68] Visiting: aten_native_layer_norm_default_34, aten.native_layer_norm.default
[INFO 2026-06-27 10:56:30,229 qnn_preprocess.py:68] Visiting: getitem_99, getitem
[INFO 2026-06-27 10:56:30,229 qnn_preprocess.py:68] Visiting: aten_view_copy_default_508, aten.view_copy.default
[INFO 2026-06-27 10:56:30,229 qnn_preprocess.py:68] Visiting: aten_permute_copy_default_149, aten.permute_copy.default
[INFO 2026-06-27 10:56:30,230 qnn_preprocess.py:68] Visiting: aten_permute_copy_default_148, aten.permute_copy.default
[INFO 2026-06-27 10:56:30,231 qnn_preprocess.py:68] Visiting: aten_view_copy_default_514, aten.view_copy.default
[INFO 2026-06-27 10:56:30,231 qnn_preprocess.py:68] Visiting: aten_view_copy_default_515, aten.view_copy.default
[INFO 2026-06-27 10:56:30,232 qnn_preprocess.py:68] Visiting: aten_view_copy_default_516, aten.view_copy.default
[INFO 2026-06-27 10:56:30,232 qnn_preprocess.py:68] Visiting: aten_view_copy_default_509, aten.view_copy.default
[INFO 2026-06-27 10:56:30,233 qnn_preprocess.py:68] Visiting: aten_linear_default_95, aten.linear.default
[INFO 2026-06-27 10:56:30,235 qnn_preprocess.py:68] Visiting: aten_linear_default_94, aten.linear.default
[INFO 2026-06-27 10:56:30,237 qnn_preprocess.py:68] Visiting: aten_linear_default_93, aten.linear.default
[INFO 2026-06-27 10:56:30,239 qnn_preprocess.py:68] Visiting: aten_linear_default_92, aten.linear.default
[INFO 2026-06-27 10:56:30,242 qnn_preprocess.py:68] Visiting: aten_view_copy_default_519, aten.view_copy.default
[INFO 2026-06-27 10:56:30,242 qnn_preprocess.py:68] Visiting: aten_view_copy_default_518, aten.view_copy.default
[INFO 2026-06-27 10:56:30,243 qnn_preprocess.py:68] Visiting: aten_view_copy_default_517, aten.view_copy.default
[INFO 2026-06-27 10:56:30,243 qnn_preprocess.py:68] Visiting: aten_view_copy_default_510, aten.view_copy.default
[INFO 2026-06-27 10:56:30,244 qnn_preprocess.py:68] Visiting: aten_view_copy_default_522, aten.view_copy.default
[INFO 2026-06-27 10:56:30,244 qnn_preprocess.py:68] Visiting: aten_view_copy_default_521, aten.view_copy.default
[INFO 2026-06-27 10:56:30,244 qnn_preprocess.py:68] Visiting: aten_view_copy_default_520, aten.view_copy.default
[INFO 2026-06-27 10:56:30,245 qnn_preprocess.py:68] Visiting: aten_view_copy_default_511, aten.view_copy.default
[INFO 2026-06-27 10:56:30,245 qnn_preprocess.py:68] Visiting: aten_permute_copy_default_152, aten.permute_copy.default
[INFO 2026-06-27 10:56:30,246 qnn_preprocess.py:68] Visiting: aten_permute_copy_default_151, aten.permute_copy.default
[INFO 2026-06-27 10:56:30,247 qnn_preprocess.py:68] Visiting: aten_permute_copy_default_150, aten.permute_copy.default
[INFO 2026-06-27 10:56:30,247 qnn_preprocess.py:68] Visiting: aten_sum_dim_int_list_13, aten.sum.dim_IntList
[INFO 2026-06-27 10:56:30,248 qnn_preprocess.py:68] Visiting: aten_view_copy_default_526, aten.view_copy.default
[INFO 2026-06-27 10:56:30,248 qnn_preprocess.py:68] Visiting: aten_view_copy_default_525, aten.view_copy.default
[INFO 2026-06-27 10:56:30,249 qnn_preprocess.py:68] Visiting: aten_view_copy_default_524, aten.view_copy.default
[INFO 2026-06-27 10:56:30,249 qnn_preprocess.py:68] Visiting: aten_sigmoid_default_13, aten.sigmoid.default
[INFO 2026-06-27 10:56:30,250 qnn_preprocess.py:68] Visiting: aten_view_copy_default_531, aten.view_copy.default
[INFO 2026-06-27 10:56:30,250 qnn_preprocess.py:68] Visiting: aten_permute_copy_default_153, aten.permute_copy.default
[INFO 2026-06-27 10:56:30,251 qnn_preprocess.py:68] Visiting: aten_mul_tensor_71, aten.mul.Tensor
[INFO 2026-06-27 10:56:30,252 qnn_preprocess.py:68] Visiting: aten_split_with_sizes_copy_default_26, aten.split_with_sizes_copy.default
[INFO 2026-06-27 10:56:30,253 qnn_preprocess.py:68] Visiting: aten_mul_tensor_72, aten.mul.Tensor
[INFO 2026-06-27 10:56:30,254 qnn_preprocess.py:68] Visiting: aten_view_copy_default_527, aten.view_copy.default
[INFO 2026-06-27 10:56:30,254 qnn_preprocess.py:68] Visiting: getitem_100, getitem
[INFO 2026-06-27 10:56:30,254 qnn_preprocess.py:68] Visiting: getitem_101, getitem
[INFO 2026-06-27 10:56:30,254 qnn_preprocess.py:68] Visiting: aten_view_copy_default_528, aten.view_copy.default
[INFO 2026-06-27 10:56:30,254 qnn_preprocess.py:68] Visiting: aten_mul_tensor_68, aten.mul.Tensor
[INFO 2026-06-27 10:56:30,256 qnn_preprocess.py:68] Visiting: aten_bmm_default_26, aten.bmm.default
[INFO 2026-06-27 10:56:30,257 qnn_preprocess.py:68] Visiting: aten_sub_tensor_15, aten.sub.Tensor
[INFO 2026-06-27 10:56:30,258 qnn_preprocess.py:68] Visiting: aten_view_copy_default_529, aten.view_copy.default
[INFO 2026-06-27 10:56:30,258 qnn_preprocess.py:68] Visiting: aten_mul_tensor_69, aten.mul.Tensor
[INFO 2026-06-27 10:56:30,259 qnn_preprocess.py:68] Visiting: aten_add_tensor_56, aten.add.Tensor
[INFO 2026-06-27 10:56:30,260 qnn_preprocess.py:68] Visiting: aten_view_copy_default_512, aten.view_copy.default
[INFO 2026-06-27 10:56:30,260 qnn_preprocess.py:68] Visiting: aten_mul_tensor_70, aten.mul.Tensor
[INFO 2026-06-27 10:56:30,261 qnn_preprocess.py:68] Visiting: aten_view_copy_default_513, aten.view_copy.default
[INFO 2026-06-27 10:56:30,261 qnn_preprocess.py:68] Visiting: aten_view_copy_default_523, aten.view_copy.default
[INFO 2026-06-27 10:56:30,262 qnn_preprocess.py:68] Visiting: aten_add_tensor_57, aten.add.Tensor
[INFO 2026-06-27 10:56:30,263 qnn_preprocess.py:68] Visiting: aten__safe_softmax_default_13, aten._safe_softmax.default
[INFO 2026-06-27 10:56:30,263 qnn_preprocess.py:68] Visiting: aten_view_copy_default_530, aten.view_copy.default
[INFO 2026-06-27 10:56:30,264 qnn_preprocess.py:68] Visiting: aten_bmm_default_27, aten.bmm.default
[INFO 2026-06-27 10:56:30,265 qnn_preprocess.py:68] Visiting: aten_view_copy_default_532, aten.view_copy.default
[INFO 2026-06-27 10:56:30,265 qnn_preprocess.py:68] Visiting: aten_permute_copy_default_287, aten.permute_copy.default
[INFO 2026-06-27 10:56:30,266 qnn_preprocess.py:68] Visiting: aten_view_copy_default_533, aten.view_copy.default
[INFO 2026-06-27 10:56:30,266 qnn_preprocess.py:68] Visiting: aten_linear_default_96, aten.linear.default
[INFO 2026-06-27 10:56:30,269 qnn_preprocess.py:68] Visiting: aten_view_copy_default_534, aten.view_copy.default
[INFO 2026-06-27 10:56:30,270 qnn_preprocess.py:68] Visiting: aten_permute_copy_default_157, aten.permute_copy.default
[INFO 2026-06-27 10:56:30,270 qnn_preprocess.py:68] Visiting: aten_add_tensor_58, aten.add.Tensor
[INFO 2026-06-27 10:56:30,271 qnn_preprocess.py:68] Visiting: aten_native_layer_norm_default_35, aten.native_layer_norm.default
[INFO 2026-06-27 10:56:30,273 qnn_preprocess.py:68] Visiting: getitem_105, getitem
[INFO 2026-06-27 10:56:30,273 qnn_preprocess.py:68] Visiting: aten_view_copy_default_535, aten.view_copy.default
[INFO 2026-06-27 10:56:30,274 qnn_preprocess.py:68] Visiting: aten_linear_default_97, aten.linear.default
[INFO 2026-06-27 10:56:30,279 qnn_preprocess.py:68] Visiting: aten_view_copy_default_536, aten.view_copy.default
[INFO 2026-06-27 10:56:30,279 qnn_preprocess.py:68] Visiting: aten_gelu_default_21, aten.gelu.default
[INFO 2026-06-27 10:56:30,280 qnn_preprocess.py:68] Visiting: aten_view_copy_default_537, aten.view_copy.default
[INFO 2026-06-27 10:56:30,280 qnn_preprocess.py:68] Visiting: aten_linear_default_98, aten.linear.default
[INFO 2026-06-27 10:56:30,285 qnn_preprocess.py:68] Visiting: aten_view_copy_default_538, aten.view_copy.default
[INFO 2026-06-27 10:56:30,286 qnn_preprocess.py:68] Visiting: aten_add_tensor_59, aten.add.Tensor
[INFO 2026-06-27 10:56:30,287 qnn_preprocess.py:68] Visiting: aten_native_layer_norm_default_36, aten.native_layer_norm.default
[INFO 2026-06-27 10:56:30,289 qnn_preprocess.py:68] Visiting: getitem_106, getitem
[INFO 2026-06-27 10:56:30,289 qnn_preprocess.py:68] Visiting: aten_view_copy_default_539, aten.view_copy.default
[INFO 2026-06-27 10:56:30,289 qnn_preprocess.py:68] Visiting: aten_permute_copy_default_159, aten.permute_copy.default
[INFO 2026-06-27 10:56:30,290 qnn_preprocess.py:68] Visiting: aten_permute_copy_default_158, aten.permute_copy.default
[INFO 2026-06-27 10:56:30,291 qnn_preprocess.py:68] Visiting: aten_view_copy_default_545, aten.view_copy.default
[INFO 2026-06-27 10:56:30,291 qnn_preprocess.py:68] Visiting: aten_view_copy_default_546, aten.view_copy.default
[INFO 2026-06-27 10:56:30,292 qnn_preprocess.py:68] Visiting: aten_view_copy_default_547, aten.view_copy.default
[INFO 2026-06-27 10:56:30,292 qnn_preprocess.py:68] Visiting: aten_view_copy_default_540, aten.view_copy.default
[INFO 2026-06-27 10:56:30,293 qnn_preprocess.py:68] Visiting: aten_linear_default_102, aten.linear.default
[INFO 2026-06-27 10:56:30,295 qnn_preprocess.py:68] Visiting: aten_linear_default_101, aten.linear.default
[INFO 2026-06-27 10:56:30,297 qnn_preprocess.py:68] Visiting: aten_linear_default_100, aten.linear.default
[INFO 2026-06-27 10:56:30,299 qnn_preprocess.py:68] Visiting: aten_linear_default_99, aten.linear.default
[INFO 2026-06-27 10:56:30,302 qnn_preprocess.py:68] Visiting: aten_view_copy_default_550, aten.view_copy.default
[INFO 2026-06-27 10:56:30,302 qnn_preprocess.py:68] Visiting: aten_view_copy_default_549, aten.view_copy.default
[INFO 2026-06-27 10:56:30,303 qnn_preprocess.py:68] Visiting: aten_view_copy_default_548, aten.view_copy.default
[INFO 2026-06-27 10:56:30,303 qnn_preprocess.py:68] Visiting: aten_view_copy_default_541, aten.view_copy.default
[INFO 2026-06-27 10:56:30,304 qnn_preprocess.py:68] Visiting: aten_view_copy_default_553, aten.view_copy.default
[INFO 2026-06-27 10:56:30,304 qnn_preprocess.py:68] Visiting: aten_view_copy_default_552, aten.view_copy.default
[INFO 2026-06-27 10:56:30,304 qnn_preprocess.py:68] Visiting: aten_view_copy_default_551, aten.view_copy.default
[INFO 2026-06-27 10:56:30,305 qnn_preprocess.py:68] Visiting: aten_view_copy_default_542, aten.view_copy.default
[INFO 2026-06-27 10:56:30,305 qnn_preprocess.py:68] Visiting: aten_permute_copy_default_162, aten.permute_copy.default
[INFO 2026-06-27 10:56:30,306 qnn_preprocess.py:68] Visiting: aten_permute_copy_default_161, aten.permute_copy.default
[INFO 2026-06-27 10:56:30,307 qnn_preprocess.py:68] Visiting: aten_permute_copy_default_160, aten.permute_copy.default
[INFO 2026-06-27 10:56:30,307 qnn_preprocess.py:68] Visiting: aten_sum_dim_int_list_14, aten.sum.dim_IntList
[INFO 2026-06-27 10:56:30,308 qnn_preprocess.py:68] Visiting: aten_view_copy_default_557, aten.view_copy.default
[INFO 2026-06-27 10:56:30,308 qnn_preprocess.py:68] Visiting: aten_view_copy_default_556, aten.view_copy.default
[INFO 2026-06-27 10:56:30,309 qnn_preprocess.py:68] Visiting: aten_view_copy_default_555, aten.view_copy.default
[INFO 2026-06-27 10:56:30,309 qnn_preprocess.py:68] Visiting: aten_sigmoid_default_14, aten.sigmoid.default
[INFO 2026-06-27 10:56:30,310 qnn_preprocess.py:68] Visiting: aten_view_copy_default_562, aten.view_copy.default
[INFO 2026-06-27 10:56:30,310 qnn_preprocess.py:68] Visiting: aten_permute_copy_default_163, aten.permute_copy.default
[INFO 2026-06-27 10:56:30,311 qnn_preprocess.py:68] Visiting: aten_mul_tensor_76, aten.mul.Tensor
[INFO 2026-06-27 10:56:30,312 qnn_preprocess.py:68] Visiting: aten_split_with_sizes_copy_default_28, aten.split_with_sizes_copy.default
[INFO 2026-06-27 10:56:30,313 qnn_preprocess.py:68] Visiting: aten_mul_tensor_77, aten.mul.Tensor
[INFO 2026-06-27 10:56:30,314 qnn_preprocess.py:68] Visiting: aten_view_copy_default_558, aten.view_copy.default
[INFO 2026-06-27 10:56:30,314 qnn_preprocess.py:68] Visiting: getitem_107, getitem
[INFO 2026-06-27 10:56:30,314 qnn_preprocess.py:68] Visiting: getitem_108, getitem
[INFO 2026-06-27 10:56:30,314 qnn_preprocess.py:68] Visiting: aten_view_copy_default_559, aten.view_copy.default
[INFO 2026-06-27 10:56:30,314 qnn_preprocess.py:68] Visiting: aten_mul_tensor_73, aten.mul.Tensor
[INFO 2026-06-27 10:56:30,316 qnn_preprocess.py:68] Visiting: aten_bmm_default_28, aten.bmm.default
[INFO 2026-06-27 10:56:30,317 qnn_preprocess.py:68] Visiting: aten_sub_tensor_16, aten.sub.Tensor
[INFO 2026-06-27 10:56:30,318 qnn_preprocess.py:68] Visiting: aten_view_copy_default_560, aten.view_copy.default
[INFO 2026-06-27 10:56:30,318 qnn_preprocess.py:68] Visiting: aten_mul_tensor_74, aten.mul.Tensor
[INFO 2026-06-27 10:56:30,319 qnn_preprocess.py:68] Visiting: aten_add_tensor_60, aten.add.Tensor
[INFO 2026-06-27 10:56:30,320 qnn_preprocess.py:68] Visiting: aten_view_copy_default_543, aten.view_copy.default
[INFO 2026-06-27 10:56:30,320 qnn_preprocess.py:68] Visiting: aten_mul_tensor_75, aten.mul.Tensor
[INFO 2026-06-27 10:56:30,321 qnn_preprocess.py:68] Visiting: aten_view_copy_default_544, aten.view_copy.default
[INFO 2026-06-27 10:56:30,321 qnn_preprocess.py:68] Visiting: aten_view_copy_default_554, aten.view_copy.default
[INFO 2026-06-27 10:56:30,322 qnn_preprocess.py:68] Visiting: aten_add_tensor_61, aten.add.Tensor
[INFO 2026-06-27 10:56:30,322 qnn_preprocess.py:68] Visiting: aten__safe_softmax_default_14, aten._safe_softmax.default
[INFO 2026-06-27 10:56:30,323 qnn_preprocess.py:68] Visiting: aten_view_copy_default_561, aten.view_copy.default
[INFO 2026-06-27 10:56:30,323 qnn_preprocess.py:68] Visiting: aten_bmm_default_29, aten.bmm.default
[INFO 2026-06-27 10:56:30,324 qnn_preprocess.py:68] Visiting: aten_view_copy_default_563, aten.view_copy.default
[INFO 2026-06-27 10:56:30,325 qnn_preprocess.py:68] Visiting: aten_permute_copy_default_288, aten.permute_copy.default
[INFO 2026-06-27 10:56:30,325 qnn_preprocess.py:68] Visiting: aten_view_copy_default_564, aten.view_copy.default
[INFO 2026-06-27 10:56:30,326 qnn_preprocess.py:68] Visiting: aten_linear_default_103, aten.linear.default
[INFO 2026-06-27 10:56:30,329 qnn_preprocess.py:68] Visiting: aten_view_copy_default_565, aten.view_copy.default
[INFO 2026-06-27 10:56:30,329 qnn_preprocess.py:68] Visiting: aten_permute_copy_default_167, aten.permute_copy.default
[INFO 2026-06-27 10:56:30,330 qnn_preprocess.py:68] Visiting: aten_add_tensor_62, aten.add.Tensor
[INFO 2026-06-27 10:56:30,331 qnn_preprocess.py:68] Visiting: aten_native_layer_norm_default_37, aten.native_layer_norm.default
[INFO 2026-06-27 10:56:30,333 qnn_preprocess.py:68] Visiting: getitem_112, getitem
[INFO 2026-06-27 10:56:30,333 qnn_preprocess.py:68] Visiting: aten_view_copy_default_566, aten.view_copy.default
[INFO 2026-06-27 10:56:30,333 qnn_preprocess.py:68] Visiting: aten_linear_default_104, aten.linear.default
[INFO 2026-06-27 10:56:30,338 qnn_preprocess.py:68] Visiting: aten_view_copy_default_567, aten.view_copy.default
[INFO 2026-06-27 10:56:30,339 qnn_preprocess.py:68] Visiting: aten_gelu_default_22, aten.gelu.default
[INFO 2026-06-27 10:56:30,339 qnn_preprocess.py:68] Visiting: aten_view_copy_default_568, aten.view_copy.default
[INFO 2026-06-27 10:56:30,340 qnn_preprocess.py:68] Visiting: aten_linear_default_105, aten.linear.default
[INFO 2026-06-27 10:56:30,345 qnn_preprocess.py:68] Visiting: aten_view_copy_default_569, aten.view_copy.default
[INFO 2026-06-27 10:56:30,346 qnn_preprocess.py:68] Visiting: aten_add_tensor_63, aten.add.Tensor
[INFO 2026-06-27 10:56:30,346 qnn_preprocess.py:68] Visiting: aten_native_layer_norm_default_38, aten.native_layer_norm.default
[INFO 2026-06-27 10:56:30,349 qnn_preprocess.py:68] Visiting: getitem_113, getitem
[INFO 2026-06-27 10:56:30,349 qnn_preprocess.py:68] Visiting: aten_view_copy_default_570, aten.view_copy.default
[INFO 2026-06-27 10:56:30,349 qnn_preprocess.py:68] Visiting: aten_permute_copy_default_169, aten.permute_copy.default
[INFO 2026-06-27 10:56:30,350 qnn_preprocess.py:68] Visiting: aten_permute_copy_default_168, aten.permute_copy.default
[INFO 2026-06-27 10:56:30,350 qnn_preprocess.py:68] Visiting: aten_view_copy_default_576, aten.view_copy.default
[INFO 2026-06-27 10:56:30,351 qnn_preprocess.py:68] Visiting: aten_view_copy_default_577, aten.view_copy.default
[INFO 2026-06-27 10:56:30,351 qnn_preprocess.py:68] Visiting: aten_view_copy_default_578, aten.view_copy.default
[INFO 2026-06-27 10:56:30,352 qnn_preprocess.py:68] Visiting: aten_view_copy_default_571, aten.view_copy.default
[INFO 2026-06-27 10:56:30,352 qnn_preprocess.py:68] Visiting: aten_linear_default_109, aten.linear.default
[INFO 2026-06-27 10:56:30,355 qnn_preprocess.py:68] Visiting: aten_linear_default_108, aten.linear.default
[INFO 2026-06-27 10:56:30,357 qnn_preprocess.py:68] Visiting: aten_linear_default_107, aten.linear.default
[INFO 2026-06-27 10:56:30,360 qnn_preprocess.py:68] Visiting: aten_linear_default_106, aten.linear.default
[INFO 2026-06-27 10:56:30,362 qnn_preprocess.py:68] Visiting: aten_view_copy_default_581, aten.view_copy.default
[INFO 2026-06-27 10:56:30,363 qnn_preprocess.py:68] Visiting: aten_view_copy_default_580, aten.view_copy.default
[INFO 2026-06-27 10:56:30,363 qnn_preprocess.py:68] Visiting: aten_view_copy_default_579, aten.view_copy.default
[INFO 2026-06-27 10:56:30,363 qnn_preprocess.py:68] Visiting: aten_view_copy_default_572, aten.view_copy.default
[INFO 2026-06-27 10:56:30,364 qnn_preprocess.py:68] Visiting: aten_view_copy_default_584, aten.view_copy.default
[INFO 2026-06-27 10:56:30,364 qnn_preprocess.py:68] Visiting: aten_view_copy_default_583, aten.view_copy.default
[INFO 2026-06-27 10:56:30,365 qnn_preprocess.py:68] Visiting: aten_view_copy_default_582, aten.view_copy.default
[INFO 2026-06-27 10:56:30,365 qnn_preprocess.py:68] Visiting: aten_view_copy_default_573, aten.view_copy.default
[INFO 2026-06-27 10:56:30,365 qnn_preprocess.py:68] Visiting: aten_permute_copy_default_172, aten.permute_copy.default
[INFO 2026-06-27 10:56:30,366 qnn_preprocess.py:68] Visiting: aten_permute_copy_default_171, aten.permute_copy.default
[INFO 2026-06-27 10:56:30,367 qnn_preprocess.py:68] Visiting: aten_permute_copy_default_170, aten.permute_copy.default
[INFO 2026-06-27 10:56:30,367 qnn_preprocess.py:68] Visiting: aten_sum_dim_int_list_15, aten.sum.dim_IntList
[INFO 2026-06-27 10:56:30,368 qnn_preprocess.py:68] Visiting: aten_view_copy_default_588, aten.view_copy.default
[INFO 2026-06-27 10:56:30,368 qnn_preprocess.py:68] Visiting: aten_view_copy_default_587, aten.view_copy.default
[INFO 2026-06-27 10:56:30,369 qnn_preprocess.py:68] Visiting: aten_view_copy_default_586, aten.view_copy.default
[INFO 2026-06-27 10:56:30,369 qnn_preprocess.py:68] Visiting: aten_sigmoid_default_15, aten.sigmoid.default
[INFO 2026-06-27 10:56:30,370 qnn_preprocess.py:68] Visiting: aten_view_copy_default_593, aten.view_copy.default
[INFO 2026-06-27 10:56:30,370 qnn_preprocess.py:68] Visiting: aten_permute_copy_default_173, aten.permute_copy.default
[INFO 2026-06-27 10:56:30,371 qnn_preprocess.py:68] Visiting: aten_mul_tensor_81, aten.mul.Tensor
[INFO 2026-06-27 10:56:30,372 qnn_preprocess.py:68] Visiting: aten_split_with_sizes_copy_default_30, aten.split_with_sizes_copy.default
[INFO 2026-06-27 10:56:30,373 qnn_preprocess.py:68] Visiting: aten_mul_tensor_82, aten.mul.Tensor
[INFO 2026-06-27 10:56:30,374 qnn_preprocess.py:68] Visiting: aten_view_copy_default_589, aten.view_copy.default
[INFO 2026-06-27 10:56:30,374 qnn_preprocess.py:68] Visiting: getitem_114, getitem
[INFO 2026-06-27 10:56:30,374 qnn_preprocess.py:68] Visiting: getitem_115, getitem
[INFO 2026-06-27 10:56:30,374 qnn_preprocess.py:68] Visiting: aten_view_copy_default_590, aten.view_copy.default
[INFO 2026-06-27 10:56:30,375 qnn_preprocess.py:68] Visiting: aten_mul_tensor_78, aten.mul.Tensor
[INFO 2026-06-27 10:56:30,376 qnn_preprocess.py:68] Visiting: aten_bmm_default_30, aten.bmm.default
[INFO 2026-06-27 10:56:30,377 qnn_preprocess.py:68] Visiting: aten_sub_tensor_17, aten.sub.Tensor
[INFO 2026-06-27 10:56:30,378 qnn_preprocess.py:68] Visiting: aten_view_copy_default_591, aten.view_copy.default
[INFO 2026-06-27 10:56:30,378 qnn_preprocess.py:68] Visiting: aten_mul_tensor_79, aten.mul.Tensor
[INFO 2026-06-27 10:56:30,379 qnn_preprocess.py:68] Visiting: aten_add_tensor_64, aten.add.Tensor
[INFO 2026-06-27 10:56:30,380 qnn_preprocess.py:68] Visiting: aten_view_copy_default_574, aten.view_copy.default
[INFO 2026-06-27 10:56:30,380 qnn_preprocess.py:68] Visiting: aten_mul_tensor_80, aten.mul.Tensor
[INFO 2026-06-27 10:56:30,381 qnn_preprocess.py:68] Visiting: aten_view_copy_default_575, aten.view_copy.default
[INFO 2026-06-27 10:56:30,381 qnn_preprocess.py:68] Visiting: aten_view_copy_default_585, aten.view_copy.default
[INFO 2026-06-27 10:56:30,382 qnn_preprocess.py:68] Visiting: aten_add_tensor_65, aten.add.Tensor
[INFO 2026-06-27 10:56:30,383 qnn_preprocess.py:68] Visiting: aten__safe_softmax_default_15, aten._safe_softmax.default
[INFO 2026-06-27 10:56:30,383 qnn_preprocess.py:68] Visiting: aten_view_copy_default_592, aten.view_copy.default
[INFO 2026-06-27 10:56:30,384 qnn_preprocess.py:68] Visiting: aten_bmm_default_31, aten.bmm.default
[INFO 2026-06-27 10:56:30,384 qnn_preprocess.py:68] Visiting: aten_view_copy_default_594, aten.view_copy.default
[INFO 2026-06-27 10:56:30,385 qnn_preprocess.py:68] Visiting: aten_permute_copy_default_289, aten.permute_copy.default
[INFO 2026-06-27 10:56:30,385 qnn_preprocess.py:68] Visiting: aten_view_copy_default_595, aten.view_copy.default
[INFO 2026-06-27 10:56:30,386 qnn_preprocess.py:68] Visiting: aten_linear_default_110, aten.linear.default
[INFO 2026-06-27 10:56:30,389 qnn_preprocess.py:68] Visiting: aten_view_copy_default_596, aten.view_copy.default
[INFO 2026-06-27 10:56:30,390 qnn_preprocess.py:68] Visiting: aten_permute_copy_default_177, aten.permute_copy.default
[INFO 2026-06-27 10:56:30,390 qnn_preprocess.py:68] Visiting: aten_add_tensor_66, aten.add.Tensor
[INFO 2026-06-27 10:56:30,391 qnn_preprocess.py:68] Visiting: aten_native_layer_norm_default_39, aten.native_layer_norm.default
[INFO 2026-06-27 10:56:30,393 qnn_preprocess.py:68] Visiting: getitem_119, getitem
[INFO 2026-06-27 10:56:30,393 qnn_preprocess.py:68] Visiting: aten_view_copy_default_597, aten.view_copy.default
[INFO 2026-06-27 10:56:30,394 qnn_preprocess.py:68] Visiting: aten_linear_default_111, aten.linear.default
[INFO 2026-06-27 10:56:30,399 qnn_preprocess.py:68] Visiting: aten_view_copy_default_598, aten.view_copy.default
[INFO 2026-06-27 10:56:30,399 qnn_preprocess.py:68] Visiting: aten_gelu_default_23, aten.gelu.default
[INFO 2026-06-27 10:56:30,400 qnn_preprocess.py:68] Visiting: aten_view_copy_default_599, aten.view_copy.default
[INFO 2026-06-27 10:56:30,400 qnn_preprocess.py:68] Visiting: aten_linear_default_112, aten.linear.default
[INFO 2026-06-27 10:56:30,406 qnn_preprocess.py:68] Visiting: aten_view_copy_default_600, aten.view_copy.default
[INFO 2026-06-27 10:56:30,407 qnn_preprocess.py:68] Visiting: aten_add_tensor_67, aten.add.Tensor
[INFO 2026-06-27 10:56:30,407 qnn_preprocess.py:68] Visiting: aten_native_layer_norm_default_40, aten.native_layer_norm.default
[INFO 2026-06-27 10:56:30,410 qnn_preprocess.py:68] Visiting: getitem_120, getitem
[INFO 2026-06-27 10:56:30,410 qnn_preprocess.py:68] Visiting: aten_view_copy_default_601, aten.view_copy.default
[INFO 2026-06-27 10:56:30,410 qnn_preprocess.py:68] Visiting: aten_permute_copy_default_179, aten.permute_copy.default
[INFO 2026-06-27 10:56:30,411 qnn_preprocess.py:68] Visiting: aten_permute_copy_default_178, aten.permute_copy.default
[INFO 2026-06-27 10:56:30,412 qnn_preprocess.py:68] Visiting: aten_view_copy_default_607, aten.view_copy.default
[INFO 2026-06-27 10:56:30,412 qnn_preprocess.py:68] Visiting: aten_view_copy_default_608, aten.view_copy.default
[INFO 2026-06-27 10:56:30,413 qnn_preprocess.py:68] Visiting: aten_view_copy_default_609, aten.view_copy.default
[INFO 2026-06-27 10:56:30,413 qnn_preprocess.py:68] Visiting: aten_view_copy_default_602, aten.view_copy.default
[INFO 2026-06-27 10:56:30,413 qnn_preprocess.py:68] Visiting: aten_linear_default_116, aten.linear.default
[INFO 2026-06-27 10:56:30,416 qnn_preprocess.py:68] Visiting: aten_linear_default_115, aten.linear.default
[INFO 2026-06-27 10:56:30,418 qnn_preprocess.py:68] Visiting: aten_linear_default_114, aten.linear.default
[INFO 2026-06-27 10:56:30,421 qnn_preprocess.py:68] Visiting: aten_linear_default_113, aten.linear.default
[INFO 2026-06-27 10:56:30,423 qnn_preprocess.py:68] Visiting: aten_view_copy_default_612, aten.view_copy.default
[INFO 2026-06-27 10:56:30,423 qnn_preprocess.py:68] Visiting: aten_view_copy_default_611, aten.view_copy.default
[INFO 2026-06-27 10:56:30,424 qnn_preprocess.py:68] Visiting: aten_view_copy_default_610, aten.view_copy.default
[INFO 2026-06-27 10:56:30,424 qnn_preprocess.py:68] Visiting: aten_view_copy_default_603, aten.view_copy.default
[INFO 2026-06-27 10:56:30,425 qnn_preprocess.py:68] Visiting: aten_view_copy_default_615, aten.view_copy.default
[INFO 2026-06-27 10:56:30,425 qnn_preprocess.py:68] Visiting: aten_view_copy_default_614, aten.view_copy.default
[INFO 2026-06-27 10:56:30,426 qnn_preprocess.py:68] Visiting: aten_view_copy_default_613, aten.view_copy.default
[INFO 2026-06-27 10:56:30,426 qnn_preprocess.py:68] Visiting: aten_view_copy_default_604, aten.view_copy.default
[INFO 2026-06-27 10:56:30,426 qnn_preprocess.py:68] Visiting: aten_permute_copy_default_182, aten.permute_copy.default
[INFO 2026-06-27 10:56:30,427 qnn_preprocess.py:68] Visiting: aten_permute_copy_default_181, aten.permute_copy.default
[INFO 2026-06-27 10:56:30,428 qnn_preprocess.py:68] Visiting: aten_permute_copy_default_180, aten.permute_copy.default
[INFO 2026-06-27 10:56:30,428 qnn_preprocess.py:68] Visiting: aten_sum_dim_int_list_16, aten.sum.dim_IntList
[INFO 2026-06-27 10:56:30,429 qnn_preprocess.py:68] Visiting: aten_view_copy_default_619, aten.view_copy.default
[INFO 2026-06-27 10:56:30,430 qnn_preprocess.py:68] Visiting: aten_view_copy_default_618, aten.view_copy.default
[INFO 2026-06-27 10:56:30,430 qnn_preprocess.py:68] Visiting: aten_view_copy_default_617, aten.view_copy.default
[INFO 2026-06-27 10:56:30,430 qnn_preprocess.py:68] Visiting: aten_sigmoid_default_16, aten.sigmoid.default
[INFO 2026-06-27 10:56:30,431 qnn_preprocess.py:68] Visiting: aten_view_copy_default_624, aten.view_copy.default
[INFO 2026-06-27 10:56:30,431 qnn_preprocess.py:68] Visiting: aten_permute_copy_default_183, aten.permute_copy.default
[INFO 2026-06-27 10:56:30,432 qnn_preprocess.py:68] Visiting: aten_mul_tensor_86, aten.mul.Tensor
[INFO 2026-06-27 10:56:30,433 qnn_preprocess.py:68] Visiting: aten_split_with_sizes_copy_default_32, aten.split_with_sizes_copy.default
[INFO 2026-06-27 10:56:30,434 qnn_preprocess.py:68] Visiting: aten_mul_tensor_87, aten.mul.Tensor
[INFO 2026-06-27 10:56:30,435 qnn_preprocess.py:68] Visiting: aten_view_copy_default_620, aten.view_copy.default
[INFO 2026-06-27 10:56:30,435 qnn_preprocess.py:68] Visiting: getitem_121, getitem
[INFO 2026-06-27 10:56:30,435 qnn_preprocess.py:68] Visiting: getitem_122, getitem
[INFO 2026-06-27 10:56:30,435 qnn_preprocess.py:68] Visiting: aten_view_copy_default_621, aten.view_copy.default
[INFO 2026-06-27 10:56:30,436 qnn_preprocess.py:68] Visiting: aten_mul_tensor_83, aten.mul.Tensor
[INFO 2026-06-27 10:56:30,437 qnn_preprocess.py:68] Visiting: aten_bmm_default_32, aten.bmm.default
[INFO 2026-06-27 10:56:30,438 qnn_preprocess.py:68] Visiting: aten_sub_tensor_18, aten.sub.Tensor
[INFO 2026-06-27 10:56:30,439 qnn_preprocess.py:68] Visiting: aten_view_copy_default_622, aten.view_copy.default
[INFO 2026-06-27 10:56:30,439 qnn_preprocess.py:68] Visiting: aten_mul_tensor_84, aten.mul.Tensor
[INFO 2026-06-27 10:56:30,440 qnn_preprocess.py:68] Visiting: aten_add_tensor_68, aten.add.Tensor
[INFO 2026-06-27 10:56:30,441 qnn_preprocess.py:68] Visiting: aten_view_copy_default_605, aten.view_copy.default
[INFO 2026-06-27 10:56:30,441 qnn_preprocess.py:68] Visiting: aten_mul_tensor_85, aten.mul.Tensor
[INFO 2026-06-27 10:56:30,442 qnn_preprocess.py:68] Visiting: aten_view_copy_default_606, aten.view_copy.default
[INFO 2026-06-27 10:56:30,443 qnn_preprocess.py:68] Visiting: aten_view_copy_default_616, aten.view_copy.default
[INFO 2026-06-27 10:56:30,443 qnn_preprocess.py:68] Visiting: aten_add_tensor_69, aten.add.Tensor
[INFO 2026-06-27 10:56:30,444 qnn_preprocess.py:68] Visiting: aten__safe_softmax_default_16, aten._safe_softmax.default
[INFO 2026-06-27 10:56:30,445 qnn_preprocess.py:68] Visiting: aten_view_copy_default_623, aten.view_copy.default
[INFO 2026-06-27 10:56:30,445 qnn_preprocess.py:68] Visiting: aten_bmm_default_33, aten.bmm.default
[INFO 2026-06-27 10:56:30,446 qnn_preprocess.py:68] Visiting: aten_view_copy_default_625, aten.view_copy.default
[INFO 2026-06-27 10:56:30,446 qnn_preprocess.py:68] Visiting: aten_permute_copy_default_290, aten.permute_copy.default
[INFO 2026-06-27 10:56:30,447 qnn_preprocess.py:68] Visiting: aten_view_copy_default_626, aten.view_copy.default
[INFO 2026-06-27 10:56:30,447 qnn_preprocess.py:68] Visiting: aten_linear_default_117, aten.linear.default
[INFO 2026-06-27 10:56:30,451 qnn_preprocess.py:68] Visiting: aten_view_copy_default_627, aten.view_copy.default
[INFO 2026-06-27 10:56:30,451 qnn_preprocess.py:68] Visiting: aten_permute_copy_default_187, aten.permute_copy.default
[INFO 2026-06-27 10:56:30,452 qnn_preprocess.py:68] Visiting: aten_add_tensor_70, aten.add.Tensor
[INFO 2026-06-27 10:56:30,452 qnn_preprocess.py:68] Visiting: aten_native_layer_norm_default_41, aten.native_layer_norm.default
[INFO 2026-06-27 10:56:30,455 qnn_preprocess.py:68] Visiting: getitem_126, getitem
[INFO 2026-06-27 10:56:30,455 qnn_preprocess.py:68] Visiting: aten_view_copy_default_628, aten.view_copy.default
[INFO 2026-06-27 10:56:30,455 qnn_preprocess.py:68] Visiting: aten_linear_default_118, aten.linear.default
[INFO 2026-06-27 10:56:30,460 qnn_preprocess.py:68] Visiting: aten_view_copy_default_629, aten.view_copy.default
[INFO 2026-06-27 10:56:30,461 qnn_preprocess.py:68] Visiting: aten_gelu_default_24, aten.gelu.default
[INFO 2026-06-27 10:56:30,461 qnn_preprocess.py:68] Visiting: aten_view_copy_default_630, aten.view_copy.default
[INFO 2026-06-27 10:56:30,462 qnn_preprocess.py:68] Visiting: aten_linear_default_119, aten.linear.default
[INFO 2026-06-27 10:56:30,467 qnn_preprocess.py:68] Visiting: aten_view_copy_default_631, aten.view_copy.default
[INFO 2026-06-27 10:56:30,467 qnn_preprocess.py:68] Visiting: aten_add_tensor_71, aten.add.Tensor
[INFO 2026-06-27 10:56:30,468 qnn_preprocess.py:68] Visiting: aten_native_layer_norm_default_42, aten.native_layer_norm.default
[INFO 2026-06-27 10:56:30,470 qnn_preprocess.py:68] Visiting: getitem_127, getitem
[INFO 2026-06-27 10:56:30,470 qnn_preprocess.py:68] Visiting: aten_view_copy_default_632, aten.view_copy.default
[INFO 2026-06-27 10:56:30,471 qnn_preprocess.py:68] Visiting: aten_permute_copy_default_189, aten.permute_copy.default
[INFO 2026-06-27 10:56:30,471 qnn_preprocess.py:68] Visiting: aten_permute_copy_default_188, aten.permute_copy.default
[INFO 2026-06-27 10:56:30,472 qnn_preprocess.py:68] Visiting: aten_view_copy_default_638, aten.view_copy.default
[INFO 2026-06-27 10:56:30,472 qnn_preprocess.py:68] Visiting: aten_view_copy_default_639, aten.view_copy.default
[INFO 2026-06-27 10:56:30,473 qnn_preprocess.py:68] Visiting: aten_view_copy_default_640, aten.view_copy.default
[INFO 2026-06-27 10:56:30,473 qnn_preprocess.py:68] Visiting: aten_view_copy_default_633, aten.view_copy.default
[INFO 2026-06-27 10:56:30,474 qnn_preprocess.py:68] Visiting: aten_linear_default_123, aten.linear.default
[INFO 2026-06-27 10:56:30,476 qnn_preprocess.py:68] Visiting: aten_linear_default_122, aten.linear.default
[INFO 2026-06-27 10:56:30,478 qnn_preprocess.py:68] Visiting: aten_linear_default_121, aten.linear.default
[INFO 2026-06-27 10:56:30,481 qnn_preprocess.py:68] Visiting: aten_linear_default_120, aten.linear.default
[INFO 2026-06-27 10:56:30,483 qnn_preprocess.py:68] Visiting: aten_view_copy_default_643, aten.view_copy.default
[INFO 2026-06-27 10:56:30,484 qnn_preprocess.py:68] Visiting: aten_view_copy_default_642, aten.view_copy.default
[INFO 2026-06-27 10:56:30,484 qnn_preprocess.py:68] Visiting: aten_view_copy_default_641, aten.view_copy.default
[INFO 2026-06-27 10:56:30,484 qnn_preprocess.py:68] Visiting: aten_view_copy_default_634, aten.view_copy.default
[INFO 2026-06-27 10:56:30,485 qnn_preprocess.py:68] Visiting: aten_view_copy_default_646, aten.view_copy.default
[INFO 2026-06-27 10:56:30,485 qnn_preprocess.py:68] Visiting: aten_view_copy_default_645, aten.view_copy.default
[INFO 2026-06-27 10:56:30,486 qnn_preprocess.py:68] Visiting: aten_view_copy_default_644, aten.view_copy.default
[INFO 2026-06-27 10:56:30,486 qnn_preprocess.py:68] Visiting: aten_view_copy_default_635, aten.view_copy.default
[INFO 2026-06-27 10:56:30,486 qnn_preprocess.py:68] Visiting: aten_permute_copy_default_192, aten.permute_copy.default
[INFO 2026-06-27 10:56:30,487 qnn_preprocess.py:68] Visiting: aten_permute_copy_default_191, aten.permute_copy.default
[INFO 2026-06-27 10:56:30,488 qnn_preprocess.py:68] Visiting: aten_permute_copy_default_190, aten.permute_copy.default
[INFO 2026-06-27 10:56:30,488 qnn_preprocess.py:68] Visiting: aten_sum_dim_int_list_17, aten.sum.dim_IntList
[INFO 2026-06-27 10:56:30,489 qnn_preprocess.py:68] Visiting: aten_view_copy_default_650, aten.view_copy.default
[INFO 2026-06-27 10:56:30,490 qnn_preprocess.py:68] Visiting: aten_view_copy_default_649, aten.view_copy.default
[INFO 2026-06-27 10:56:30,490 qnn_preprocess.py:68] Visiting: aten_view_copy_default_648, aten.view_copy.default
[INFO 2026-06-27 10:56:30,490 qnn_preprocess.py:68] Visiting: aten_sigmoid_default_17, aten.sigmoid.default
[INFO 2026-06-27 10:56:30,491 qnn_preprocess.py:68] Visiting: aten_view_copy_default_655, aten.view_copy.default
[INFO 2026-06-27 10:56:30,491 qnn_preprocess.py:68] Visiting: aten_permute_copy_default_193, aten.permute_copy.default
[INFO 2026-06-27 10:56:30,492 qnn_preprocess.py:68] Visiting: aten_mul_tensor_91, aten.mul.Tensor
[INFO 2026-06-27 10:56:30,493 qnn_preprocess.py:68] Visiting: aten_split_with_sizes_copy_default_34, aten.split_with_sizes_copy.default
[INFO 2026-06-27 10:56:30,494 qnn_preprocess.py:68] Visiting: aten_mul_tensor_92, aten.mul.Tensor
[INFO 2026-06-27 10:56:30,495 qnn_preprocess.py:68] Visiting: aten_view_copy_default_651, aten.view_copy.default
[INFO 2026-06-27 10:56:30,495 qnn_preprocess.py:68] Visiting: getitem_128, getitem
[INFO 2026-06-27 10:56:30,495 qnn_preprocess.py:68] Visiting: getitem_129, getitem
[INFO 2026-06-27 10:56:30,495 qnn_preprocess.py:68] Visiting: aten_view_copy_default_652, aten.view_copy.default
[INFO 2026-06-27 10:56:30,496 qnn_preprocess.py:68] Visiting: aten_mul_tensor_88, aten.mul.Tensor
[INFO 2026-06-27 10:56:30,497 qnn_preprocess.py:68] Visiting: aten_bmm_default_34, aten.bmm.default
[INFO 2026-06-27 10:56:30,498 qnn_preprocess.py:68] Visiting: aten_sub_tensor_19, aten.sub.Tensor
[INFO 2026-06-27 10:56:30,499 qnn_preprocess.py:68] Visiting: aten_view_copy_default_653, aten.view_copy.default
[INFO 2026-06-27 10:56:30,499 qnn_preprocess.py:68] Visiting: aten_mul_tensor_89, aten.mul.Tensor
[INFO 2026-06-27 10:56:30,500 qnn_preprocess.py:68] Visiting: aten_add_tensor_72, aten.add.Tensor
[INFO 2026-06-27 10:56:30,501 qnn_preprocess.py:68] Visiting: aten_view_copy_default_636, aten.view_copy.default
[INFO 2026-06-27 10:56:30,501 qnn_preprocess.py:68] Visiting: aten_mul_tensor_90, aten.mul.Tensor
[INFO 2026-06-27 10:56:30,502 qnn_preprocess.py:68] Visiting: aten_view_copy_default_637, aten.view_copy.default
[INFO 2026-06-27 10:56:30,502 qnn_preprocess.py:68] Visiting: aten_view_copy_default_647, aten.view_copy.default
[INFO 2026-06-27 10:56:30,503 qnn_preprocess.py:68] Visiting: aten_add_tensor_73, aten.add.Tensor
[INFO 2026-06-27 10:56:30,504 qnn_preprocess.py:68] Visiting: aten__safe_softmax_default_17, aten._safe_softmax.default
[INFO 2026-06-27 10:56:30,504 qnn_preprocess.py:68] Visiting: aten_view_copy_default_654, aten.view_copy.default
[INFO 2026-06-27 10:56:30,505 qnn_preprocess.py:68] Visiting: aten_bmm_default_35, aten.bmm.default
[INFO 2026-06-27 10:56:30,505 qnn_preprocess.py:68] Visiting: aten_view_copy_default_656, aten.view_copy.default
[INFO 2026-06-27 10:56:30,506 qnn_preprocess.py:68] Visiting: aten_permute_copy_default_291, aten.permute_copy.default
[INFO 2026-06-27 10:56:30,506 qnn_preprocess.py:68] Visiting: aten_view_copy_default_657, aten.view_copy.default
[INFO 2026-06-27 10:56:30,507 qnn_preprocess.py:68] Visiting: aten_linear_default_124, aten.linear.default
[INFO 2026-06-27 10:56:30,510 qnn_preprocess.py:68] Visiting: aten_view_copy_default_658, aten.view_copy.default
[INFO 2026-06-27 10:56:30,510 qnn_preprocess.py:68] Visiting: aten_permute_copy_default_197, aten.permute_copy.default
[INFO 2026-06-27 10:56:30,511 qnn_preprocess.py:68] Visiting: aten_add_tensor_74, aten.add.Tensor
[INFO 2026-06-27 10:56:30,512 qnn_preprocess.py:68] Visiting: aten_native_layer_norm_default_43, aten.native_layer_norm.default
[INFO 2026-06-27 10:56:30,514 qnn_preprocess.py:68] Visiting: getitem_133, getitem
[INFO 2026-06-27 10:56:30,514 qnn_preprocess.py:68] Visiting: aten_view_copy_default_659, aten.view_copy.default
[INFO 2026-06-27 10:56:30,514 qnn_preprocess.py:68] Visiting: aten_linear_default_125, aten.linear.default
[INFO 2026-06-27 10:56:30,519 qnn_preprocess.py:68] Visiting: aten_view_copy_default_660, aten.view_copy.default
[INFO 2026-06-27 10:56:30,520 qnn_preprocess.py:68] Visiting: aten_gelu_default_25, aten.gelu.default
[INFO 2026-06-27 10:56:30,520 qnn_preprocess.py:68] Visiting: aten_view_copy_default_661, aten.view_copy.default
[INFO 2026-06-27 10:56:30,521 qnn_preprocess.py:68] Visiting: aten_linear_default_126, aten.linear.default
[INFO 2026-06-27 10:56:30,526 qnn_preprocess.py:68] Visiting: aten_view_copy_default_662, aten.view_copy.default
[INFO 2026-06-27 10:56:30,526 qnn_preprocess.py:68] Visiting: aten_add_tensor_75, aten.add.Tensor
[INFO 2026-06-27 10:56:30,527 qnn_preprocess.py:68] Visiting: aten_native_layer_norm_default_44, aten.native_layer_norm.default
[INFO 2026-06-27 10:56:30,529 qnn_preprocess.py:68] Visiting: getitem_134, getitem
[INFO 2026-06-27 10:56:30,529 qnn_preprocess.py:68] Visiting: aten_view_copy_default_663, aten.view_copy.default
[INFO 2026-06-27 10:56:30,530 qnn_preprocess.py:68] Visiting: aten_permute_copy_default_199, aten.permute_copy.default
[INFO 2026-06-27 10:56:30,530 qnn_preprocess.py:68] Visiting: aten_permute_copy_default_198, aten.permute_copy.default
[INFO 2026-06-27 10:56:30,531 qnn_preprocess.py:68] Visiting: aten_view_copy_default_669, aten.view_copy.default
[INFO 2026-06-27 10:56:30,532 qnn_preprocess.py:68] Visiting: aten_view_copy_default_670, aten.view_copy.default
[INFO 2026-06-27 10:56:30,532 qnn_preprocess.py:68] Visiting: aten_view_copy_default_671, aten.view_copy.default
[INFO 2026-06-27 10:56:30,532 qnn_preprocess.py:68] Visiting: aten_view_copy_default_664, aten.view_copy.default
[INFO 2026-06-27 10:56:30,533 qnn_preprocess.py:68] Visiting: aten_linear_default_130, aten.linear.default
[INFO 2026-06-27 10:56:30,535 qnn_preprocess.py:68] Visiting: aten_linear_default_129, aten.linear.default
[INFO 2026-06-27 10:56:30,538 qnn_preprocess.py:68] Visiting: aten_linear_default_128, aten.linear.default
[INFO 2026-06-27 10:56:30,540 qnn_preprocess.py:68] Visiting: aten_linear_default_127, aten.linear.default
[INFO 2026-06-27 10:56:30,542 qnn_preprocess.py:68] Visiting: aten_view_copy_default_674, aten.view_copy.default
[INFO 2026-06-27 10:56:30,543 qnn_preprocess.py:68] Visiting: aten_view_copy_default_673, aten.view_copy.default
[INFO 2026-06-27 10:56:30,543 qnn_preprocess.py:68] Visiting: aten_view_copy_default_672, aten.view_copy.default
[INFO 2026-06-27 10:56:30,544 qnn_preprocess.py:68] Visiting: aten_view_copy_default_665, aten.view_copy.default
[INFO 2026-06-27 10:56:30,544 qnn_preprocess.py:68] Visiting: aten_view_copy_default_677, aten.view_copy.default
[INFO 2026-06-27 10:56:30,544 qnn_preprocess.py:68] Visiting: aten_view_copy_default_676, aten.view_copy.default
[INFO 2026-06-27 10:56:30,545 qnn_preprocess.py:68] Visiting: aten_view_copy_default_675, aten.view_copy.default
[INFO 2026-06-27 10:56:30,545 qnn_preprocess.py:68] Visiting: aten_view_copy_default_666, aten.view_copy.default
[INFO 2026-06-27 10:56:30,546 qnn_preprocess.py:68] Visiting: aten_permute_copy_default_202, aten.permute_copy.default
[INFO 2026-06-27 10:56:30,546 qnn_preprocess.py:68] Visiting: aten_permute_copy_default_201, aten.permute_copy.default
[INFO 2026-06-27 10:56:30,547 qnn_preprocess.py:68] Visiting: aten_permute_copy_default_200, aten.permute_copy.default
[INFO 2026-06-27 10:56:30,548 qnn_preprocess.py:68] Visiting: aten_sum_dim_int_list_18, aten.sum.dim_IntList
[INFO 2026-06-27 10:56:30,548 qnn_preprocess.py:68] Visiting: aten_view_copy_default_681, aten.view_copy.default
[INFO 2026-06-27 10:56:30,549 qnn_preprocess.py:68] Visiting: aten_view_copy_default_680, aten.view_copy.default
[INFO 2026-06-27 10:56:30,549 qnn_preprocess.py:68] Visiting: aten_view_copy_default_679, aten.view_copy.default
[INFO 2026-06-27 10:56:30,549 qnn_preprocess.py:68] Visiting: aten_sigmoid_default_18, aten.sigmoid.default
[INFO 2026-06-27 10:56:30,550 qnn_preprocess.py:68] Visiting: aten_view_copy_default_686, aten.view_copy.default
[INFO 2026-06-27 10:56:30,550 qnn_preprocess.py:68] Visiting: aten_permute_copy_default_203, aten.permute_copy.default
[INFO 2026-06-27 10:56:30,551 qnn_preprocess.py:68] Visiting: aten_mul_tensor_96, aten.mul.Tensor
[INFO 2026-06-27 10:56:30,552 qnn_preprocess.py:68] Visiting: aten_split_with_sizes_copy_default_36, aten.split_with_sizes_copy.default
[INFO 2026-06-27 10:56:30,553 qnn_preprocess.py:68] Visiting: aten_mul_tensor_97, aten.mul.Tensor
[INFO 2026-06-27 10:56:30,554 qnn_preprocess.py:68] Visiting: aten_view_copy_default_682, aten.view_copy.default
[INFO 2026-06-27 10:56:30,554 qnn_preprocess.py:68] Visiting: getitem_135, getitem
[INFO 2026-06-27 10:56:30,554 qnn_preprocess.py:68] Visiting: getitem_136, getitem
[INFO 2026-06-27 10:56:30,554 qnn_preprocess.py:68] Visiting: aten_view_copy_default_683, aten.view_copy.default
[INFO 2026-06-27 10:56:30,555 qnn_preprocess.py:68] Visiting: aten_mul_tensor_93, aten.mul.Tensor
[INFO 2026-06-27 10:56:30,556 qnn_preprocess.py:68] Visiting: aten_bmm_default_36, aten.bmm.default
[INFO 2026-06-27 10:56:30,557 qnn_preprocess.py:68] Visiting: aten_sub_tensor_20, aten.sub.Tensor
[INFO 2026-06-27 10:56:30,558 qnn_preprocess.py:68] Visiting: aten_view_copy_default_684, aten.view_copy.default
[INFO 2026-06-27 10:56:30,558 qnn_preprocess.py:68] Visiting: aten_mul_tensor_94, aten.mul.Tensor
[INFO 2026-06-27 10:56:30,559 qnn_preprocess.py:68] Visiting: aten_add_tensor_76, aten.add.Tensor
[INFO 2026-06-27 10:56:30,560 qnn_preprocess.py:68] Visiting: aten_view_copy_default_667, aten.view_copy.default
[INFO 2026-06-27 10:56:30,560 qnn_preprocess.py:68] Visiting: aten_mul_tensor_95, aten.mul.Tensor
[INFO 2026-06-27 10:56:30,561 qnn_preprocess.py:68] Visiting: aten_view_copy_default_668, aten.view_copy.default
[INFO 2026-06-27 10:56:30,561 qnn_preprocess.py:68] Visiting: aten_view_copy_default_678, aten.view_copy.default
[INFO 2026-06-27 10:56:30,562 qnn_preprocess.py:68] Visiting: aten_add_tensor_77, aten.add.Tensor
[INFO 2026-06-27 10:56:30,563 qnn_preprocess.py:68] Visiting: aten__safe_softmax_default_18, aten._safe_softmax.default
[INFO 2026-06-27 10:56:30,563 qnn_preprocess.py:68] Visiting: aten_view_copy_default_685, aten.view_copy.default
[INFO 2026-06-27 10:56:30,564 qnn_preprocess.py:68] Visiting: aten_bmm_default_37, aten.bmm.default
[INFO 2026-06-27 10:56:30,565 qnn_preprocess.py:68] Visiting: aten_view_copy_default_687, aten.view_copy.default
[INFO 2026-06-27 10:56:30,565 qnn_preprocess.py:68] Visiting: aten_permute_copy_default_292, aten.permute_copy.default
[INFO 2026-06-27 10:56:30,566 qnn_preprocess.py:68] Visiting: aten_view_copy_default_688, aten.view_copy.default
[INFO 2026-06-27 10:56:30,566 qnn_preprocess.py:68] Visiting: aten_linear_default_131, aten.linear.default
[INFO 2026-06-27 10:56:30,569 qnn_preprocess.py:68] Visiting: aten_view_copy_default_689, aten.view_copy.default
[INFO 2026-06-27 10:56:30,569 qnn_preprocess.py:68] Visiting: aten_permute_copy_default_207, aten.permute_copy.default
[INFO 2026-06-27 10:56:30,570 qnn_preprocess.py:68] Visiting: aten_add_tensor_78, aten.add.Tensor
[INFO 2026-06-27 10:56:30,571 qnn_preprocess.py:68] Visiting: aten_native_layer_norm_default_45, aten.native_layer_norm.default
[INFO 2026-06-27 10:56:30,573 qnn_preprocess.py:68] Visiting: getitem_140, getitem
[INFO 2026-06-27 10:56:30,573 qnn_preprocess.py:68] Visiting: aten_view_copy_default_690, aten.view_copy.default
[INFO 2026-06-27 10:56:30,574 qnn_preprocess.py:68] Visiting: aten_linear_default_132, aten.linear.default
[INFO 2026-06-27 10:56:30,579 qnn_preprocess.py:68] Visiting: aten_view_copy_default_691, aten.view_copy.default
[INFO 2026-06-27 10:56:30,579 qnn_preprocess.py:68] Visiting: aten_gelu_default_26, aten.gelu.default
[INFO 2026-06-27 10:56:30,580 qnn_preprocess.py:68] Visiting: aten_view_copy_default_692, aten.view_copy.default
[INFO 2026-06-27 10:56:30,580 qnn_preprocess.py:68] Visiting: aten_linear_default_133, aten.linear.default
[INFO 2026-06-27 10:56:30,585 qnn_preprocess.py:68] Visiting: aten_view_copy_default_693, aten.view_copy.default
[INFO 2026-06-27 10:56:30,586 qnn_preprocess.py:68] Visiting: aten_add_tensor_79, aten.add.Tensor
[INFO 2026-06-27 10:56:30,586 qnn_preprocess.py:68] Visiting: aten_native_layer_norm_default_46, aten.native_layer_norm.default
[INFO 2026-06-27 10:56:30,589 qnn_preprocess.py:68] Visiting: getitem_141, getitem
[INFO 2026-06-27 10:56:30,589 qnn_preprocess.py:68] Visiting: aten_view_copy_default_694, aten.view_copy.default
[INFO 2026-06-27 10:56:30,589 qnn_preprocess.py:68] Visiting: aten_permute_copy_default_209, aten.permute_copy.default
[INFO 2026-06-27 10:56:30,590 qnn_preprocess.py:68] Visiting: aten_permute_copy_default_208, aten.permute_copy.default
[INFO 2026-06-27 10:56:30,591 qnn_preprocess.py:68] Visiting: aten_view_copy_default_700, aten.view_copy.default
[INFO 2026-06-27 10:56:30,591 qnn_preprocess.py:68] Visiting: aten_view_copy_default_701, aten.view_copy.default
[INFO 2026-06-27 10:56:30,592 qnn_preprocess.py:68] Visiting: aten_view_copy_default_702, aten.view_copy.default
[INFO 2026-06-27 10:56:30,592 qnn_preprocess.py:68] Visiting: aten_view_copy_default_695, aten.view_copy.default
[INFO 2026-06-27 10:56:30,592 qnn_preprocess.py:68] Visiting: aten_linear_default_137, aten.linear.default
[INFO 2026-06-27 10:56:30,595 qnn_preprocess.py:68] Visiting: aten_linear_default_136, aten.linear.default
[INFO 2026-06-27 10:56:30,597 qnn_preprocess.py:68] Visiting: aten_linear_default_135, aten.linear.default
[INFO 2026-06-27 10:56:30,599 qnn_preprocess.py:68] Visiting: aten_linear_default_134, aten.linear.default
[INFO 2026-06-27 10:56:30,602 qnn_preprocess.py:68] Visiting: aten_view_copy_default_705, aten.view_copy.default
[INFO 2026-06-27 10:56:30,602 qnn_preprocess.py:68] Visiting: aten_view_copy_default_704, aten.view_copy.default
[INFO 2026-06-27 10:56:30,603 qnn_preprocess.py:68] Visiting: aten_view_copy_default_703, aten.view_copy.default
[INFO 2026-06-27 10:56:30,603 qnn_preprocess.py:68] Visiting: aten_view_copy_default_696, aten.view_copy.default
[INFO 2026-06-27 10:56:30,604 qnn_preprocess.py:68] Visiting: aten_view_copy_default_708, aten.view_copy.default
[INFO 2026-06-27 10:56:30,604 qnn_preprocess.py:68] Visiting: aten_view_copy_default_707, aten.view_copy.default
[INFO 2026-06-27 10:56:30,604 qnn_preprocess.py:68] Visiting: aten_view_copy_default_706, aten.view_copy.default
[INFO 2026-06-27 10:56:30,605 qnn_preprocess.py:68] Visiting: aten_view_copy_default_697, aten.view_copy.default
[INFO 2026-06-27 10:56:30,605 qnn_preprocess.py:68] Visiting: aten_permute_copy_default_212, aten.permute_copy.default
[INFO 2026-06-27 10:56:30,606 qnn_preprocess.py:68] Visiting: aten_permute_copy_default_211, aten.permute_copy.default
[INFO 2026-06-27 10:56:30,607 qnn_preprocess.py:68] Visiting: aten_permute_copy_default_210, aten.permute_copy.default
[INFO 2026-06-27 10:56:30,607 qnn_preprocess.py:68] Visiting: aten_sum_dim_int_list_19, aten.sum.dim_IntList
[INFO 2026-06-27 10:56:30,608 qnn_preprocess.py:68] Visiting: aten_view_copy_default_712, aten.view_copy.default
[INFO 2026-06-27 10:56:30,608 qnn_preprocess.py:68] Visiting: aten_view_copy_default_711, aten.view_copy.default
[INFO 2026-06-27 10:56:30,609 qnn_preprocess.py:68] Visiting: aten_view_copy_default_710, aten.view_copy.default
[INFO 2026-06-27 10:56:30,609 qnn_preprocess.py:68] Visiting: aten_sigmoid_default_19, aten.sigmoid.default
[INFO 2026-06-27 10:56:30,610 qnn_preprocess.py:68] Visiting: aten_view_copy_default_717, aten.view_copy.default
[INFO 2026-06-27 10:56:30,610 qnn_preprocess.py:68] Visiting: aten_permute_copy_default_213, aten.permute_copy.default
[INFO 2026-06-27 10:56:30,611 qnn_preprocess.py:68] Visiting: aten_mul_tensor_101, aten.mul.Tensor
[INFO 2026-06-27 10:56:30,612 qnn_preprocess.py:68] Visiting: aten_split_with_sizes_copy_default_38, aten.split_with_sizes_copy.default
[INFO 2026-06-27 10:56:30,613 qnn_preprocess.py:68] Visiting: aten_mul_tensor_102, aten.mul.Tensor
[INFO 2026-06-27 10:56:30,614 qnn_preprocess.py:68] Visiting: aten_view_copy_default_713, aten.view_copy.default
[INFO 2026-06-27 10:56:30,614 qnn_preprocess.py:68] Visiting: getitem_142, getitem
[INFO 2026-06-27 10:56:30,614 qnn_preprocess.py:68] Visiting: getitem_143, getitem
[INFO 2026-06-27 10:56:30,614 qnn_preprocess.py:68] Visiting: aten_view_copy_default_714, aten.view_copy.default
[INFO 2026-06-27 10:56:30,614 qnn_preprocess.py:68] Visiting: aten_mul_tensor_98, aten.mul.Tensor
[INFO 2026-06-27 10:56:30,616 qnn_preprocess.py:68] Visiting: aten_bmm_default_38, aten.bmm.default
[INFO 2026-06-27 10:56:30,617 qnn_preprocess.py:68] Visiting: aten_sub_tensor_21, aten.sub.Tensor
[INFO 2026-06-27 10:56:30,618 qnn_preprocess.py:68] Visiting: aten_view_copy_default_715, aten.view_copy.default
[INFO 2026-06-27 10:56:30,618 qnn_preprocess.py:68] Visiting: aten_mul_tensor_99, aten.mul.Tensor
[INFO 2026-06-27 10:56:30,619 qnn_preprocess.py:68] Visiting: aten_add_tensor_80, aten.add.Tensor
[INFO 2026-06-27 10:56:30,620 qnn_preprocess.py:68] Visiting: aten_view_copy_default_698, aten.view_copy.default
[INFO 2026-06-27 10:56:30,620 qnn_preprocess.py:68] Visiting: aten_mul_tensor_100, aten.mul.Tensor
[INFO 2026-06-27 10:56:30,621 qnn_preprocess.py:68] Visiting: aten_view_copy_default_699, aten.view_copy.default
[INFO 2026-06-27 10:56:30,621 qnn_preprocess.py:68] Visiting: aten_view_copy_default_709, aten.view_copy.default
[INFO 2026-06-27 10:56:30,622 qnn_preprocess.py:68] Visiting: aten_add_tensor_81, aten.add.Tensor
[INFO 2026-06-27 10:56:30,622 qnn_preprocess.py:68] Visiting: aten__safe_softmax_default_19, aten._safe_softmax.default
[INFO 2026-06-27 10:56:30,623 qnn_preprocess.py:68] Visiting: aten_view_copy_default_716, aten.view_copy.default
[INFO 2026-06-27 10:56:30,624 qnn_preprocess.py:68] Visiting: aten_bmm_default_39, aten.bmm.default
[INFO 2026-06-27 10:56:30,624 qnn_preprocess.py:68] Visiting: aten_view_copy_default_718, aten.view_copy.default
[INFO 2026-06-27 10:56:30,625 qnn_preprocess.py:68] Visiting: aten_permute_copy_default_293, aten.permute_copy.default
[INFO 2026-06-27 10:56:30,625 qnn_preprocess.py:68] Visiting: aten_view_copy_default_719, aten.view_copy.default
[INFO 2026-06-27 10:56:30,626 qnn_preprocess.py:68] Visiting: aten_linear_default_138, aten.linear.default
[INFO 2026-06-27 10:56:30,629 qnn_preprocess.py:68] Visiting: aten_view_copy_default_720, aten.view_copy.default
[INFO 2026-06-27 10:56:30,629 qnn_preprocess.py:68] Visiting: aten_permute_copy_default_217, aten.permute_copy.default
[INFO 2026-06-27 10:56:30,630 qnn_preprocess.py:68] Visiting: aten_add_tensor_82, aten.add.Tensor
[INFO 2026-06-27 10:56:30,631 qnn_preprocess.py:68] Visiting: aten_native_layer_norm_default_47, aten.native_layer_norm.default
[INFO 2026-06-27 10:56:30,633 qnn_preprocess.py:68] Visiting: getitem_147, getitem
[INFO 2026-06-27 10:56:30,633 qnn_preprocess.py:68] Visiting: aten_view_copy_default_721, aten.view_copy.default
[INFO 2026-06-27 10:56:30,633 qnn_preprocess.py:68] Visiting: aten_linear_default_139, aten.linear.default
[INFO 2026-06-27 10:56:30,638 qnn_preprocess.py:68] Visiting: aten_view_copy_default_722, aten.view_copy.default
[INFO 2026-06-27 10:56:30,639 qnn_preprocess.py:68] Visiting: aten_gelu_default_27, aten.gelu.default
[INFO 2026-06-27 10:56:30,639 qnn_preprocess.py:68] Visiting: aten_view_copy_default_723, aten.view_copy.default
[INFO 2026-06-27 10:56:30,640 qnn_preprocess.py:68] Visiting: aten_linear_default_140, aten.linear.default
[INFO 2026-06-27 10:56:30,644 qnn_preprocess.py:68] Visiting: aten_view_copy_default_724, aten.view_copy.default
[INFO 2026-06-27 10:56:30,645 qnn_preprocess.py:68] Visiting: aten_add_tensor_83, aten.add.Tensor
[INFO 2026-06-27 10:56:30,646 qnn_preprocess.py:68] Visiting: aten_native_layer_norm_default_48, aten.native_layer_norm.default
[INFO 2026-06-27 10:56:30,648 qnn_preprocess.py:68] Visiting: getitem_148, getitem
[INFO 2026-06-27 10:56:30,648 qnn_preprocess.py:68] Visiting: aten_view_copy_default_725, aten.view_copy.default
[INFO 2026-06-27 10:56:30,648 qnn_preprocess.py:68] Visiting: aten_permute_copy_default_219, aten.permute_copy.default
[INFO 2026-06-27 10:56:30,649 qnn_preprocess.py:68] Visiting: aten_permute_copy_default_218, aten.permute_copy.default
[INFO 2026-06-27 10:56:30,650 qnn_preprocess.py:68] Visiting: aten_view_copy_default_731, aten.view_copy.default
[INFO 2026-06-27 10:56:30,650 qnn_preprocess.py:68] Visiting: aten_view_copy_default_732, aten.view_copy.default
[INFO 2026-06-27 10:56:30,651 qnn_preprocess.py:68] Visiting: aten_view_copy_default_733, aten.view_copy.default
[INFO 2026-06-27 10:56:30,651 qnn_preprocess.py:68] Visiting: aten_view_copy_default_726, aten.view_copy.default
[INFO 2026-06-27 10:56:30,651 qnn_preprocess.py:68] Visiting: aten_linear_default_144, aten.linear.default
[INFO 2026-06-27 10:56:30,654 qnn_preprocess.py:68] Visiting: aten_linear_default_143, aten.linear.default
[INFO 2026-06-27 10:56:30,656 qnn_preprocess.py:68] Visiting: aten_linear_default_142, aten.linear.default
[INFO 2026-06-27 10:56:30,659 qnn_preprocess.py:68] Visiting: aten_linear_default_141, aten.linear.default
[INFO 2026-06-27 10:56:30,661 qnn_preprocess.py:68] Visiting: aten_view_copy_default_736, aten.view_copy.default
[INFO 2026-06-27 10:56:30,661 qnn_preprocess.py:68] Visiting: aten_view_copy_default_735, aten.view_copy.default
[INFO 2026-06-27 10:56:30,662 qnn_preprocess.py:68] Visiting: aten_view_copy_default_734, aten.view_copy.default
[INFO 2026-06-27 10:56:30,662 qnn_preprocess.py:68] Visiting: aten_view_copy_default_727, aten.view_copy.default
[INFO 2026-06-27 10:56:30,663 qnn_preprocess.py:68] Visiting: aten_view_copy_default_739, aten.view_copy.default
[INFO 2026-06-27 10:56:30,663 qnn_preprocess.py:68] Visiting: aten_view_copy_default_738, aten.view_copy.default
[INFO 2026-06-27 10:56:30,663 qnn_preprocess.py:68] Visiting: aten_view_copy_default_737, aten.view_copy.default
[INFO 2026-06-27 10:56:30,664 qnn_preprocess.py:68] Visiting: aten_view_copy_default_728, aten.view_copy.default
[INFO 2026-06-27 10:56:30,664 qnn_preprocess.py:68] Visiting: aten_permute_copy_default_222, aten.permute_copy.default
[INFO 2026-06-27 10:56:30,665 qnn_preprocess.py:68] Visiting: aten_permute_copy_default_221, aten.permute_copy.default
[INFO 2026-06-27 10:56:30,666 qnn_preprocess.py:68] Visiting: aten_permute_copy_default_220, aten.permute_copy.default
[INFO 2026-06-27 10:56:30,666 qnn_preprocess.py:68] Visiting: aten_sum_dim_int_list_20, aten.sum.dim_IntList
[INFO 2026-06-27 10:56:30,667 qnn_preprocess.py:68] Visiting: aten_view_copy_default_743, aten.view_copy.default
[INFO 2026-06-27 10:56:30,667 qnn_preprocess.py:68] Visiting: aten_view_copy_default_742, aten.view_copy.default
[INFO 2026-06-27 10:56:30,668 qnn_preprocess.py:68] Visiting: aten_view_copy_default_741, aten.view_copy.default
[INFO 2026-06-27 10:56:30,668 qnn_preprocess.py:68] Visiting: aten_sigmoid_default_20, aten.sigmoid.default
[INFO 2026-06-27 10:56:30,669 qnn_preprocess.py:68] Visiting: aten_view_copy_default_748, aten.view_copy.default
[INFO 2026-06-27 10:56:30,669 qnn_preprocess.py:68] Visiting: aten_permute_copy_default_223, aten.permute_copy.default
[INFO 2026-06-27 10:56:30,670 qnn_preprocess.py:68] Visiting: aten_mul_tensor_106, aten.mul.Tensor
[INFO 2026-06-27 10:56:30,671 qnn_preprocess.py:68] Visiting: aten_split_with_sizes_copy_default_40, aten.split_with_sizes_copy.default
[INFO 2026-06-27 10:56:30,672 qnn_preprocess.py:68] Visiting: aten_mul_tensor_107, aten.mul.Tensor
[INFO 2026-06-27 10:56:30,673 qnn_preprocess.py:68] Visiting: aten_view_copy_default_744, aten.view_copy.default
[INFO 2026-06-27 10:56:30,673 qnn_preprocess.py:68] Visiting: getitem_149, getitem
[INFO 2026-06-27 10:56:30,673 qnn_preprocess.py:68] Visiting: getitem_150, getitem
[INFO 2026-06-27 10:56:30,673 qnn_preprocess.py:68] Visiting: aten_view_copy_default_745, aten.view_copy.default
[INFO 2026-06-27 10:56:30,673 qnn_preprocess.py:68] Visiting: aten_mul_tensor_103, aten.mul.Tensor
[INFO 2026-06-27 10:56:30,675 qnn_preprocess.py:68] Visiting: aten_bmm_default_40, aten.bmm.default
[INFO 2026-06-27 10:56:30,676 qnn_preprocess.py:68] Visiting: aten_sub_tensor_22, aten.sub.Tensor
[INFO 2026-06-27 10:56:30,677 qnn_preprocess.py:68] Visiting: aten_view_copy_default_746, aten.view_copy.default
[INFO 2026-06-27 10:56:30,677 qnn_preprocess.py:68] Visiting: aten_mul_tensor_104, aten.mul.Tensor
[INFO 2026-06-27 10:56:30,678 qnn_preprocess.py:68] Visiting: aten_add_tensor_84, aten.add.Tensor
[INFO 2026-06-27 10:56:30,679 qnn_preprocess.py:68] Visiting: aten_view_copy_default_729, aten.view_copy.default
[INFO 2026-06-27 10:56:30,679 qnn_preprocess.py:68] Visiting: aten_mul_tensor_105, aten.mul.Tensor
[INFO 2026-06-27 10:56:30,680 qnn_preprocess.py:68] Visiting: aten_view_copy_default_730, aten.view_copy.default
[INFO 2026-06-27 10:56:30,680 qnn_preprocess.py:68] Visiting: aten_view_copy_default_740, aten.view_copy.default
[INFO 2026-06-27 10:56:30,681 qnn_preprocess.py:68] Visiting: aten_add_tensor_85, aten.add.Tensor
[INFO 2026-06-27 10:56:30,682 qnn_preprocess.py:68] Visiting: aten__safe_softmax_default_20, aten._safe_softmax.default
[INFO 2026-06-27 10:56:30,682 qnn_preprocess.py:68] Visiting: aten_view_copy_default_747, aten.view_copy.default
[INFO 2026-06-27 10:56:30,683 qnn_preprocess.py:68] Visiting: aten_bmm_default_41, aten.bmm.default
[INFO 2026-06-27 10:56:30,684 qnn_preprocess.py:68] Visiting: aten_view_copy_default_749, aten.view_copy.default
[INFO 2026-06-27 10:56:30,684 qnn_preprocess.py:68] Visiting: aten_permute_copy_default_294, aten.permute_copy.default
[INFO 2026-06-27 10:56:30,685 qnn_preprocess.py:68] Visiting: aten_view_copy_default_750, aten.view_copy.default
[INFO 2026-06-27 10:56:30,685 qnn_preprocess.py:68] Visiting: aten_linear_default_145, aten.linear.default
[INFO 2026-06-27 10:56:30,688 qnn_preprocess.py:68] Visiting: aten_view_copy_default_751, aten.view_copy.default
[INFO 2026-06-27 10:56:30,689 qnn_preprocess.py:68] Visiting: aten_permute_copy_default_227, aten.permute_copy.default
[INFO 2026-06-27 10:56:30,689 qnn_preprocess.py:68] Visiting: aten_add_tensor_86, aten.add.Tensor
[INFO 2026-06-27 10:56:30,690 qnn_preprocess.py:68] Visiting: aten_native_layer_norm_default_49, aten.native_layer_norm.default
[INFO 2026-06-27 10:56:30,692 qnn_preprocess.py:68] Visiting: getitem_154, getitem
[INFO 2026-06-27 10:56:30,692 qnn_preprocess.py:68] Visiting: aten_view_copy_default_752, aten.view_copy.default
[INFO 2026-06-27 10:56:30,693 qnn_preprocess.py:68] Visiting: aten_linear_default_146, aten.linear.default
[INFO 2026-06-27 10:56:30,698 qnn_preprocess.py:68] Visiting: aten_view_copy_default_753, aten.view_copy.default
[INFO 2026-06-27 10:56:30,698 qnn_preprocess.py:68] Visiting: aten_gelu_default_28, aten.gelu.default
[INFO 2026-06-27 10:56:30,699 qnn_preprocess.py:68] Visiting: aten_view_copy_default_754, aten.view_copy.default
[INFO 2026-06-27 10:56:30,699 qnn_preprocess.py:68] Visiting: aten_linear_default_147, aten.linear.default
[INFO 2026-06-27 10:56:30,704 qnn_preprocess.py:68] Visiting: aten_view_copy_default_755, aten.view_copy.default
[INFO 2026-06-27 10:56:30,705 qnn_preprocess.py:68] Visiting: aten_add_tensor_87, aten.add.Tensor
[INFO 2026-06-27 10:56:30,705 qnn_preprocess.py:68] Visiting: aten_native_layer_norm_default_50, aten.native_layer_norm.default
[INFO 2026-06-27 10:56:30,708 qnn_preprocess.py:68] Visiting: getitem_155, getitem
[INFO 2026-06-27 10:56:30,708 qnn_preprocess.py:68] Visiting: aten_view_copy_default_756, aten.view_copy.default
[INFO 2026-06-27 10:56:30,708 qnn_preprocess.py:68] Visiting: aten_permute_copy_default_229, aten.permute_copy.default
[INFO 2026-06-27 10:56:30,709 qnn_preprocess.py:68] Visiting: aten_permute_copy_default_228, aten.permute_copy.default
[INFO 2026-06-27 10:56:30,709 qnn_preprocess.py:68] Visiting: aten_view_copy_default_762, aten.view_copy.default
[INFO 2026-06-27 10:56:30,710 qnn_preprocess.py:68] Visiting: aten_view_copy_default_763, aten.view_copy.default
[INFO 2026-06-27 10:56:30,710 qnn_preprocess.py:68] Visiting: aten_view_copy_default_764, aten.view_copy.default
[INFO 2026-06-27 10:56:30,711 qnn_preprocess.py:68] Visiting: aten_view_copy_default_757, aten.view_copy.default
[INFO 2026-06-27 10:56:30,711 qnn_preprocess.py:68] Visiting: aten_linear_default_151, aten.linear.default
[INFO 2026-06-27 10:56:30,713 qnn_preprocess.py:68] Visiting: aten_linear_default_150, aten.linear.default
[INFO 2026-06-27 10:56:30,716 qnn_preprocess.py:68] Visiting: aten_linear_default_149, aten.linear.default
[INFO 2026-06-27 10:56:30,718 qnn_preprocess.py:68] Visiting: aten_linear_default_148, aten.linear.default
[INFO 2026-06-27 10:56:30,720 qnn_preprocess.py:68] Visiting: aten_view_copy_default_767, aten.view_copy.default
[INFO 2026-06-27 10:56:30,721 qnn_preprocess.py:68] Visiting: aten_view_copy_default_766, aten.view_copy.default
[INFO 2026-06-27 10:56:30,721 qnn_preprocess.py:68] Visiting: aten_view_copy_default_765, aten.view_copy.default
[INFO 2026-06-27 10:56:30,722 qnn_preprocess.py:68] Visiting: aten_view_copy_default_758, aten.view_copy.default
[INFO 2026-06-27 10:56:30,722 qnn_preprocess.py:68] Visiting: aten_view_copy_default_770, aten.view_copy.default
[INFO 2026-06-27 10:56:30,722 qnn_preprocess.py:68] Visiting: aten_view_copy_default_769, aten.view_copy.default
[INFO 2026-06-27 10:56:30,723 qnn_preprocess.py:68] Visiting: aten_view_copy_default_768, aten.view_copy.default
[INFO 2026-06-27 10:56:30,723 qnn_preprocess.py:68] Visiting: aten_view_copy_default_759, aten.view_copy.default
[INFO 2026-06-27 10:56:30,724 qnn_preprocess.py:68] Visiting: aten_permute_copy_default_232, aten.permute_copy.default
[INFO 2026-06-27 10:56:30,725 qnn_preprocess.py:68] Visiting: aten_permute_copy_default_231, aten.permute_copy.default
[INFO 2026-06-27 10:56:30,725 qnn_preprocess.py:68] Visiting: aten_permute_copy_default_230, aten.permute_copy.default
[INFO 2026-06-27 10:56:30,726 qnn_preprocess.py:68] Visiting: aten_sum_dim_int_list_21, aten.sum.dim_IntList
[INFO 2026-06-27 10:56:30,726 qnn_preprocess.py:68] Visiting: aten_view_copy_default_774, aten.view_copy.default
[INFO 2026-06-27 10:56:30,727 qnn_preprocess.py:68] Visiting: aten_view_copy_default_773, aten.view_copy.default
[INFO 2026-06-27 10:56:30,727 qnn_preprocess.py:68] Visiting: aten_view_copy_default_772, aten.view_copy.default
[INFO 2026-06-27 10:56:30,728 qnn_preprocess.py:68] Visiting: aten_sigmoid_default_21, aten.sigmoid.default
[INFO 2026-06-27 10:56:30,728 qnn_preprocess.py:68] Visiting: aten_view_copy_default_779, aten.view_copy.default
[INFO 2026-06-27 10:56:30,729 qnn_preprocess.py:68] Visiting: aten_permute_copy_default_233, aten.permute_copy.default
[INFO 2026-06-27 10:56:30,729 qnn_preprocess.py:68] Visiting: aten_mul_tensor_111, aten.mul.Tensor
[INFO 2026-06-27 10:56:30,730 qnn_preprocess.py:68] Visiting: aten_split_with_sizes_copy_default_42, aten.split_with_sizes_copy.default
[INFO 2026-06-27 10:56:30,731 qnn_preprocess.py:68] Visiting: aten_mul_tensor_112, aten.mul.Tensor
[INFO 2026-06-27 10:56:30,732 qnn_preprocess.py:68] Visiting: aten_view_copy_default_775, aten.view_copy.default
[INFO 2026-06-27 10:56:30,732 qnn_preprocess.py:68] Visiting: getitem_156, getitem
[INFO 2026-06-27 10:56:30,732 qnn_preprocess.py:68] Visiting: getitem_157, getitem
[INFO 2026-06-27 10:56:30,732 qnn_preprocess.py:68] Visiting: aten_view_copy_default_776, aten.view_copy.default
[INFO 2026-06-27 10:56:30,733 qnn_preprocess.py:68] Visiting: aten_mul_tensor_108, aten.mul.Tensor
[INFO 2026-06-27 10:56:30,734 qnn_preprocess.py:68] Visiting: aten_bmm_default_42, aten.bmm.default
[INFO 2026-06-27 10:56:30,735 qnn_preprocess.py:68] Visiting: aten_sub_tensor_23, aten.sub.Tensor
[INFO 2026-06-27 10:56:30,736 qnn_preprocess.py:68] Visiting: aten_view_copy_default_777, aten.view_copy.default
[INFO 2026-06-27 10:56:30,736 qnn_preprocess.py:68] Visiting: aten_mul_tensor_109, aten.mul.Tensor
[INFO 2026-06-27 10:56:30,737 qnn_preprocess.py:68] Visiting: aten_add_tensor_88, aten.add.Tensor
[INFO 2026-06-27 10:56:30,738 qnn_preprocess.py:68] Visiting: aten_view_copy_default_760, aten.view_copy.default
[INFO 2026-06-27 10:56:30,738 qnn_preprocess.py:68] Visiting: aten_mul_tensor_110, aten.mul.Tensor
[INFO 2026-06-27 10:56:30,739 qnn_preprocess.py:68] Visiting: aten_view_copy_default_761, aten.view_copy.default
[INFO 2026-06-27 10:56:30,740 qnn_preprocess.py:68] Visiting: aten_view_copy_default_771, aten.view_copy.default
[INFO 2026-06-27 10:56:30,740 qnn_preprocess.py:68] Visiting: aten_add_tensor_89, aten.add.Tensor
[INFO 2026-06-27 10:56:30,741 qnn_preprocess.py:68] Visiting: aten__safe_softmax_default_21, aten._safe_softmax.default
[INFO 2026-06-27 10:56:30,741 qnn_preprocess.py:68] Visiting: aten_view_copy_default_778, aten.view_copy.default
[INFO 2026-06-27 10:56:30,742 qnn_preprocess.py:68] Visiting: aten_bmm_default_43, aten.bmm.default
[INFO 2026-06-27 10:56:30,743 qnn_preprocess.py:68] Visiting: aten_view_copy_default_780, aten.view_copy.default
[INFO 2026-06-27 10:56:30,743 qnn_preprocess.py:68] Visiting: aten_permute_copy_default_295, aten.permute_copy.default
[INFO 2026-06-27 10:56:30,744 qnn_preprocess.py:68] Visiting: aten_view_copy_default_781, aten.view_copy.default
[INFO 2026-06-27 10:56:30,744 qnn_preprocess.py:68] Visiting: aten_linear_default_152, aten.linear.default
[INFO 2026-06-27 10:56:30,747 qnn_preprocess.py:68] Visiting: aten_view_copy_default_782, aten.view_copy.default
[INFO 2026-06-27 10:56:30,747 qnn_preprocess.py:68] Visiting: aten_permute_copy_default_237, aten.permute_copy.default
[INFO 2026-06-27 10:56:30,748 qnn_preprocess.py:68] Visiting: aten_add_tensor_90, aten.add.Tensor
[INFO 2026-06-27 10:56:30,749 qnn_preprocess.py:68] Visiting: aten_native_layer_norm_default_51, aten.native_layer_norm.default
[INFO 2026-06-27 10:56:30,751 qnn_preprocess.py:68] Visiting: getitem_161, getitem
[INFO 2026-06-27 10:56:30,751 qnn_preprocess.py:68] Visiting: aten_view_copy_default_783, aten.view_copy.default
[INFO 2026-06-27 10:56:30,752 qnn_preprocess.py:68] Visiting: aten_linear_default_153, aten.linear.default
[INFO 2026-06-27 10:56:30,757 qnn_preprocess.py:68] Visiting: aten_view_copy_default_784, aten.view_copy.default
[INFO 2026-06-27 10:56:30,757 qnn_preprocess.py:68] Visiting: aten_gelu_default_29, aten.gelu.default
[INFO 2026-06-27 10:56:30,758 qnn_preprocess.py:68] Visiting: aten_view_copy_default_785, aten.view_copy.default
[INFO 2026-06-27 10:56:30,758 qnn_preprocess.py:68] Visiting: aten_linear_default_154, aten.linear.default
[INFO 2026-06-27 10:56:30,763 qnn_preprocess.py:68] Visiting: aten_view_copy_default_786, aten.view_copy.default
[INFO 2026-06-27 10:56:30,763 qnn_preprocess.py:68] Visiting: aten_add_tensor_91, aten.add.Tensor
[INFO 2026-06-27 10:56:30,764 qnn_preprocess.py:68] Visiting: aten_native_layer_norm_default_52, aten.native_layer_norm.default
[INFO 2026-06-27 10:56:30,766 qnn_preprocess.py:68] Visiting: getitem_162, getitem
[INFO 2026-06-27 10:56:30,766 qnn_preprocess.py:68] Visiting: aten_view_copy_default_787, aten.view_copy.default
[INFO 2026-06-27 10:56:30,767 qnn_preprocess.py:68] Visiting: aten_permute_copy_default_239, aten.permute_copy.default
[INFO 2026-06-27 10:56:30,768 qnn_preprocess.py:68] Visiting: aten_permute_copy_default_238, aten.permute_copy.default
[INFO 2026-06-27 10:56:30,768 qnn_preprocess.py:68] Visiting: aten_view_copy_default_793, aten.view_copy.default
[INFO 2026-06-27 10:56:30,769 qnn_preprocess.py:68] Visiting: aten_view_copy_default_794, aten.view_copy.default
[INFO 2026-06-27 10:56:30,769 qnn_preprocess.py:68] Visiting: aten_view_copy_default_795, aten.view_copy.default
[INFO 2026-06-27 10:56:30,769 qnn_preprocess.py:68] Visiting: aten_view_copy_default_788, aten.view_copy.default
[INFO 2026-06-27 10:56:30,770 qnn_preprocess.py:68] Visiting: aten_linear_default_158, aten.linear.default
[INFO 2026-06-27 10:56:30,772 qnn_preprocess.py:68] Visiting: aten_linear_default_157, aten.linear.default
[INFO 2026-06-27 10:56:30,774 qnn_preprocess.py:68] Visiting: aten_linear_default_156, aten.linear.default
[INFO 2026-06-27 10:56:30,777 qnn_preprocess.py:68] Visiting: aten_linear_default_155, aten.linear.default
[INFO 2026-06-27 10:56:30,779 qnn_preprocess.py:68] Visiting: aten_view_copy_default_798, aten.view_copy.default
[INFO 2026-06-27 10:56:30,779 qnn_preprocess.py:68] Visiting: aten_view_copy_default_797, aten.view_copy.default
[INFO 2026-06-27 10:56:30,780 qnn_preprocess.py:68] Visiting: aten_view_copy_default_796, aten.view_copy.default
[INFO 2026-06-27 10:56:30,780 qnn_preprocess.py:68] Visiting: aten_view_copy_default_789, aten.view_copy.default
[INFO 2026-06-27 10:56:30,781 qnn_preprocess.py:68] Visiting: aten_view_copy_default_801, aten.view_copy.default
[INFO 2026-06-27 10:56:30,781 qnn_preprocess.py:68] Visiting: aten_view_copy_default_800, aten.view_copy.default
[INFO 2026-06-27 10:56:30,782 qnn_preprocess.py:68] Visiting: aten_view_copy_default_799, aten.view_copy.default
[INFO 2026-06-27 10:56:30,782 qnn_preprocess.py:68] Visiting: aten_view_copy_default_790, aten.view_copy.default
[INFO 2026-06-27 10:56:30,782 qnn_preprocess.py:68] Visiting: aten_permute_copy_default_242, aten.permute_copy.default
[INFO 2026-06-27 10:56:30,783 qnn_preprocess.py:68] Visiting: aten_permute_copy_default_241, aten.permute_copy.default
[INFO 2026-06-27 10:56:30,784 qnn_preprocess.py:68] Visiting: aten_permute_copy_default_240, aten.permute_copy.default
[INFO 2026-06-27 10:56:30,785 qnn_preprocess.py:68] Visiting: aten_sum_dim_int_list_22, aten.sum.dim_IntList
[INFO 2026-06-27 10:56:30,785 qnn_preprocess.py:68] Visiting: aten_view_copy_default_805, aten.view_copy.default
[INFO 2026-06-27 10:56:30,786 qnn_preprocess.py:68] Visiting: aten_view_copy_default_804, aten.view_copy.default
[INFO 2026-06-27 10:56:30,786 qnn_preprocess.py:68] Visiting: aten_view_copy_default_803, aten.view_copy.default
[INFO 2026-06-27 10:56:30,787 qnn_preprocess.py:68] Visiting: aten_sigmoid_default_22, aten.sigmoid.default
[INFO 2026-06-27 10:56:30,787 qnn_preprocess.py:68] Visiting: aten_view_copy_default_810, aten.view_copy.default
[INFO 2026-06-27 10:56:30,788 qnn_preprocess.py:68] Visiting: aten_permute_copy_default_243, aten.permute_copy.default
[INFO 2026-06-27 10:56:30,788 qnn_preprocess.py:68] Visiting: aten_mul_tensor_116, aten.mul.Tensor
[INFO 2026-06-27 10:56:30,789 qnn_preprocess.py:68] Visiting: aten_split_with_sizes_copy_default_44, aten.split_with_sizes_copy.default
[INFO 2026-06-27 10:56:30,790 qnn_preprocess.py:68] Visiting: aten_mul_tensor_117, aten.mul.Tensor
[INFO 2026-06-27 10:56:30,791 qnn_preprocess.py:68] Visiting: aten_view_copy_default_806, aten.view_copy.default
[INFO 2026-06-27 10:56:30,791 qnn_preprocess.py:68] Visiting: getitem_163, getitem
[INFO 2026-06-27 10:56:30,791 qnn_preprocess.py:68] Visiting: getitem_164, getitem
[INFO 2026-06-27 10:56:30,791 qnn_preprocess.py:68] Visiting: aten_view_copy_default_807, aten.view_copy.default
[INFO 2026-06-27 10:56:30,792 qnn_preprocess.py:68] Visiting: aten_mul_tensor_113, aten.mul.Tensor
[INFO 2026-06-27 10:56:30,793 qnn_preprocess.py:68] Visiting: aten_bmm_default_44, aten.bmm.default
[INFO 2026-06-27 10:56:30,794 qnn_preprocess.py:68] Visiting: aten_sub_tensor_24, aten.sub.Tensor
[INFO 2026-06-27 10:56:30,795 qnn_preprocess.py:68] Visiting: aten_view_copy_default_808, aten.view_copy.default
[INFO 2026-06-27 10:56:30,795 qnn_preprocess.py:68] Visiting: aten_mul_tensor_114, aten.mul.Tensor
[INFO 2026-06-27 10:56:30,796 qnn_preprocess.py:68] Visiting: aten_add_tensor_92, aten.add.Tensor
[INFO 2026-06-27 10:56:30,797 qnn_preprocess.py:68] Visiting: aten_view_copy_default_791, aten.view_copy.default
[INFO 2026-06-27 10:56:30,797 qnn_preprocess.py:68] Visiting: aten_mul_tensor_115, aten.mul.Tensor
[INFO 2026-06-27 10:56:30,798 qnn_preprocess.py:68] Visiting: aten_view_copy_default_792, aten.view_copy.default
[INFO 2026-06-27 10:56:30,798 qnn_preprocess.py:68] Visiting: aten_view_copy_default_802, aten.view_copy.default
[INFO 2026-06-27 10:56:30,799 qnn_preprocess.py:68] Visiting: aten_add_tensor_93, aten.add.Tensor
[INFO 2026-06-27 10:56:30,800 qnn_preprocess.py:68] Visiting: aten__safe_softmax_default_22, aten._safe_softmax.default
[INFO 2026-06-27 10:56:30,800 qnn_preprocess.py:68] Visiting: aten_view_copy_default_809, aten.view_copy.default
[INFO 2026-06-27 10:56:30,801 qnn_preprocess.py:68] Visiting: aten_bmm_default_45, aten.bmm.default
[INFO 2026-06-27 10:56:30,801 qnn_preprocess.py:68] Visiting: aten_view_copy_default_811, aten.view_copy.default
[INFO 2026-06-27 10:56:30,802 qnn_preprocess.py:68] Visiting: aten_permute_copy_default_296, aten.permute_copy.default
[INFO 2026-06-27 10:56:30,802 qnn_preprocess.py:68] Visiting: aten_view_copy_default_812, aten.view_copy.default
[INFO 2026-06-27 10:56:30,803 qnn_preprocess.py:68] Visiting: aten_linear_default_159, aten.linear.default
[INFO 2026-06-27 10:56:30,806 qnn_preprocess.py:68] Visiting: aten_view_copy_default_813, aten.view_copy.default
[INFO 2026-06-27 10:56:30,806 qnn_preprocess.py:68] Visiting: aten_permute_copy_default_247, aten.permute_copy.default
[INFO 2026-06-27 10:56:30,807 qnn_preprocess.py:68] Visiting: aten_add_tensor_94, aten.add.Tensor
[INFO 2026-06-27 10:56:30,808 qnn_preprocess.py:68] Visiting: aten_native_layer_norm_default_53, aten.native_layer_norm.default
[INFO 2026-06-27 10:56:30,810 qnn_preprocess.py:68] Visiting: getitem_168, getitem
[INFO 2026-06-27 10:56:30,810 qnn_preprocess.py:68] Visiting: aten_view_copy_default_814, aten.view_copy.default
[INFO 2026-06-27 10:56:30,810 qnn_preprocess.py:68] Visiting: aten_linear_default_160, aten.linear.default
[INFO 2026-06-27 10:56:30,815 qnn_preprocess.py:68] Visiting: aten_view_copy_default_815, aten.view_copy.default
[INFO 2026-06-27 10:56:30,816 qnn_preprocess.py:68] Visiting: aten_gelu_default_30, aten.gelu.default
[INFO 2026-06-27 10:56:30,816 qnn_preprocess.py:68] Visiting: aten_view_copy_default_816, aten.view_copy.default
[INFO 2026-06-27 10:56:30,817 qnn_preprocess.py:68] Visiting: aten_linear_default_161, aten.linear.default
[INFO 2026-06-27 10:56:30,822 qnn_preprocess.py:68] Visiting: aten_view_copy_default_817, aten.view_copy.default
[INFO 2026-06-27 10:56:30,822 qnn_preprocess.py:68] Visiting: aten_add_tensor_95, aten.add.Tensor
[INFO 2026-06-27 10:56:30,823 qnn_preprocess.py:68] Visiting: aten_native_layer_norm_default_54, aten.native_layer_norm.default
[INFO 2026-06-27 10:56:30,825 qnn_preprocess.py:68] Visiting: getitem_169, getitem
[INFO 2026-06-27 10:56:30,825 qnn_preprocess.py:68] Visiting: aten_view_copy_default_818, aten.view_copy.default
[INFO 2026-06-27 10:56:30,826 qnn_preprocess.py:68] Visiting: aten_permute_copy_default_249, aten.permute_copy.default
[INFO 2026-06-27 10:56:30,826 qnn_preprocess.py:68] Visiting: aten_permute_copy_default_248, aten.permute_copy.default
[INFO 2026-06-27 10:56:30,827 qnn_preprocess.py:68] Visiting: aten_view_copy_default_824, aten.view_copy.default
[INFO 2026-06-27 10:56:30,827 qnn_preprocess.py:68] Visiting: aten_view_copy_default_825, aten.view_copy.default
[INFO 2026-06-27 10:56:30,828 qnn_preprocess.py:68] Visiting: aten_view_copy_default_826, aten.view_copy.default
[INFO 2026-06-27 10:56:30,828 qnn_preprocess.py:68] Visiting: aten_view_copy_default_819, aten.view_copy.default
[INFO 2026-06-27 10:56:30,829 qnn_preprocess.py:68] Visiting: aten_linear_default_165, aten.linear.default
[INFO 2026-06-27 10:56:30,831 qnn_preprocess.py:68] Visiting: aten_linear_default_164, aten.linear.default
[INFO 2026-06-27 10:56:30,833 qnn_preprocess.py:68] Visiting: aten_linear_default_163, aten.linear.default
[INFO 2026-06-27 10:56:30,836 qnn_preprocess.py:68] Visiting: aten_linear_default_162, aten.linear.default
[INFO 2026-06-27 10:56:30,838 qnn_preprocess.py:68] Visiting: aten_view_copy_default_829, aten.view_copy.default
[INFO 2026-06-27 10:56:30,839 qnn_preprocess.py:68] Visiting: aten_view_copy_default_828, aten.view_copy.default
[INFO 2026-06-27 10:56:30,839 qnn_preprocess.py:68] Visiting: aten_view_copy_default_827, aten.view_copy.default
[INFO 2026-06-27 10:56:30,839 qnn_preprocess.py:68] Visiting: aten_view_copy_default_820, aten.view_copy.default
[INFO 2026-06-27 10:56:30,840 qnn_preprocess.py:68] Visiting: aten_view_copy_default_832, aten.view_copy.default
[INFO 2026-06-27 10:56:30,840 qnn_preprocess.py:68] Visiting: aten_view_copy_default_831, aten.view_copy.default
[INFO 2026-06-27 10:56:30,841 qnn_preprocess.py:68] Visiting: aten_view_copy_default_830, aten.view_copy.default
[INFO 2026-06-27 10:56:30,841 qnn_preprocess.py:68] Visiting: aten_view_copy_default_821, aten.view_copy.default
[INFO 2026-06-27 10:56:30,842 qnn_preprocess.py:68] Visiting: aten_permute_copy_default_252, aten.permute_copy.default
[INFO 2026-06-27 10:56:30,842 qnn_preprocess.py:68] Visiting: aten_permute_copy_default_251, aten.permute_copy.default
[INFO 2026-06-27 10:56:30,843 qnn_preprocess.py:68] Visiting: aten_permute_copy_default_250, aten.permute_copy.default
[INFO 2026-06-27 10:56:30,844 qnn_preprocess.py:68] Visiting: aten_sum_dim_int_list_23, aten.sum.dim_IntList
[INFO 2026-06-27 10:56:30,844 qnn_preprocess.py:68] Visiting: aten_view_copy_default_836, aten.view_copy.default
[INFO 2026-06-27 10:56:30,845 qnn_preprocess.py:68] Visiting: aten_view_copy_default_835, aten.view_copy.default
[INFO 2026-06-27 10:56:30,845 qnn_preprocess.py:68] Visiting: aten_view_copy_default_834, aten.view_copy.default
[INFO 2026-06-27 10:56:30,845 qnn_preprocess.py:68] Visiting: aten_sigmoid_default_23, aten.sigmoid.default
[INFO 2026-06-27 10:56:30,846 qnn_preprocess.py:68] Visiting: aten_view_copy_default_841, aten.view_copy.default
[INFO 2026-06-27 10:56:30,847 qnn_preprocess.py:68] Visiting: aten_permute_copy_default_253, aten.permute_copy.default
[INFO 2026-06-27 10:56:30,847 qnn_preprocess.py:68] Visiting: aten_mul_tensor_121, aten.mul.Tensor
[INFO 2026-06-27 10:56:30,848 qnn_preprocess.py:68] Visiting: aten_split_with_sizes_copy_default_46, aten.split_with_sizes_copy.default
[INFO 2026-06-27 10:56:30,849 qnn_preprocess.py:68] Visiting: aten_mul_tensor_122, aten.mul.Tensor
[INFO 2026-06-27 10:56:30,850 qnn_preprocess.py:68] Visiting: aten_view_copy_default_837, aten.view_copy.default
[INFO 2026-06-27 10:56:30,850 qnn_preprocess.py:68] Visiting: getitem_170, getitem
[INFO 2026-06-27 10:56:30,850 qnn_preprocess.py:68] Visiting: getitem_171, getitem
[INFO 2026-06-27 10:56:30,850 qnn_preprocess.py:68] Visiting: aten_view_copy_default_838, aten.view_copy.default
[INFO 2026-06-27 10:56:30,851 qnn_preprocess.py:68] Visiting: aten_mul_tensor_118, aten.mul.Tensor
[INFO 2026-06-27 10:56:30,852 qnn_preprocess.py:68] Visiting: aten_bmm_default_46, aten.bmm.default
[INFO 2026-06-27 10:56:30,853 qnn_preprocess.py:68] Visiting: aten_sub_tensor_25, aten.sub.Tensor
[INFO 2026-06-27 10:56:30,854 qnn_preprocess.py:68] Visiting: aten_view_copy_default_839, aten.view_copy.default
[INFO 2026-06-27 10:56:30,854 qnn_preprocess.py:68] Visiting: aten_mul_tensor_119, aten.mul.Tensor
[INFO 2026-06-27 10:56:30,855 qnn_preprocess.py:68] Visiting: aten_add_tensor_96, aten.add.Tensor
[INFO 2026-06-27 10:56:30,856 qnn_preprocess.py:68] Visiting: aten_view_copy_default_822, aten.view_copy.default
[INFO 2026-06-27 10:56:30,856 qnn_preprocess.py:68] Visiting: aten_mul_tensor_120, aten.mul.Tensor
[INFO 2026-06-27 10:56:30,857 qnn_preprocess.py:68] Visiting: aten_view_copy_default_823, aten.view_copy.default
[INFO 2026-06-27 10:56:30,858 qnn_preprocess.py:68] Visiting: aten_view_copy_default_833, aten.view_copy.default
[INFO 2026-06-27 10:56:30,858 qnn_preprocess.py:68] Visiting: aten_add_tensor_97, aten.add.Tensor
[INFO 2026-06-27 10:56:30,859 qnn_preprocess.py:68] Visiting: aten__safe_softmax_default_23, aten._safe_softmax.default
[INFO 2026-06-27 10:56:30,860 qnn_preprocess.py:68] Visiting: aten_view_copy_default_840, aten.view_copy.default
[INFO 2026-06-27 10:56:30,860 qnn_preprocess.py:68] Visiting: aten_bmm_default_47, aten.bmm.default
[INFO 2026-06-27 10:56:30,861 qnn_preprocess.py:68] Visiting: aten_view_copy_default_842, aten.view_copy.default
[INFO 2026-06-27 10:56:30,861 qnn_preprocess.py:68] Visiting: aten_permute_copy_default_297, aten.permute_copy.default
[INFO 2026-06-27 10:56:30,862 qnn_preprocess.py:68] Visiting: aten_view_copy_default_843, aten.view_copy.default
[INFO 2026-06-27 10:56:30,862 qnn_preprocess.py:68] Visiting: aten_linear_default_166, aten.linear.default
[INFO 2026-06-27 10:56:30,865 qnn_preprocess.py:68] Visiting: aten_view_copy_default_844, aten.view_copy.default
[INFO 2026-06-27 10:56:30,866 qnn_preprocess.py:68] Visiting: aten_permute_copy_default_257, aten.permute_copy.default
[INFO 2026-06-27 10:56:30,866 qnn_preprocess.py:68] Visiting: aten_add_tensor_98, aten.add.Tensor
[INFO 2026-06-27 10:56:30,867 qnn_preprocess.py:68] Visiting: aten_native_layer_norm_default_55, aten.native_layer_norm.default
[INFO 2026-06-27 10:56:30,869 qnn_preprocess.py:68] Visiting: getitem_175, getitem
[INFO 2026-06-27 10:56:30,869 qnn_preprocess.py:68] Visiting: aten_view_copy_default_845, aten.view_copy.default
[INFO 2026-06-27 10:56:30,870 qnn_preprocess.py:68] Visiting: aten_linear_default_167, aten.linear.default
[INFO 2026-06-27 10:56:30,875 qnn_preprocess.py:68] Visiting: aten_view_copy_default_846, aten.view_copy.default
[INFO 2026-06-27 10:56:30,875 qnn_preprocess.py:68] Visiting: aten_gelu_default_31, aten.gelu.default
[INFO 2026-06-27 10:56:30,876 qnn_preprocess.py:68] Visiting: aten_view_copy_default_847, aten.view_copy.default
[INFO 2026-06-27 10:56:30,876 qnn_preprocess.py:68] Visiting: aten_linear_default_168, aten.linear.default
[INFO 2026-06-27 10:56:30,881 qnn_preprocess.py:68] Visiting: aten_view_copy_default_848, aten.view_copy.default
[INFO 2026-06-27 10:56:30,881 qnn_preprocess.py:68] Visiting: aten_add_tensor_99, aten.add.Tensor
[INFO 2026-06-27 10:56:30,882 qnn_preprocess.py:68] Visiting: aten_native_layer_norm_default_56, aten.native_layer_norm.default
[INFO 2026-06-27 10:56:30,884 qnn_preprocess.py:68] Visiting: getitem_176, getitem
[INFO 2026-06-27 10:56:30,884 qnn_preprocess.py:68] Visiting: aten_mean_dim_2, aten.mean.dim
[INFO 2026-06-27 10:56:30,885 qnn_preprocess.py:68] Visiting: aten_linear_default_169, aten.linear.default
[INFO 2026-06-27 10:56:30,887 qnn_preprocess.py:68] Visiting: aten_relu_default, aten.relu.default
[INFO 2026-06-27 10:56:30,888 qnn_preprocess.py:68] Visiting: aten_linear_default_170, aten.linear.default

====== DDR bandwidth summary ======
spill_bytes=340940800
fill_bytes=344336384
write_total_bytes=341031680
read_total_bytes=988988160

bash: line 10:   212 Killed                  python scratchpad/export_wavlm_qnn_pte.py
