mounting HF cache: /Users/chinnu/.cache/huggingface (skips wavlm-large download)
using pre-downloaded QAIRT SDK: .qairt/qairt/2.37.0.250724
[deps] system
debconf: unable to initialize frontend: Dialog
debconf: (TERM is not set, so the dialog frontend is not usable.)
debconf: falling back to frontend: Readline
debconf: unable to initialize frontend: Readline
debconf: (Can't locate Term/ReadLine.pm in @INC (you may need to install the Term::ReadLine module) (@INC entries checked: /etc/perl /usr/local/lib/x86_64-linux-gnu/perl/5.40.1 /usr/local/share/perl/5.40.1 /usr/lib/x86_64-linux-gnu/perl5/5.40 /usr/share/perl5 /usr/lib/x86_64-linux-gnu/perl-base /usr/lib/x86_64-linux-gnu/perl/5.40 /usr/share/perl/5.40 /usr/local/lib/site_perl) at /usr/share/perl5/Debconf/FrontEnd/Readline.pm line 8, <STDIN> line 14.)
debconf: falling back to frontend: Teletype
debconf: unable to initialize frontend: Teletype
debconf: (This frontend requires a controlling tty.)
debconf: falling back to frontend: Noninteractive
[deps] pip executorch 1.2.0 + torch 2.11.0 + transformers + peft (emulated x86 — slow, cached after first run)
[notice] A new release of pip is available: 24.0 -> 26.1.2
[notice] To update, run: pip install --upgrade pip
[run] export WavLM QNN .pte
[1/5] rebuild + merge LoRA into WavLM (from HF cache) ...
Loading weights:   0%|          | 0/488 [00:00<?, ?it/s]Loading weights: 100%|██████████| 488/488 [00:00<00:00, 23982.90it/s]
[patch] export-safe transformers guards -> ['transformers.models.wavlm.modeling_wavlm.is_fsdp_managed_module', 'transformers.models.wavlm.modeling_wavlm.is_deepspeed_zero3_enabled', 'transformers.integrations.fsdp.is_fsdp_managed_module', 'transformers.integrations.deepspeed.is_deepspeed_zero3_enabled', 'transformers.modeling_utils.is_deepspeed_zero3_enabled']
[calib] 1 real normalized waveforms (shape (32, 48000))
      DeployTeacher ready, example (1, 48000) (3s)
[2/5] torch.export capture (strict=False) ...
      captured graph (4s)
[3/5] FP16_ONLY=1 -> skip INT8, lower captured graph as FP16 on HTP
[4/5] lower to QNN (SM8750 / HTP V79, fp16) ...
Traceback (most recent call last):
  File "/usr/local/lib/python3.11/site-packages/torch/fx/passes/infra/pass_manager.py", line 277, in __call__
    res = fn(module)
          ^^^^^^^^^^
  File "/usr/local/lib/python3.11/site-packages/torch/fx/passes/infra/pass_base.py", line 47, in __call__
    res = self.call(graph_module)
          ^^^^^^^^^^^^^^^^^^^^^^^
  File "/usr/local/lib/python3.11/site-packages/executorch/backends/qualcomm/_passes/canonicalize_conv.py", line 202, in call
    graph.eliminate_dead_code()
  File "/usr/local/lib/python3.11/site-packages/torch/fx/graph.py", line 2169, in eliminate_dead_code
    self.lint()
  File "/usr/local/lib/python3.11/site-packages/torch/fx/graph.py", line 2076, in lint
    check_arg(arg, node)
  File "/usr/local/lib/python3.11/site-packages/torch/fx/graph.py", line 2061, in check_arg
    raise RuntimeError(
RuntimeError: Argument '_weight_norm' of Node 'conv2d_default_7' was used before it has been defined! Please check that Nodes in the graph are topologically ordered
graph():
    %p_encoder_feature_extractor_conv_layers_0_conv_weight : [num_users=2] = placeholder[target=p_encoder_feature_extractor_conv_layers_0_conv_weight]
    %p_encoder_feature_extractor_conv_layers_0_layer_norm_weight : [num_users=1] = placeholder[target=p_encoder_feature_extractor_conv_layers_0_layer_norm_weight]
    %p_encoder_feature_extractor_conv_layers_0_layer_norm_bias : [num_users=1] = placeholder[target=p_encoder_feature_extractor_conv_layers_0_layer_norm_bias]
    %p_encoder_feature_extractor_conv_layers_1_conv_weight : [num_users=2] = placeholder[target=p_encoder_feature_extractor_conv_layers_1_conv_weight]
    %p_encoder_feature_extractor_conv_layers_1_layer_norm_weight : [num_users=1] = placeholder[target=p_encoder_feature_extractor_conv_layers_1_layer_norm_weight]
    %p_encoder_feature_extractor_conv_layers_1_layer_norm_bias : [num_users=1] = placeholder[target=p_encoder_feature_extractor_conv_layers_1_layer_norm_bias]
    %p_encoder_feature_extractor_conv_layers_2_conv_weight : [num_users=2] = placeholder[target=p_encoder_feature_extractor_conv_layers_2_conv_weight]
    %p_encoder_feature_extractor_conv_layers_2_layer_norm_weight : [num_users=1] = placeholder[target=p_encoder_feature_extractor_conv_layers_2_layer_norm_weight]
    %p_encoder_feature_extractor_conv_layers_2_layer_norm_bias : [num_users=1] = placeholder[target=p_encoder_feature_extractor_conv_layers_2_layer_norm_bias]
    %p_encoder_feature_extractor_conv_layers_3_conv_weight : [num_users=2] = placeholder[target=p_encoder_feature_extractor_conv_layers_3_conv_weight]
    %p_encoder_feature_extractor_conv_layers_3_layer_norm_weight : [num_users=1] = placeholder[target=p_encoder_feature_extractor_conv_layers_3_layer_norm_weight]
    %p_encoder_feature_extractor_conv_layers_3_layer_norm_bias : [num_users=1] = placeholder[target=p_encoder_feature_extractor_conv_layers_3_layer_norm_bias]
    %p_encoder_feature_extractor_conv_layers_4_conv_weight : [num_users=2] = placeholder[target=p_encoder_feature_extractor_conv_layers_4_conv_weight]
    %p_encoder_feature_extractor_conv_layers_4_layer_norm_weight : [num_users=1] = placeholder[target=p_encoder_feature_extractor_conv_layers_4_layer_norm_weight]
    %p_encoder_feature_extractor_conv_layers_4_layer_norm_bias : [num_users=1] = placeholder[target=p_encoder_feature_extractor_conv_layers_4_layer_norm_bias]
    %p_encoder_feature_extractor_conv_layers_5_conv_weight : [num_users=2] = placeholder[target=p_encoder_feature_extractor_conv_layers_5_conv_weight]
    %p_encoder_feature_extractor_conv_layers_5_layer_norm_weight : [num_users=1] = placeholder[target=p_encoder_feature_extractor_conv_layers_5_layer_norm_weight]
    %p_encoder_feature_extractor_conv_layers_5_layer_norm_bias : [num_users=1] = placeholder[target=p_encoder_feature_extractor_conv_layers_5_layer_norm_bias]
    %p_encoder_feature_extractor_conv_layers_6_conv_weight : [num_users=2] = placeholder[target=p_encoder_feature_extractor_conv_layers_6_conv_weight]
    %p_encoder_feature_extractor_conv_layers_6_layer_norm_weight : [num_users=1] = placeholder[target=p_encoder_feature_extractor_conv_layers_6_layer_norm_weight]
    %p_encoder_feature_extractor_conv_layers_6_layer_norm_bias : [num_users=1] = placeholder[target=p_encoder_feature_extractor_conv_layers_6_layer_norm_bias]
    %p_encoder_feature_projection_layer_norm_weight : [num_users=1] = placeholder[target=p_encoder_feature_projection_layer_norm_weight]
    %p_encoder_feature_projection_layer_norm_bias : [num_users=1] = placeholder[target=p_encoder_feature_projection_layer_norm_bias]
    %p_encoder_feature_projection_projection_weight : [num_users=1] = placeholder[target=p_encoder_feature_projection_projection_weight]
    %p_encoder_feature_projection_projection_bias : [num_users=1] = placeholder[target=p_encoder_feature_projection_projection_bias]
    %p_encoder_encoder_pos_conv_embed_conv_bias : [num_users=2] = placeholder[target=p_encoder_encoder_pos_conv_embed_conv_bias]
    %p_encoder_encoder_pos_conv_embed_conv_parametrizations_weight_original0 : [num_users=1] = placeholder[target=p_encoder_encoder_pos_conv_embed_conv_parametrizations_weight_original0]
    %p_encoder_encoder_pos_conv_embed_conv_parametrizations_weight_original1 : [num_users=1] = placeholder[target=p_encoder_encoder_pos_conv_embed_conv_parametrizations_weight_original1]
    %p_encoder_encoder_layer_norm_weight : [num_users=1] = placeholder[target=p_encoder_encoder_layer_norm_weight]
    %p_encoder_encoder_layer_norm_bias : [num_users=1] = placeholder[target=p_encoder_encoder_layer_norm_bias]
    %p_encoder_encoder_layers_0_attention_gru_rel_pos_const : [num_users=1] = placeholder[target=p_encoder_encoder_layers_0_attention_gru_rel_pos_const]
    %p_encoder_encoder_layers_0_attention_k_proj_weight : [num_users=1] = placeholder[target=p_encoder_encoder_layers_0_attention_k_proj_weight]
    %p_encoder_encoder_layers_0_attention_k_proj_bias : [num_users=1] = placeholder[target=p_encoder_encoder_layers_0_attention_k_proj_bias]
    %p_encoder_encoder_layers_0_attention_v_proj_weight : [num_users=1] = placeholder[target=p_encoder_encoder_layers_0_attention_v_proj_weight]
    %p_encoder_encoder_layers_0_attention_v_proj_bias : [num_users=1] = placeholder[target=p_encoder_encoder_layers_0_attention_v_proj_bias]
    %p_encoder_encoder_layers_0_attention_q_proj_weight : [num_users=1] = placeholder[target=p_encoder_encoder_layers_0_attention_q_proj_weight]
    %p_encoder_encoder_layers_0_attention_q_proj_bias : [num_users=1] = placeholder[target=p_encoder_encoder_layers_0_attention_q_proj_bias]
    %p_encoder_encoder_layers_0_attention_out_proj_weight : [num_users=1] = placeholder[target=p_encoder_encoder_layers_0_attention_out_proj_weight]
    %p_encoder_encoder_layers_0_attention_out_proj_bias : [num_users=1] = placeholder[target=p_encoder_encoder_layers_0_attention_out_proj_bias]
    %p_encoder_encoder_layers_0_attention_gru_rel_pos_linear_weight : [num_users=1] = placeholder[target=p_encoder_encoder_layers_0_attention_gru_rel_pos_linear_weight]
    %p_encoder_encoder_layers_0_attention_gru_rel_pos_linear_bias : [num_users=1] = placeholder[target=p_encoder_encoder_layers_0_attention_gru_rel_pos_linear_bias]
    %p_encoder_encoder_layers_0_attention_rel_attn_embed_weight : [num_users=1] = placeholder[target=p_encoder_encoder_layers_0_attention_rel_attn_embed_weight]
    %p_encoder_encoder_layers_0_layer_norm_weight : [num_users=1] = placeholder[target=p_encoder_encoder_layers_0_layer_norm_weight]
    %p_encoder_encoder_layers_0_layer_norm_bias : [num_users=1] = placeholder[target=p_encoder_encoder_layers_0_layer_norm_bias]
    %p_encoder_encoder_layers_0_feed_forward_intermediate_dense_weight : [num_users=1] = placeholder[target=p_encoder_encoder_layers_0_feed_forward_intermediate_dense_weight]
    %p_encoder_encoder_layers_0_feed_forward_intermediate_dense_bias : [num_users=1] = placeholder[target=p_encoder_encoder_layers_0_feed_forward_intermediate_dense_bias]
    %p_encoder_encoder_layers_0_feed_forward_output_dense_weight : [num_users=1] = placeholder[target=p_encoder_encoder_layers_0_feed_forward_output_dense_weight]
    %p_encoder_encoder_layers_0_feed_forward_output_dense_bias : [num_users=1] = placeholder[target=p_encoder_encoder_layers_0_feed_forward_output_dense_bias]
    %p_encoder_encoder_layers_0_final_layer_norm_weight : [num_users=1] = placeholder[target=p_encoder_encoder_layers_0_final_layer_norm_weight]
    %p_encoder_encoder_layers_0_final_layer_norm_bias : [num_users=1] = placeholder[target=p_encoder_encoder_layers_0_final_layer_norm_bias]
    %p_encoder_encoder_layers_1_attention_gru_rel_pos_const : [num_users=1] = placeholder[target=p_encoder_encoder_layers_1_attention_gru_rel_pos_const]
    %p_encoder_encoder_layers_1_attention_k_proj_weight : [num_users=1] = placeholder[target=p_encoder_encoder_layers_1_attention_k_proj_weight]
    %p_encoder_encoder_layers_1_attention_k_proj_bias : [num_users=1] = placeholder[target=p_encoder_encoder_layers_1_attention_k_proj_bias]
    %p_encoder_encoder_layers_1_attention_v_proj_weight : [num_users=1] = placeholder[target=p_encoder_encoder_layers_1_attention_v_proj_weight]
    %p_encoder_encoder_layers_1_attention_v_proj_bias : [num_users=1] = placeholder[target=p_encoder_encoder_layers_1_attention_v_proj_bias]
    %p_encoder_encoder_layers_1_attention_q_proj_weight : [num_users=1] = placeholder[target=p_encoder_encoder_layers_1_attention_q_proj_weight]
    %p_encoder_encoder_layers_1_attention_q_proj_bias : [num_users=1] = placeholder[target=p_encoder_encoder_layers_1_attention_q_proj_bias]
    %p_encoder_encoder_layers_1_attention_out_proj_weight : [num_users=1] = placeholder[target=p_encoder_encoder_layers_1_attention_out_proj_weight]
    %p_encoder_encoder_layers_1_attention_out_proj_bias : [num_users=1] = placeholder[target=p_encoder_encoder_layers_1_attention_out_proj_bias]
    %p_encoder_encoder_layers_1_attention_gru_rel_pos_linear_weight : [num_users=1] = placeholder[target=p_encoder_encoder_layers_1_attention_gru_rel_pos_linear_weight]
    %p_encoder_encoder_layers_1_attention_gru_rel_pos_linear_bias : [num_users=1] = placeholder[target=p_encoder_encoder_layers_1_attention_gru_rel_pos_linear_bias]
    %p_encoder_encoder_layers_1_layer_norm_weight : [num_users=1] = placeholder[target=p_encoder_encoder_layers_1_layer_norm_weight]
    %p_encoder_encoder_layers_1_layer_norm_bias : [num_users=1] = placeholder[target=p_encoder_encoder_layers_1_layer_norm_bias]
    %p_encoder_encoder_layers_1_feed_forward_intermediate_dense_weight : [num_users=1] = placeholder[target=p_encoder_encoder_layers_1_feed_forward_intermediate_dense_weight]
    %p_encoder_encoder_layers_1_feed_forward_intermediate_dense_bias : [num_users=1] = placeholder[target=p_encoder_encoder_layers_1_feed_forward_intermediate_dense_bias]
    %p_encoder_encoder_layers_1_feed_forward_output_dense_weight : [num_users=1] = placeholder[target=p_encoder_encoder_layers_1_feed_forward_output_dense_weight]
    %p_encoder_encoder_layers_1_feed_forward_output_dense_bias : [num_users=1] = placeholder[target=p_encoder_encoder_layers_1_feed_forward_output_dense_bias]
    %p_encoder_encoder_layers_1_final_layer_norm_weight : [num_users=1] = placeholder[target=p_encoder_encoder_layers_1_final_layer_norm_weight]
    %p_encoder_encoder_layers_1_final_layer_norm_bias : [num_users=1] = placeholder[target=p_encoder_encoder_layers_1_final_layer_norm_bias]
    %p_encoder_encoder_layers_2_attention_gru_rel_pos_const : [num_users=1] = placeholder[target=p_encoder_encoder_layers_2_attention_gru_rel_pos_const]
    %p_encoder_encoder_layers_2_attention_k_proj_weight : [num_users=1] = placeholder[target=p_encoder_encoder_layers_2_attention_k_proj_weight]
    %p_encoder_encoder_layers_2_attention_k_proj_bias : [num_users=1] = placeholder[target=p_encoder_encoder_layers_2_attention_k_proj_bias]
    %p_encoder_encoder_layers_2_attention_v_proj_weight : [num_users=1] = placeholder[target=p_encoder_encoder_layers_2_attention_v_proj_weight]
    %p_encoder_encoder_layers_2_attention_v_proj_bias : [num_users=1] = placeholder[target=p_encoder_encoder_layers_2_attention_v_proj_bias]
    %p_encoder_encoder_layers_2_attention_q_proj_weight : [num_users=1] = placeholder[target=p_encoder_encoder_layers_2_attention_q_proj_weight]
    %p_encoder_encoder_layers_2_attention_q_proj_bias : [num_users=1] = placeholder[target=p_encoder_encoder_layers_2_attention_q_proj_bias]
    %p_encoder_encoder_layers_2_attention_out_proj_weight : [num_users=1] = placeholder[target=p_encoder_encoder_layers_2_attention_out_proj_weight]
    %p_encoder_encoder_layers_2_attention_out_proj_bias : [num_users=1] = placeholder[target=p_encoder_encoder_layers_2_attention_out_proj_bias]
    %p_encoder_encoder_layers_2_attention_gru_rel_pos_linear_weight : [num_users=1] = placeholder[target=p_encoder_encoder_layers_2_attention_gru_rel_pos_linear_weight]
    %p_encoder_encoder_layers_2_attention_gru_rel_pos_linear_bias : [num_users=1] = placeholder[target=p_encoder_encoder_layers_2_attention_gru_rel_pos_linear_bias]
    %p_encoder_encoder_layers_2_layer_norm_weight : [num_users=1] = placeholder[target=p_encoder_encoder_layers_2_layer_norm_weight]
    %p_encoder_encoder_layers_2_layer_norm_bias : [num_users=1] = placeholder[target=p_encoder_encoder_layers_2_layer_norm_bias]
    %p_encoder_encoder_layers_2_feed_forward_intermediate_dense_weight : [num_users=1] = placeholder[target=p_encoder_encoder_layers_2_feed_forward_intermediate_dense_weight]
    %p_encoder_encoder_layers_2_feed_forward_intermediate_dense_bias : [num_users=1] = placeholder[target=p_encoder_encoder_layers_2_feed_forward_intermediate_dense_bias]
    %p_encoder_encoder_layers_2_feed_forward_output_dense_weight : [num_users=1] = placeholder[target=p_encoder_encoder_layers_2_feed_forward_output_dense_weight]
    %p_encoder_encoder_layers_2_feed_forward_output_dense_bias : [num_users=1] = placeholder[target=p_encoder_encoder_layers_2_feed_forward_output_dense_bias]
    %p_encoder_encoder_layers_2_final_layer_norm_weight : [num_users=1] = placeholder[target=p_encoder_encoder_layers_2_final_layer_norm_weight]
    %p_encoder_encoder_layers_2_final_layer_norm_bias : [num_users=1] = placeholder[target=p_encoder_encoder_layers_2_final_layer_norm_bias]
    %p_encoder_encoder_layers_3_attention_gru_rel_pos_const : [num_users=1] = placeholder[target=p_encoder_encoder_layers_3_attention_gru_rel_pos_const]
    %p_encoder_encoder_layers_3_attention_k_proj_weight : [num_users=1] = placeholder[target=p_encoder_encoder_layers_3_attention_k_proj_weight]
    %p_encoder_encoder_layers_3_attention_k_proj_bias : [num_users=1] = placeholder[target=p_encoder_encoder_layers_3_attention_k_proj_bias]
    %p_encoder_encoder_layers_3_attention_v_proj_weight : [num_users=1] = placeholder[target=p_encoder_encoder_layers_3_attention_v_proj_weight]
    %p_encoder_encoder_layers_3_attention_v_proj_bias : [num_users=1] = placeholder[target=p_encoder_encoder_layers_3_attention_v_proj_bias]
    %p_encoder_encoder_layers_3_attention_q_proj_weight : [num_users=1] = placeholder[target=p_encoder_encoder_layers_3_attention_q_proj_weight]
    %p_encoder_encoder_layers_3_attention_q_proj_bias : [num_users=1] = placeholder[target=p_encoder_encoder_layers_3_attention_q_proj_bias]
    %p_encoder_encoder_layers_3_attention_out_proj_weight : [num_users=1] = placeholder[target=p_encoder_encoder_layers_3_attention_out_proj_weight]
    %p_encoder_encoder_layers_3_attention_out_proj_bias : [num_users=1] = placeholder[target=p_encoder_encoder_layers_3_attention_out_proj_bias]
    %p_encoder_encoder_layers_3_attention_gru_rel_pos_linear_weight : [num_users=1] = placeholder[target=p_encoder_encoder_layers_3_attention_gru_rel_pos_linear_weight]
    %p_encoder_encoder_layers_3_attention_gru_rel_pos_linear_bias : [num_users=1] = placeholder[target=p_encoder_encoder_layers_3_attention_gru_rel_pos_linear_bias]
    %p_encoder_encoder_layers_3_layer_norm_weight : [num_users=1] = placeholder[target=p_encoder_encoder_layers_3_layer_norm_weight]
    %p_encoder_encoder_layers_3_layer_norm_bias : [num_users=1] = placeholder[target=p_encoder_encoder_layers_3_layer_norm_bias]
    %p_encoder_encoder_layers_3_feed_forward_intermediate_dense_weight : [num_users=1] = placeholder[target=p_encoder_encoder_layers_3_feed_forward_intermediate_dense_weight]
    %p_encoder_encoder_layers_3_feed_forward_intermediate_dense_bias : [num_users=1] = placeholder[target=p_encoder_encoder_layers_3_feed_forward_intermediate_dense_bias]
    %p_encoder_encoder_layers_3_feed_forward_output_dense_weight : [num_users=1] = placeholder[target=p_encoder_encoder_layers_3_feed_forward_output_dense_weight]
    %p_encoder_encoder_layers_3_feed_forward_output_dense_bias : [num_users=1] = placeholder[target=p_encoder_encoder_layers_3_feed_forward_output_dense_bias]
    %p_encoder_encoder_layers_3_final_layer_norm_weight : [num_users=1] = placeholder[target=p_encoder_encoder_layers_3_final_layer_norm_weight]
    %p_encoder_encoder_layers_3_final_layer_norm_bias : [num_users=1] = placeholder[target=p_encoder_encoder_layers_3_final_layer_norm_bias]
    %p_encoder_encoder_layers_4_attention_gru_rel_pos_const : [num_users=1] = placeholder[target=p_encoder_encoder_layers_4_attention_gru_rel_pos_const]
    %p_encoder_encoder_layers_4_attention_k_proj_weight : [num_users=1] = placeholder[target=p_encoder_encoder_layers_4_attention_k_proj_weight]
    %p_encoder_encoder_layers_4_attention_k_proj_bias : [num_users=1] = placeholder[target=p_encoder_encoder_layers_4_attention_k_proj_bias]
    %p_encoder_encoder_layers_4_attention_v_proj_weight : [num_users=1] = placeholder[target=p_encoder_encoder_layers_4_attention_v_proj_weight]
    %p_encoder_encoder_layers_4_attention_v_proj_bias : [num_users=1] = placeholder[target=p_encoder_encoder_layers_4_attention_v_proj_bias]
    %p_encoder_encoder_layers_4_attention_q_proj_weight : [num_users=1] = placeholder[target=p_encoder_encoder_layers_4_attention_q_proj_weight]
    %p_encoder_encoder_layers_4_attention_q_proj_bias : [num_users=1] = placeholder[target=p_encoder_encoder_layers_4_attention_q_proj_bias]
    %p_encoder_encoder_layers_4_attention_out_proj_weight : [num_users=1] = placeholder[target=p_encoder_encoder_layers_4_attention_out_proj_weight]
    %p_encoder_encoder_layers_4_attention_out_proj_bias : [num_users=1] = placeholder[target=p_encoder_encoder_layers_4_attention_out_proj_bias]
    %p_encoder_encoder_layers_4_attention_gru_rel_pos_linear_weight : [num_users=1] = placeholder[target=p_encoder_encoder_layers_4_attention_gru_rel_pos_linear_weight]
    %p_encoder_encoder_layers_4_attention_gru_rel_pos_linear_bias : [num_users=1] = placeholder[target=p_encoder_encoder_layers_4_attention_gru_rel_pos_linear_bias]
    %p_encoder_encoder_layers_4_layer_norm_weight : [num_users=1] = placeholder[target=p_encoder_encoder_layers_4_layer_norm_weight]
    %p_encoder_encoder_layers_4_layer_norm_bias : [num_users=1] = placeholder[target=p_encoder_encoder_layers_4_layer_norm_bias]
    %p_encoder_encoder_layers_4_feed_forward_intermediate_dense_weight : [num_users=1] = placeholder[target=p_encoder_encoder_layers_4_feed_forward_intermediate_dense_weight]
    %p_encoder_encoder_layers_4_feed_forward_intermediate_dense_bias : [num_users=1] = placeholder[target=p_encoder_encoder_layers_4_feed_forward_intermediate_dense_bias]
    %p_encoder_encoder_layers_4_feed_forward_output_dense_weight : [num_users=1] = placeholder[target=p_encoder_encoder_layers_4_feed_forward_output_dense_weight]
    %p_encoder_encoder_layers_4_feed_forward_output_dense_bias : [num_users=1] = placeholder[target=p_encoder_encoder_layers_4_feed_forward_output_dense_bias]
    %p_encoder_encoder_layers_4_final_layer_norm_weight : [num_users=1] = placeholder[target=p_encoder_encoder_layers_4_final_layer_norm_weight]
    %p_encoder_encoder_layers_4_final_layer_norm_bias : [num_users=1] = placeholder[target=p_encoder_encoder_layers_4_final_layer_norm_bias]
    %p_encoder_encoder_layers_5_attention_gru_rel_pos_const : [num_users=1] = placeholder[target=p_encoder_encoder_layers_5_attention_gru_rel_pos_const]
    %p_encoder_encoder_layers_5_attention_k_proj_weight : [num_users=1] = placeholder[target=p_encoder_encoder_layers_5_attention_k_proj_weight]
    %p_encoder_encoder_layers_5_attention_k_proj_bias : [num_users=1] = placeholder[target=p_encoder_encoder_layers_5_attention_k_proj_bias]
    %p_encoder_encoder_layers_5_attention_v_proj_weight : [num_users=1] = placeholder[target=p_encoder_encoder_layers_5_attention_v_proj_weight]
    %p_encoder_encoder_layers_5_attention_v_proj_bias : [num_users=1] = placeholder[target=p_encoder_encoder_layers_5_attention_v_proj_bias]
    %p_encoder_encoder_layers_5_attention_q_proj_weight : [num_users=1] = placeholder[target=p_encoder_encoder_layers_5_attention_q_proj_weight]
    %p_encoder_encoder_layers_5_attention_q_proj_bias : [num_users=1] = placeholder[target=p_encoder_encoder_layers_5_attention_q_proj_bias]
    %p_encoder_encoder_layers_5_attention_out_proj_weight : [num_users=1] = placeholder[target=p_encoder_encoder_layers_5_attention_out_proj_weight]
    %p_encoder_encoder_layers_5_attention_out_proj_bias : [num_users=1] = placeholder[target=p_encoder_encoder_layers_5_attention_out_proj_bias]
    %p_encoder_encoder_layers_5_attention_gru_rel_pos_linear_weight : [num_users=1] = placeholder[target=p_encoder_encoder_layers_5_attention_gru_rel_pos_linear_weight]
    %p_encoder_encoder_layers_5_attention_gru_rel_pos_linear_bias : [num_users=1] = placeholder[target=p_encoder_encoder_layers_5_attention_gru_rel_pos_linear_bias]
    %p_encoder_encoder_layers_5_layer_norm_weight : [num_users=1] = placeholder[target=p_encoder_encoder_layers_5_layer_norm_weight]
    %p_encoder_encoder_layers_5_layer_norm_bias : [num_users=1] = placeholder[target=p_encoder_encoder_layers_5_layer_norm_bias]
    %p_encoder_encoder_layers_5_feed_forward_intermediate_dense_weight : [num_users=1] = placeholder[target=p_encoder_encoder_layers_5_feed_forward_intermediate_dense_weight]
    %p_encoder_encoder_layers_5_feed_forward_intermediate_dense_bias : [num_users=1] = placeholder[target=p_encoder_encoder_layers_5_feed_forward_intermediate_dense_bias]
    %p_encoder_encoder_layers_5_feed_forward_output_dense_weight : [num_users=1] = placeholder[target=p_encoder_encoder_layers_5_feed_forward_output_dense_weight]
    %p_encoder_encoder_layers_5_feed_forward_output_dense_bias : [num_users=1] = placeholder[target=p_encoder_encoder_layers_5_feed_forward_output_dense_bias]
    %p_encoder_encoder_layers_5_final_layer_norm_weight : [num_users=1] = placeholder[target=p_encoder_encoder_layers_5_final_layer_norm_weight]
    %p_encoder_encoder_layers_5_final_layer_norm_bias : [num_users=1] = placeholder[target=p_encoder_encoder_layers_5_final_layer_norm_bias]
    %p_encoder_encoder_layers_6_attention_gru_rel_pos_const : [num_users=1] = placeholder[target=p_encoder_encoder_layers_6_attention_gru_rel_pos_const]
    %p_encoder_encoder_layers_6_attention_k_proj_weight : [num_users=1] = placeholder[target=p_encoder_encoder_layers_6_attention_k_proj_weight]
    %p_encoder_encoder_layers_6_attention_k_proj_bias : [num_users=1] = placeholder[target=p_encoder_encoder_layers_6_attention_k_proj_bias]
    %p_encoder_encoder_layers_6_attention_v_proj_weight : [num_users=1] = placeholder[target=p_encoder_encoder_layers_6_attention_v_proj_weight]
    %p_encoder_encoder_layers_6_attention_v_proj_bias : [num_users=1] = placeholder[target=p_encoder_encoder_layers_6_attention_v_proj_bias]
    %p_encoder_encoder_layers_6_attention_q_proj_weight : [num_users=1] = placeholder[target=p_encoder_encoder_layers_6_attention_q_proj_weight]
    %p_encoder_encoder_layers_6_attention_q_proj_bias : [num_users=1] = placeholder[target=p_encoder_encoder_layers_6_attention_q_proj_bias]
    %p_encoder_encoder_layers_6_attention_out_proj_weight : [num_users=1] = placeholder[target=p_encoder_encoder_layers_6_attention_out_proj_weight]
    %p_encoder_encoder_layers_6_attention_out_proj_bias : [num_users=1] = placeholder[target=p_encoder_encoder_layers_6_attention_out_proj_bias]
    %p_encoder_encoder_layers_6_attention_gru_rel_pos_linear_weight : [num_users=1] = placeholder[target=p_encoder_encoder_layers_6_attention_gru_rel_pos_linear_weight]
    %p_encoder_encoder_layers_6_attention_gru_rel_pos_linear_bias : [num_users=1] = placeholder[target=p_encoder_encoder_layers_6_attention_gru_rel_pos_linear_bias]
    %p_encoder_encoder_layers_6_layer_norm_weight : [num_users=1] = placeholder[target=p_encoder_encoder_layers_6_layer_norm_weight]
    %p_encoder_encoder_layers_6_layer_norm_bias : [num_users=1] = placeholder[target=p_encoder_encoder_layers_6_layer_norm_bias]
    %p_encoder_encoder_layers_6_feed_forward_intermediate_dense_weight : [num_users=1] = placeholder[target=p_encoder_encoder_layers_6_feed_forward_intermediate_dense_weight]
    %p_encoder_encoder_layers_6_feed_forward_intermediate_dense_bias : [num_users=1] = placeholder[target=p_encoder_encoder_layers_6_feed_forward_intermediate_dense_bias]
    %p_encoder_encoder_layers_6_feed_forward_output_dense_weight : [num_users=1] = placeholder[target=p_encoder_encoder_layers_6_feed_forward_output_dense_weight]
    %p_encoder_encoder_layers_6_feed_forward_output_dense_bias : [num_users=1] = placeholder[target=p_encoder_encoder_layers_6_feed_forward_output_dense_bias]
    %p_encoder_encoder_layers_6_final_layer_norm_weight : [num_users=1] = placeholder[target=p_encoder_encoder_layers_6_final_layer_norm_weight]
    %p_encoder_encoder_layers_6_final_layer_norm_bias : [num_users=1] = placeholder[target=p_encoder_encoder_layers_6_final_layer_norm_bias]
    %p_encoder_encoder_layers_7_attention_gru_rel_pos_const : [num_users=1] = placeholder[target=p_encoder_encoder_layers_7_attention_gru_rel_pos_const]
    %p_encoder_encoder_layers_7_attention_k_proj_weight : [num_users=1] = placeholder[target=p_encoder_encoder_layers_7_attention_k_proj_weight]
    %p_encoder_encoder_layers_7_attention_k_proj_bias : [num_users=1] = placeholder[target=p_encoder_encoder_layers_7_attention_k_proj_bias]
    %p_encoder_encoder_layers_7_attention_v_proj_weight : [num_users=1] = placeholder[target=p_encoder_encoder_layers_7_attention_v_proj_weight]
    %p_encoder_encoder_layers_7_attention_v_proj_bias : [num_users=1] = placeholder[target=p_encoder_encoder_layers_7_attention_v_proj_bias]
    %p_encoder_encoder_layers_7_attention_q_proj_weight : [num_users=1] = placeholder[target=p_encoder_encoder_layers_7_attention_q_proj_weight]
    %p_encoder_encoder_layers_7_attention_q_proj_bias : [num_users=1] = placeholder[target=p_encoder_encoder_layers_7_attention_q_proj_bias]
    %p_encoder_encoder_layers_7_attention_out_proj_weight : [num_users=1] = placeholder[target=p_encoder_encoder_layers_7_attention_out_proj_weight]
    %p_encoder_encoder_layers_7_attention_out_proj_bias : [num_users=1] = placeholder[target=p_encoder_encoder_layers_7_attention_out_proj_bias]
    %p_encoder_encoder_layers_7_attention_gru_rel_pos_linear_weight : [num_users=1] = placeholder[target=p_encoder_encoder_layers_7_attention_gru_rel_pos_linear_weight]
    %p_encoder_encoder_layers_7_attention_gru_rel_pos_linear_bias : [num_users=1] = placeholder[target=p_encoder_encoder_layers_7_attention_gru_rel_pos_linear_bias]
    %p_encoder_encoder_layers_7_layer_norm_weight : [num_users=1] = placeholder[target=p_encoder_encoder_layers_7_layer_norm_weight]
    %p_encoder_encoder_layers_7_layer_norm_bias : [num_users=1] = placeholder[target=p_encoder_encoder_layers_7_layer_norm_bias]
    %p_encoder_encoder_layers_7_feed_forward_intermediate_dense_weight : [num_users=1] = placeholder[target=p_encoder_encoder_layers_7_feed_forward_intermediate_dense_weight]
    %p_encoder_encoder_layers_7_feed_forward_intermediate_dense_bias : [num_users=1] = placeholder[target=p_encoder_encoder_layers_7_feed_forward_intermediate_dense_bias]
    %p_encoder_encoder_layers_7_feed_forward_output_dense_weight : [num_users=1] = placeholder[target=p_encoder_encoder_layers_7_feed_forward_output_dense_weight]
    %p_encoder_encoder_layers_7_feed_forward_output_dense_bias : [num_users=1] = placeholder[target=p_encoder_encoder_layers_7_feed_forward_output_dense_bias]
    %p_encoder_encoder_layers_7_final_layer_norm_weight : [num_users=1] = placeholder[target=p_encoder_encoder_layers_7_final_layer_norm_weight]
    %p_encoder_encoder_layers_7_final_layer_norm_bias : [num_users=1] = placeholder[target=p_encoder_encoder_layers_7_final_layer_norm_bias]
    %p_encoder_encoder_layers_8_attention_gru_rel_pos_const : [num_users=1] = placeholder[target=p_encoder_encoder_layers_8_attention_gru_rel_pos_const]
    %p_encoder_encoder_layers_8_attention_k_proj_weight : [num_users=1] = placeholder[target=p_encoder_encoder_layers_8_attention_k_proj_weight]
    %p_encoder_encoder_layers_8_attention_k_proj_bias : [num_users=1] = placeholder[target=p_encoder_encoder_layers_8_attention_k_proj_bias]
    %p_encoder_encoder_layers_8_attention_v_proj_weight : [num_users=1] = placeholder[target=p_encoder_encoder_layers_8_attention_v_proj_weight]
    %p_encoder_encoder_layers_8_attention_v_proj_bias : [num_users=1] = placeholder[target=p_encoder_encoder_layers_8_attention_v_proj_bias]
    %p_encoder_encoder_layers_8_attention_q_proj_weight : [num_users=1] = placeholder[target=p_encoder_encoder_layers_8_attention_q_proj_weight]
    %p_encoder_encoder_layers_8_attention_q_proj_bias : [num_users=1] = placeholder[target=p_encoder_encoder_layers_8_attention_q_proj_bias]
    %p_encoder_encoder_layers_8_attention_out_proj_weight : [num_users=1] = placeholder[target=p_encoder_encoder_layers_8_attention_out_proj_weight]
    %p_encoder_encoder_layers_8_attention_out_proj_bias : [num_users=1] = placeholder[target=p_encoder_encoder_layers_8_attention_out_proj_bias]
    %p_encoder_encoder_layers_8_attention_gru_rel_pos_linear_weight : [num_users=1] = placeholder[target=p_encoder_encoder_layers_8_attention_gru_rel_pos_linear_weight]
    %p_encoder_encoder_layers_8_attention_gru_rel_pos_linear_bias : [num_users=1] = placeholder[target=p_encoder_encoder_layers_8_attention_gru_rel_pos_linear_bias]
    %p_encoder_encoder_layers_8_layer_norm_weight : [num_users=1] = placeholder[target=p_encoder_encoder_layers_8_layer_norm_weight]
    %p_encoder_encoder_layers_8_layer_norm_bias : [num_users=1] = placeholder[target=p_encoder_encoder_layers_8_layer_norm_bias]
    %p_encoder_encoder_layers_8_feed_forward_intermediate_dense_weight : [num_users=1] = placeholder[target=p_encoder_encoder_layers_8_feed_forward_intermediate_dense_weight]
    %p_encoder_encoder_layers_8_feed_forward_intermediate_dense_bias : [num_users=1] = placeholder[target=p_encoder_encoder_layers_8_feed_forward_intermediate_dense_bias]
    %p_encoder_encoder_layers_8_feed_forward_output_dense_weight : [num_users=1] = placeholder[target=p_encoder_encoder_layers_8_feed_forward_output_dense_weight]
    %p_encoder_encoder_layers_8_feed_forward_output_dense_bias : [num_users=1] = placeholder[target=p_encoder_encoder_layers_8_feed_forward_output_dense_bias]
    %p_encoder_encoder_layers_8_final_layer_norm_weight : [num_users=1] = placeholder[target=p_encoder_encoder_layers_8_final_layer_norm_weight]
    %p_encoder_encoder_layers_8_final_layer_norm_bias : [num_users=1] = placeholder[target=p_encoder_encoder_layers_8_final_layer_norm_bias]
    %p_encoder_encoder_layers_9_attention_gru_rel_pos_const : [num_users=1] = placeholder[target=p_encoder_encoder_layers_9_attention_gru_rel_pos_const]
    %p_encoder_encoder_layers_9_attention_k_proj_weight : [num_users=1] = placeholder[target=p_encoder_encoder_layers_9_attention_k_proj_weight]
    %p_encoder_encoder_layers_9_attention_k_proj_bias : [num_users=1] = placeholder[target=p_encoder_encoder_layers_9_attention_k_proj_bias]
    %p_encoder_encoder_layers_9_attention_v_proj_weight : [num_users=1] = placeholder[target=p_encoder_encoder_layers_9_attention_v_proj_weight]
    %p_encoder_encoder_layers_9_attention_v_proj_bias : [num_users=1] = placeholder[target=p_encoder_encoder_layers_9_attention_v_proj_bias]
    %p_encoder_encoder_layers_9_attention_q_proj_weight : [num_users=1] = placeholder[target=p_encoder_encoder_layers_9_attention_q_proj_weight]
    %p_encoder_encoder_layers_9_attention_q_proj_bias : [num_users=1] = placeholder[target=p_encoder_encoder_layers_9_attention_q_proj_bias]
    %p_encoder_encoder_layers_9_attention_out_proj_weight : [num_users=1] = placeholder[target=p_encoder_encoder_layers_9_attention_out_proj_weight]
    %p_encoder_encoder_layers_9_attention_out_proj_bias : [num_users=1] = placeholder[target=p_encoder_encoder_layers_9_attention_out_proj_bias]
    %p_encoder_encoder_layers_9_attention_gru_rel_pos_linear_weight : [num_users=1] = placeholder[target=p_encoder_encoder_layers_9_attention_gru_rel_pos_linear_weight]
    %p_encoder_encoder_layers_9_attention_gru_rel_pos_linear_bias : [num_users=1] = placeholder[target=p_encoder_encoder_layers_9_attention_gru_rel_pos_linear_bias]
    %p_encoder_encoder_layers_9_layer_norm_weight : [num_users=1] = placeholder[target=p_encoder_encoder_layers_9_layer_norm_weight]
    %p_encoder_encoder_layers_9_layer_norm_bias : [num_users=1] = placeholder[target=p_encoder_encoder_layers_9_layer_norm_bias]
    %p_encoder_encoder_layers_9_feed_forward_intermediate_dense_weight : [num_users=1] = placeholder[target=p_encoder_encoder_layers_9_feed_forward_intermediate_dense_weight]
    %p_encoder_encoder_layers_9_feed_forward_intermediate_dense_bias : [num_users=1] = placeholder[target=p_encoder_encoder_layers_9_feed_forward_intermediate_dense_bias]
    %p_encoder_encoder_layers_9_feed_forward_output_dense_weight : [num_users=1] = placeholder[target=p_encoder_encoder_layers_9_feed_forward_output_dense_weight]
    %p_encoder_encoder_layers_9_feed_forward_output_dense_bias : [num_users=1] = placeholder[target=p_encoder_encoder_layers_9_feed_forward_output_dense_bias]
    %p_encoder_encoder_layers_9_final_layer_norm_weight : [num_users=1] = placeholder[target=p_encoder_encoder_layers_9_final_layer_norm_weight]
    %p_encoder_encoder_layers_9_final_layer_norm_bias : [num_users=1] = placeholder[target=p_encoder_encoder_layers_9_final_layer_norm_bias]
    %p_encoder_encoder_layers_10_attention_gru_rel_pos_const : [num_users=1] = placeholder[target=p_encoder_encoder_layers_10_attention_gru_rel_pos_const]
    %p_encoder_encoder_layers_10_attention_k_proj_weight : [num_users=1] = placeholder[target=p_encoder_encoder_layers_10_attention_k_proj_weight]
    %p_encoder_encoder_layers_10_attention_k_proj_bias : [num_users=1] = placeholder[target=p_encoder_encoder_layers_10_attention_k_proj_bias]
    %p_encoder_encoder_layers_10_attention_v_proj_weight : [num_users=1] = placeholder[target=p_encoder_encoder_layers_10_attention_v_proj_weight]
    %p_encoder_encoder_layers_10_attention_v_proj_bias : [num_users=1] = placeholder[target=p_encoder_encoder_layers_10_attention_v_proj_bias]
    %p_encoder_encoder_layers_10_attention_q_proj_weight : [num_users=1] = placeholder[target=p_encoder_encoder_layers_10_attention_q_proj_weight]
    %p_encoder_encoder_layers_10_attention_q_proj_bias : [num_users=1] = placeholder[target=p_encoder_encoder_layers_10_attention_q_proj_bias]
    %p_encoder_encoder_layers_10_attention_out_proj_weight : [num_users=1] = placeholder[target=p_encoder_encoder_layers_10_attention_out_proj_weight]
    %p_encoder_encoder_layers_10_attention_out_proj_bias : [num_users=1] = placeholder[target=p_encoder_encoder_layers_10_attention_out_proj_bias]
    %p_encoder_encoder_layers_10_attention_gru_rel_pos_linear_weight : [num_users=1] = placeholder[target=p_encoder_encoder_layers_10_attention_gru_rel_pos_linear_weight]
    %p_encoder_encoder_layers_10_attention_gru_rel_pos_linear_bias : [num_users=1] = placeholder[target=p_encoder_encoder_layers_10_attention_gru_rel_pos_linear_bias]
    %p_encoder_encoder_layers_10_layer_norm_weight : [num_users=1] = placeholder[target=p_encoder_encoder_layers_10_layer_norm_weight]
    %p_encoder_encoder_layers_10_layer_norm_bias : [num_users=1] = placeholder[target=p_encoder_encoder_layers_10_layer_norm_bias]
    %p_encoder_encoder_layers_10_feed_forward_intermediate_dense_weight : [num_users=1] = placeholder[target=p_encoder_encoder_layers_10_feed_forward_intermediate_dense_weight]
    %p_encoder_encoder_layers_10_feed_forward_intermediate_dense_bias : [num_users=1] = placeholder[target=p_encoder_encoder_layers_10_feed_forward_intermediate_dense_bias]
    %p_encoder_encoder_layers_10_feed_forward_output_dense_weight : [num_users=1] = placeholder[target=p_encoder_encoder_layers_10_feed_forward_output_dense_weight]
    %p_encoder_encoder_layers_10_feed_forward_output_dense_bias : [num_users=1] = placeholder[target=p_encoder_encoder_layers_10_feed_forward_output_dense_bias]
    %p_encoder_encoder_layers_10_final_layer_norm_weight : [num_users=1] = placeholder[target=p_encoder_encoder_layers_10_final_layer_norm_weight]
    %p_encoder_encoder_layers_10_final_layer_norm_bias : [num_users=1] = placeholder[target=p_encoder_encoder_layers_10_final_layer_norm_bias]
    %p_encoder_encoder_layers_11_attention_gru_rel_pos_const : [num_users=1] = placeholder[target=p_encoder_encoder_layers_11_attention_gru_rel_pos_const]
    %p_encoder_encoder_layers_11_attention_k_proj_weight : [num_users=1] = placeholder[target=p_encoder_encoder_layers_11_attention_k_proj_weight]
    %p_encoder_encoder_layers_11_attention_k_proj_bias : [num_users=1] = placeholder[target=p_encoder_encoder_layers_11_attention_k_proj_bias]
    %p_encoder_encoder_layers_11_attention_v_proj_weight : [num_users=1] = placeholder[target=p_encoder_encoder_layers_11_attention_v_proj_weight]
    %p_encoder_encoder_layers_11_attention_v_proj_bias : [num_users=1] = placeholder[target=p_encoder_encoder_layers_11_attention_v_proj_bias]
    %p_encoder_encoder_layers_11_attention_q_proj_weight : [num_users=1] = placeholder[target=p_encoder_encoder_layers_11_attention_q_proj_weight]
    %p_encoder_encoder_layers_11_attention_q_proj_bias : [num_users=1] = placeholder[target=p_encoder_encoder_layers_11_attention_q_proj_bias]
    %p_encoder_encoder_layers_11_attention_out_proj_weight : [num_users=1] = placeholder[target=p_encoder_encoder_layers_11_attention_out_proj_weight]
    %p_encoder_encoder_layers_11_attention_out_proj_bias : [num_users=1] = placeholder[target=p_encoder_encoder_layers_11_attention_out_proj_bias]
    %p_encoder_encoder_layers_11_attention_gru_rel_pos_linear_weight : [num_users=1] = placeholder[target=p_encoder_encoder_layers_11_attention_gru_rel_pos_linear_weight]
    %p_encoder_encoder_layers_11_attention_gru_rel_pos_linear_bias : [num_users=1] = placeholder[target=p_encoder_encoder_layers_11_attention_gru_rel_pos_linear_bias]
    %p_encoder_encoder_layers_11_layer_norm_weight : [num_users=1] = placeholder[target=p_encoder_encoder_layers_11_layer_norm_weight]
    %p_encoder_encoder_layers_11_layer_norm_bias : [num_users=1] = placeholder[target=p_encoder_encoder_layers_11_layer_norm_bias]
    %p_encoder_encoder_layers_11_feed_forward_intermediate_dense_weight : [num_users=1] = placeholder[target=p_encoder_encoder_layers_11_feed_forward_intermediate_dense_weight]
    %p_encoder_encoder_layers_11_feed_forward_intermediate_dense_bias : [num_users=1] = placeholder[target=p_encoder_encoder_layers_11_feed_forward_intermediate_dense_bias]
    %p_encoder_encoder_layers_11_feed_forward_output_dense_weight : [num_users=1] = placeholder[target=p_encoder_encoder_layers_11_feed_forward_output_dense_weight]
    %p_encoder_encoder_layers_11_feed_forward_output_dense_bias : [num_users=1] = placeholder[target=p_encoder_encoder_layers_11_feed_forward_output_dense_bias]
    %p_encoder_encoder_layers_11_final_layer_norm_weight : [num_users=1] = placeholder[target=p_encoder_encoder_layers_11_final_layer_norm_weight]
    %p_encoder_encoder_layers_11_final_layer_norm_bias : [num_users=1] = placeholder[target=p_encoder_encoder_layers_11_final_layer_norm_bias]
    %p_encoder_encoder_layers_12_attention_gru_rel_pos_const : [num_users=1] = placeholder[target=p_encoder_encoder_layers_12_attention_gru_rel_pos_const]
    %p_encoder_encoder_layers_12_attention_k_proj_weight : [num_users=1] = placeholder[target=p_encoder_encoder_layers_12_attention_k_proj_weight]
    %p_encoder_encoder_layers_12_attention_k_proj_bias : [num_users=1] = placeholder[target=p_encoder_encoder_layers_12_attention_k_proj_bias]
    %p_encoder_encoder_layers_12_attention_v_proj_weight : [num_users=1] = placeholder[target=p_encoder_encoder_layers_12_attention_v_proj_weight]
    %p_encoder_encoder_layers_12_attention_v_proj_bias : [num_users=1] = placeholder[target=p_encoder_encoder_layers_12_attention_v_proj_bias]
    %p_encoder_encoder_layers_12_attention_q_proj_weight : [num_users=1] = placeholder[target=p_encoder_encoder_layers_12_attention_q_proj_weight]
    %p_encoder_encoder_layers_12_attention_q_proj_bias : [num_users=1] = placeholder[target=p_encoder_encoder_layers_12_attention_q_proj_bias]
    %p_encoder_encoder_layers_12_attention_out_proj_weight : [num_users=1] = placeholder[target=p_encoder_encoder_layers_12_attention_out_proj_weight]
    %p_encoder_encoder_layers_12_attention_out_proj_bias : [num_users=1] = placeholder[target=p_encoder_encoder_layers_12_attention_out_proj_bias]
    %p_encoder_encoder_layers_12_attention_gru_rel_pos_linear_weight : [num_users=1] = placeholder[target=p_encoder_encoder_layers_12_attention_gru_rel_pos_linear_weight]
    %p_encoder_encoder_layers_12_attention_gru_rel_pos_linear_bias : [num_users=1] = placeholder[target=p_encoder_encoder_layers_12_attention_gru_rel_pos_linear_bias]
    %p_encoder_encoder_layers_12_layer_norm_weight : [num_users=1] = placeholder[target=p_encoder_encoder_layers_12_layer_norm_weight]
    %p_encoder_encoder_layers_12_layer_norm_bias : [num_users=1] = placeholder[target=p_encoder_encoder_layers_12_layer_norm_bias]
    %p_encoder_encoder_layers_12_feed_forward_intermediate_dense_weight : [num_users=1] = placeholder[target=p_encoder_encoder_layers_12_feed_forward_intermediate_dense_weight]
    %p_encoder_encoder_layers_12_feed_forward_intermediate_dense_bias : [num_users=1] = placeholder[target=p_encoder_encoder_layers_12_feed_forward_intermediate_dense_bias]
    %p_encoder_encoder_layers_12_feed_forward_output_dense_weight : [num_users=1] = placeholder[target=p_encoder_encoder_layers_12_feed_forward_output_dense_weight]
    %p_encoder_encoder_layers_12_feed_forward_output_dense_bias : [num_users=1] = placeholder[target=p_encoder_encoder_layers_12_feed_forward_output_dense_bias]
    %p_encoder_encoder_layers_12_final_layer_norm_weight : [num_users=1] = placeholder[target=p_encoder_encoder_layers_12_final_layer_norm_weight]
    %p_encoder_encoder_layers_12_final_layer_norm_bias : [num_users=1] = placeholder[target=p_encoder_encoder_layers_12_final_layer_norm_bias]
    %p_encoder_encoder_layers_13_attention_gru_rel_pos_const : [num_users=1] = placeholder[target=p_encoder_encoder_layers_13_attention_gru_rel_pos_const]
    %p_encoder_encoder_layers_13_attention_k_proj_weight : [num_users=1] = placeholder[target=p_encoder_encoder_layers_13_attention_k_proj_weight]
    %p_encoder_encoder_layers_13_attention_k_proj_bias : [num_users=1] = placeholder[target=p_encoder_encoder_layers_13_attention_k_proj_bias]
    %p_encoder_encoder_layers_13_attention_v_proj_weight : [num_users=1] = placeholder[target=p_encoder_encoder_layers_13_attention_v_proj_weight]
    %p_encoder_encoder_layers_13_attention_v_proj_bias : [num_users=1] = placeholder[target=p_encoder_encoder_layers_13_attention_v_proj_bias]
    %p_encoder_encoder_layers_13_attention_q_proj_weight : [num_users=1] = placeholder[target=p_encoder_encoder_layers_13_attention_q_proj_weight]
    %p_encoder_encoder_layers_13_attention_q_proj_bias : [num_users=1] = placeholder[target=p_encoder_encoder_layers_13_attention_q_proj_bias]
    %p_encoder_encoder_layers_13_attention_out_proj_weight : [num_users=1] = placeholder[target=p_encoder_encoder_layers_13_attention_out_proj_weight]
    %p_encoder_encoder_layers_13_attention_out_proj_bias : [num_users=1] = placeholder[target=p_encoder_encoder_layers_13_attention_out_proj_bias]
    %p_encoder_encoder_layers_13_attention_gru_rel_pos_linear_weight : [num_users=1] = placeholder[target=p_encoder_encoder_layers_13_attention_gru_rel_pos_linear_weight]
    %p_encoder_encoder_layers_13_attention_gru_rel_pos_linear_bias : [num_users=1] = placeholder[target=p_encoder_encoder_layers_13_attention_gru_rel_pos_linear_bias]
    %p_encoder_encoder_layers_13_layer_norm_weight : [num_users=1] = placeholder[target=p_encoder_encoder_layers_13_layer_norm_weight]
    %p_encoder_encoder_layers_13_layer_norm_bias : [num_users=1] = placeholder[target=p_encoder_encoder_layers_13_layer_norm_bias]
    %p_encoder_encoder_layers_13_feed_forward_intermediate_dense_weight : [num_users=1] = placeholder[target=p_encoder_encoder_layers_13_feed_forward_intermediate_dense_weight]
    %p_encoder_encoder_layers_13_feed_forward_intermediate_dense_bias : [num_users=1] = placeholder[target=p_encoder_encoder_layers_13_feed_forward_intermediate_dense_bias]
    %p_encoder_encoder_layers_13_feed_forward_output_dense_weight : [num_users=1] = placeholder[target=p_encoder_encoder_layers_13_feed_forward_output_dense_weight]
    %p_encoder_encoder_layers_13_feed_forward_output_dense_bias : [num_users=1] = placeholder[target=p_encoder_encoder_layers_13_feed_forward_output_dense_bias]
    %p_encoder_encoder_layers_13_final_layer_norm_weight : [num_users=1] = placeholder[target=p_encoder_encoder_layers_13_final_layer_norm_weight]
    %p_encoder_encoder_layers_13_final_layer_norm_bias : [num_users=1] = placeholder[target=p_encoder_encoder_layers_13_final_layer_norm_bias]
    %p_encoder_encoder_layers_14_attention_gru_rel_pos_const : [num_users=1] = placeholder[target=p_encoder_encoder_layers_14_attention_gru_rel_pos_const]
    %p_encoder_encoder_layers_14_attention_k_proj_weight : [num_users=1] = placeholder[target=p_encoder_encoder_layers_14_attention_k_proj_weight]
    %p_encoder_encoder_layers_14_attention_k_proj_bias : [num_users=1] = placeholder[target=p_encoder_encoder_layers_14_attention_k_proj_bias]
    %p_encoder_encoder_layers_14_attention_v_proj_weight : [num_users=1] = placeholder[target=p_encoder_encoder_layers_14_attention_v_proj_weight]
    %p_encoder_encoder_layers_14_attention_v_proj_bias : [num_users=1] = placeholder[target=p_encoder_encoder_layers_14_attention_v_proj_bias]
    %p_encoder_encoder_layers_14_attention_q_proj_weight : [num_users=1] = placeholder[target=p_encoder_encoder_layers_14_attention_q_proj_weight]
    %p_encoder_encoder_layers_14_attention_q_proj_bias : [num_users=1] = placeholder[target=p_encoder_encoder_layers_14_attention_q_proj_bias]
    %p_encoder_encoder_layers_14_attention_out_proj_weight : [num_users=1] = placeholder[target=p_encoder_encoder_layers_14_attention_out_proj_weight]
    %p_encoder_encoder_layers_14_attention_out_proj_bias : [num_users=1] = placeholder[target=p_encoder_encoder_layers_14_attention_out_proj_bias]
    %p_encoder_encoder_layers_14_attention_gru_rel_pos_linear_weight : [num_users=1] = placeholder[target=p_encoder_encoder_layers_14_attention_gru_rel_pos_linear_weight]
    %p_encoder_encoder_layers_14_attention_gru_rel_pos_linear_bias : [num_users=1] = placeholder[target=p_encoder_encoder_layers_14_attention_gru_rel_pos_linear_bias]
    %p_encoder_encoder_layers_14_layer_norm_weight : [num_users=1] = placeholder[target=p_encoder_encoder_layers_14_layer_norm_weight]
    %p_encoder_encoder_layers_14_layer_norm_bias : [num_users=1] = placeholder[target=p_encoder_encoder_layers_14_layer_norm_bias]
    %p_encoder_encoder_layers_14_feed_forward_intermediate_dense_weight : [num_users=1] = placeholder[target=p_encoder_encoder_layers_14_feed_forward_intermediate_dense_weight]
    %p_encoder_encoder_layers_14_feed_forward_intermediate_dense_bias : [num_users=1] = placeholder[target=p_encoder_encoder_layers_14_feed_forward_intermediate_dense_bias]
    %p_encoder_encoder_layers_14_feed_forward_output_dense_weight : [num_users=1] = placeholder[target=p_encoder_encoder_layers_14_feed_forward_output_dense_weight]
    %p_encoder_encoder_layers_14_feed_forward_output_dense_bias : [num_users=1] = placeholder[target=p_encoder_encoder_layers_14_feed_forward_output_dense_bias]
    %p_encoder_encoder_layers_14_final_layer_norm_weight : [num_users=1] = placeholder[target=p_encoder_encoder_layers_14_final_layer_norm_weight]
    %p_encoder_encoder_layers_14_final_layer_norm_bias : [num_users=1] = placeholder[target=p_encoder_encoder_layers_14_final_layer_norm_bias]
    %p_encoder_encoder_layers_15_attention_gru_rel_pos_const : [num_users=1] = placeholder[target=p_encoder_encoder_layers_15_attention_gru_rel_pos_const]
    %p_encoder_encoder_layers_15_attention_k_proj_weight : [num_users=1] = placeholder[target=p_encoder_encoder_layers_15_attention_k_proj_weight]
    %p_encoder_encoder_layers_15_attention_k_proj_bias : [num_users=1] = placeholder[target=p_encoder_encoder_layers_15_attention_k_proj_bias]
    %p_encoder_encoder_layers_15_attention_v_proj_weight : [num_users=1] = placeholder[target=p_encoder_encoder_layers_15_attention_v_proj_weight]
    %p_encoder_encoder_layers_15_attention_v_proj_bias : [num_users=1] = placeholder[target=p_encoder_encoder_layers_15_attention_v_proj_bias]
    %p_encoder_encoder_layers_15_attention_q_proj_weight : [num_users=1] = placeholder[target=p_encoder_encoder_layers_15_attention_q_proj_weight]
    %p_encoder_encoder_layers_15_attention_q_proj_bias : [num_users=1] = placeholder[target=p_encoder_encoder_layers_15_attention_q_proj_bias]
    %p_encoder_encoder_layers_15_attention_out_proj_weight : [num_users=1] = placeholder[target=p_encoder_encoder_layers_15_attention_out_proj_weight]
    %p_encoder_encoder_layers_15_attention_out_proj_bias : [num_users=1] = placeholder[target=p_encoder_encoder_layers_15_attention_out_proj_bias]
    %p_encoder_encoder_layers_15_attention_gru_rel_pos_linear_weight : [num_users=1] = placeholder[target=p_encoder_encoder_layers_15_attention_gru_rel_pos_linear_weight]
    %p_encoder_encoder_layers_15_attention_gru_rel_pos_linear_bias : [num_users=1] = placeholder[target=p_encoder_encoder_layers_15_attention_gru_rel_pos_linear_bias]
    %p_encoder_encoder_layers_15_layer_norm_weight : [num_users=1] = placeholder[target=p_encoder_encoder_layers_15_layer_norm_weight]
    %p_encoder_encoder_layers_15_layer_norm_bias : [num_users=1] = placeholder[target=p_encoder_encoder_layers_15_layer_norm_bias]
    %p_encoder_encoder_layers_15_feed_forward_intermediate_dense_weight : [num_users=1] = placeholder[target=p_encoder_encoder_layers_15_feed_forward_intermediate_dense_weight]
    %p_encoder_encoder_layers_15_feed_forward_intermediate_dense_bias : [num_users=1] = placeholder[target=p_encoder_encoder_layers_15_feed_forward_intermediate_dense_bias]
    %p_encoder_encoder_layers_15_feed_forward_output_dense_weight : [num_users=1] = placeholder[target=p_encoder_encoder_layers_15_feed_forward_output_dense_weight]
    %p_encoder_encoder_layers_15_feed_forward_output_dense_bias : [num_users=1] = placeholder[target=p_encoder_encoder_layers_15_feed_forward_output_dense_bias]
    %p_encoder_encoder_layers_15_final_layer_norm_weight : [num_users=1] = placeholder[target=p_encoder_encoder_layers_15_final_layer_norm_weight]
    %p_encoder_encoder_layers_15_final_layer_norm_bias : [num_users=1] = placeholder[target=p_encoder_encoder_layers_15_final_layer_norm_bias]
    %p_encoder_encoder_layers_16_attention_gru_rel_pos_const : [num_users=1] = placeholder[target=p_encoder_encoder_layers_16_attention_gru_rel_pos_const]
    %p_encoder_encoder_layers_16_attention_k_proj_weight : [num_users=1] = placeholder[target=p_encoder_encoder_layers_16_attention_k_proj_weight]
    %p_encoder_encoder_layers_16_attention_k_proj_bias : [num_users=1] = placeholder[target=p_encoder_encoder_layers_16_attention_k_proj_bias]
    %p_encoder_encoder_layers_16_attention_v_proj_weight : [num_users=1] = placeholder[target=p_encoder_encoder_layers_16_attention_v_proj_weight]
    %p_encoder_encoder_layers_16_attention_v_proj_bias : [num_users=1] = placeholder[target=p_encoder_encoder_layers_16_attention_v_proj_bias]
    %p_encoder_encoder_layers_16_attention_q_proj_weight : [num_users=1] = placeholder[target=p_encoder_encoder_layers_16_attention_q_proj_weight]
    %p_encoder_encoder_layers_16_attention_q_proj_bias : [num_users=1] = placeholder[target=p_encoder_encoder_layers_16_attention_q_proj_bias]
    %p_encoder_encoder_layers_16_attention_out_proj_weight : [num_users=1] = placeholder[target=p_encoder_encoder_layers_16_attention_out_proj_weight]
    %p_encoder_encoder_layers_16_attention_out_proj_bias : [num_users=1] = placeholder[target=p_encoder_encoder_layers_16_attention_out_proj_bias]
    %p_encoder_encoder_layers_16_attention_gru_rel_pos_linear_weight : [num_users=1] = placeholder[target=p_encoder_encoder_layers_16_attention_gru_rel_pos_linear_weight]
    %p_encoder_encoder_layers_16_attention_gru_rel_pos_linear_bias : [num_users=1] = placeholder[target=p_encoder_encoder_layers_16_attention_gru_rel_pos_linear_bias]
    %p_encoder_encoder_layers_16_layer_norm_weight : [num_users=1] = placeholder[target=p_encoder_encoder_layers_16_layer_norm_weight]
    %p_encoder_encoder_layers_16_layer_norm_bias : [num_users=1] = placeholder[target=p_encoder_encoder_layers_16_layer_norm_bias]
    %p_encoder_encoder_layers_16_feed_forward_intermediate_dense_weight : [num_users=1] = placeholder[target=p_encoder_encoder_layers_16_feed_forward_intermediate_dense_weight]
    %p_encoder_encoder_layers_16_feed_forward_intermediate_dense_bias : [num_users=1] = placeholder[target=p_encoder_encoder_layers_16_feed_forward_intermediate_dense_bias]
    %p_encoder_encoder_layers_16_feed_forward_output_dense_weight : [num_users=1] = placeholder[target=p_encoder_encoder_layers_16_feed_forward_output_dense_weight]
    %p_encoder_encoder_layers_16_feed_forward_output_dense_bias : [num_users=1] = placeholder[target=p_encoder_encoder_layers_16_feed_forward_output_dense_bias]
    %p_encoder_encoder_layers_16_final_layer_norm_weight : [num_users=1] = placeholder[target=p_encoder_encoder_layers_16_final_layer_norm_weight]
    %p_encoder_encoder_layers_16_final_layer_norm_bias : [num_users=1] = placeholder[target=p_encoder_encoder_layers_16_final_layer_norm_bias]
    %p_encoder_encoder_layers_17_attention_gru_rel_pos_const : [num_users=1] = placeholder[target=p_encoder_encoder_layers_17_attention_gru_rel_pos_const]
    %p_encoder_encoder_layers_17_attention_k_proj_weight : [num_users=1] = placeholder[target=p_encoder_encoder_layers_17_attention_k_proj_weight]
    %p_encoder_encoder_layers_17_attention_k_proj_bias : [num_users=1] = placeholder[target=p_encoder_encoder_layers_17_attention_k_proj_bias]
    %p_encoder_encoder_layers_17_attention_v_proj_weight : [num_users=1] = placeholder[target=p_encoder_encoder_layers_17_attention_v_proj_weight]
    %p_encoder_encoder_layers_17_attention_v_proj_bias : [num_users=1] = placeholder[target=p_encoder_encoder_layers_17_attention_v_proj_bias]
    %p_encoder_encoder_layers_17_attention_q_proj_weight : [num_users=1] = placeholder[target=p_encoder_encoder_layers_17_attention_q_proj_weight]
    %p_encoder_encoder_layers_17_attention_q_proj_bias : [num_users=1] = placeholder[target=p_encoder_encoder_layers_17_attention_q_proj_bias]
    %p_encoder_encoder_layers_17_attention_out_proj_weight : [num_users=1] = placeholder[target=p_encoder_encoder_layers_17_attention_out_proj_weight]
    %p_encoder_encoder_layers_17_attention_out_proj_bias : [num_users=1] = placeholder[target=p_encoder_encoder_layers_17_attention_out_proj_bias]
    %p_encoder_encoder_layers_17_attention_gru_rel_pos_linear_weight : [num_users=1] = placeholder[target=p_encoder_encoder_layers_17_attention_gru_rel_pos_linear_weight]
    %p_encoder_encoder_layers_17_attention_gru_rel_pos_linear_bias : [num_users=1] = placeholder[target=p_encoder_encoder_layers_17_attention_gru_rel_pos_linear_bias]
    %p_encoder_encoder_layers_17_layer_norm_weight : [num_users=1] = placeholder[target=p_encoder_encoder_layers_17_layer_norm_weight]
    %p_encoder_encoder_layers_17_layer_norm_bias : [num_users=1] = placeholder[target=p_encoder_encoder_layers_17_layer_norm_bias]
    %p_encoder_encoder_layers_17_feed_forward_intermediate_dense_weight : [num_users=1] = placeholder[target=p_encoder_encoder_layers_17_feed_forward_intermediate_dense_weight]
    %p_encoder_encoder_layers_17_feed_forward_intermediate_dense_bias : [num_users=1] = placeholder[target=p_encoder_encoder_layers_17_feed_forward_intermediate_dense_bias]
    %p_encoder_encoder_layers_17_feed_forward_output_dense_weight : [num_users=1] = placeholder[target=p_encoder_encoder_layers_17_feed_forward_output_dense_weight]
    %p_encoder_encoder_layers_17_feed_forward_output_dense_bias : [num_users=1] = placeholder[target=p_encoder_encoder_layers_17_feed_forward_output_dense_bias]
    %p_encoder_encoder_layers_17_final_layer_norm_weight : [num_users=1] = placeholder[target=p_encoder_encoder_layers_17_final_layer_norm_weight]
    %p_encoder_encoder_layers_17_final_layer_norm_bias : [num_users=1] = placeholder[target=p_encoder_encoder_layers_17_final_layer_norm_bias]
    %p_encoder_encoder_layers_18_attention_gru_rel_pos_const : [num_users=1] = placeholder[target=p_encoder_encoder_layers_18_attention_gru_rel_pos_const]
    %p_encoder_encoder_layers_18_attention_k_proj_weight : [num_users=1] = placeholder[target=p_encoder_encoder_layers_18_attention_k_proj_weight]
    %p_encoder_encoder_layers_18_attention_k_proj_bias : [num_users=1] = placeholder[target=p_encoder_encoder_layers_18_attention_k_proj_bias]
    %p_encoder_encoder_layers_18_attention_v_proj_weight : [num_users=1] = placeholder[target=p_encoder_encoder_layers_18_attention_v_proj_weight]
    %p_encoder_encoder_layers_18_attention_v_proj_bias : [num_users=1] = placeholder[target=p_encoder_encoder_layers_18_attention_v_proj_bias]
    %p_encoder_encoder_layers_18_attention_q_proj_weight : [num_users=1] = placeholder[target=p_encoder_encoder_layers_18_attention_q_proj_weight]
    %p_encoder_encoder_layers_18_attention_q_proj_bias : [num_users=1] = placeholder[target=p_encoder_encoder_layers_18_attention_q_proj_bias]
    %p_encoder_encoder_layers_18_attention_out_proj_weight : [num_users=1] = placeholder[target=p_encoder_encoder_layers_18_attention_out_proj_weight]
    %p_encoder_encoder_layers_18_attention_out_proj_bias : [num_users=1] = placeholder[target=p_encoder_encoder_layers_18_attention_out_proj_bias]
    %p_encoder_encoder_layers_18_attention_gru_rel_pos_linear_weight : [num_users=1] = placeholder[target=p_encoder_encoder_layers_18_attention_gru_rel_pos_linear_weight]
    %p_encoder_encoder_layers_18_attention_gru_rel_pos_linear_bias : [num_users=1] = placeholder[target=p_encoder_encoder_layers_18_attention_gru_rel_pos_linear_bias]
    %p_encoder_encoder_layers_18_layer_norm_weight : [num_users=1] = placeholder[target=p_encoder_encoder_layers_18_layer_norm_weight]
    %p_encoder_encoder_layers_18_layer_norm_bias : [num_users=1] = placeholder[target=p_encoder_encoder_layers_18_layer_norm_bias]
    %p_encoder_encoder_layers_18_feed_forward_intermediate_dense_weight : [num_users=1] = placeholder[target=p_encoder_encoder_layers_18_feed_forward_intermediate_dense_weight]
    %p_encoder_encoder_layers_18_feed_forward_intermediate_dense_bias : [num_users=1] = placeholder[target=p_encoder_encoder_layers_18_feed_forward_intermediate_dense_bias]
    %p_encoder_encoder_layers_18_feed_forward_output_dense_weight : [num_users=1] = placeholder[target=p_encoder_encoder_layers_18_feed_forward_output_dense_weight]
    %p_encoder_encoder_layers_18_feed_forward_output_dense_bias : [num_users=1] = placeholder[target=p_encoder_encoder_layers_18_feed_forward_output_dense_bias]
    %p_encoder_encoder_layers_18_final_layer_norm_weight : [num_users=1] = placeholder[target=p_encoder_encoder_layers_18_final_layer_norm_weight]
    %p_encoder_encoder_layers_18_final_layer_norm_bias : [num_users=1] = placeholder[target=p_encoder_encoder_layers_18_final_layer_norm_bias]
    %p_encoder_encoder_layers_19_attention_gru_rel_pos_const : [num_users=1] = placeholder[target=p_encoder_encoder_layers_19_attention_gru_rel_pos_const]
    %p_encoder_encoder_layers_19_attention_k_proj_weight : [num_users=1] = placeholder[target=p_encoder_encoder_layers_19_attention_k_proj_weight]
    %p_encoder_encoder_layers_19_attention_k_proj_bias : [num_users=1] = placeholder[target=p_encoder_encoder_layers_19_attention_k_proj_bias]
    %p_encoder_encoder_layers_19_attention_v_proj_weight : [num_users=1] = placeholder[target=p_encoder_encoder_layers_19_attention_v_proj_weight]
    %p_encoder_encoder_layers_19_attention_v_proj_bias : [num_users=1] = placeholder[target=p_encoder_encoder_layers_19_attention_v_proj_bias]
    %p_encoder_encoder_layers_19_attention_q_proj_weight : [num_users=1] = placeholder[target=p_encoder_encoder_layers_19_attention_q_proj_weight]
    %p_encoder_encoder_layers_19_attention_q_proj_bias : [num_users=1] = placeholder[target=p_encoder_encoder_layers_19_attention_q_proj_bias]
    %p_encoder_encoder_layers_19_attention_out_proj_weight : [num_users=1] = placeholder[target=p_encoder_encoder_layers_19_attention_out_proj_weight]
    %p_encoder_encoder_layers_19_attention_out_proj_bias : [num_users=1] = placeholder[target=p_encoder_encoder_layers_19_attention_out_proj_bias]
    %p_encoder_encoder_layers_19_attention_gru_rel_pos_linear_weight : [num_users=1] = placeholder[target=p_encoder_encoder_layers_19_attention_gru_rel_pos_linear_weight]
    %p_encoder_encoder_layers_19_attention_gru_rel_pos_linear_bias : [num_users=1] = placeholder[target=p_encoder_encoder_layers_19_attention_gru_rel_pos_linear_bias]
    %p_encoder_encoder_layers_19_layer_norm_weight : [num_users=1] = placeholder[target=p_encoder_encoder_layers_19_layer_norm_weight]
    %p_encoder_encoder_layers_19_layer_norm_bias : [num_users=1] = placeholder[target=p_encoder_encoder_layers_19_layer_norm_bias]
    %p_encoder_encoder_layers_19_feed_forward_intermediate_dense_weight : [num_users=1] = placeholder[target=p_encoder_encoder_layers_19_feed_forward_intermediate_dense_weight]
    %p_encoder_encoder_layers_19_feed_forward_intermediate_dense_bias : [num_users=1] = placeholder[target=p_encoder_encoder_layers_19_feed_forward_intermediate_dense_bias]
    %p_encoder_encoder_layers_19_feed_forward_output_dense_weight : [num_users=1] = placeholder[target=p_encoder_encoder_layers_19_feed_forward_output_dense_weight]
    %p_encoder_encoder_layers_19_feed_forward_output_dense_bias : [num_users=1] = placeholder[target=p_encoder_encoder_layers_19_feed_forward_output_dense_bias]
    %p_encoder_encoder_layers_19_final_layer_norm_weight : [num_users=1] = placeholder[target=p_encoder_encoder_layers_19_final_layer_norm_weight]
    %p_encoder_encoder_layers_19_final_layer_norm_bias : [num_users=1] = placeholder[target=p_encoder_encoder_layers_19_final_layer_norm_bias]
    %p_encoder_encoder_layers_20_attention_gru_rel_pos_const : [num_users=1] = placeholder[target=p_encoder_encoder_layers_20_attention_gru_rel_pos_const]
    %p_encoder_encoder_layers_20_attention_k_proj_weight : [num_users=1] = placeholder[target=p_encoder_encoder_layers_20_attention_k_proj_weight]
    %p_encoder_encoder_layers_20_attention_k_proj_bias : [num_users=1] = placeholder[target=p_encoder_encoder_layers_20_attention_k_proj_bias]
    %p_encoder_encoder_layers_20_attention_v_proj_weight : [num_users=1] = placeholder[target=p_encoder_encoder_layers_20_attention_v_proj_weight]
    %p_encoder_encoder_layers_20_attention_v_proj_bias : [num_users=1] = placeholder[target=p_encoder_encoder_layers_20_attention_v_proj_bias]
    %p_encoder_encoder_layers_20_attention_q_proj_weight : [num_users=1] = placeholder[target=p_encoder_encoder_layers_20_attention_q_proj_weight]
    %p_encoder_encoder_layers_20_attention_q_proj_bias : [num_users=1] = placeholder[target=p_encoder_encoder_layers_20_attention_q_proj_bias]
    %p_encoder_encoder_layers_20_attention_out_proj_weight : [num_users=1] = placeholder[target=p_encoder_encoder_layers_20_attention_out_proj_weight]
    %p_encoder_encoder_layers_20_attention_out_proj_bias : [num_users=1] = placeholder[target=p_encoder_encoder_layers_20_attention_out_proj_bias]
    %p_encoder_encoder_layers_20_attention_gru_rel_pos_linear_weight : [num_users=1] = placeholder[target=p_encoder_encoder_layers_20_attention_gru_rel_pos_linear_weight]
    %p_encoder_encoder_layers_20_attention_gru_rel_pos_linear_bias : [num_users=1] = placeholder[target=p_encoder_encoder_layers_20_attention_gru_rel_pos_linear_bias]
    %p_encoder_encoder_layers_20_layer_norm_weight : [num_users=1] = placeholder[target=p_encoder_encoder_layers_20_layer_norm_weight]
    %p_encoder_encoder_layers_20_layer_norm_bias : [num_users=1] = placeholder[target=p_encoder_encoder_layers_20_layer_norm_bias]
    %p_encoder_encoder_layers_20_feed_forward_intermediate_dense_weight : [num_users=1] = placeholder[target=p_encoder_encoder_layers_20_feed_forward_intermediate_dense_weight]
    %p_encoder_encoder_layers_20_feed_forward_intermediate_dense_bias : [num_users=1] = placeholder[target=p_encoder_encoder_layers_20_feed_forward_intermediate_dense_bias]
    %p_encoder_encoder_layers_20_feed_forward_output_dense_weight : [num_users=1] = placeholder[target=p_encoder_encoder_layers_20_feed_forward_output_dense_weight]
    %p_encoder_encoder_layers_20_feed_forward_output_dense_bias : [num_users=1] = placeholder[target=p_encoder_encoder_layers_20_feed_forward_output_dense_bias]
    %p_encoder_encoder_layers_20_final_layer_norm_weight : [num_users=1] = placeholder[target=p_encoder_encoder_layers_20_final_layer_norm_weight]
    %p_encoder_encoder_layers_20_final_layer_norm_bias : [num_users=1] = placeholder[target=p_encoder_encoder_layers_20_final_layer_norm_bias]
    %p_encoder_encoder_layers_21_attention_gru_rel_pos_const : [num_users=1] = placeholder[target=p_encoder_encoder_layers_21_attention_gru_rel_pos_const]
    %p_encoder_encoder_layers_21_attention_k_proj_weight : [num_users=1] = placeholder[target=p_encoder_encoder_layers_21_attention_k_proj_weight]
    %p_encoder_encoder_layers_21_attention_k_proj_bias : [num_users=1] = placeholder[target=p_encoder_encoder_layers_21_attention_k_proj_bias]
    %p_encoder_encoder_layers_21_attention_v_proj_weight : [num_users=1] = placeholder[target=p_encoder_encoder_layers_21_attention_v_proj_weight]
    %p_encoder_encoder_layers_21_attention_v_proj_bias : [num_users=1] = placeholder[target=p_encoder_encoder_layers_21_attention_v_proj_bias]
    %p_encoder_encoder_layers_21_attention_q_proj_weight : [num_users=1] = placeholder[target=p_encoder_encoder_layers_21_attention_q_proj_weight]
    %p_encoder_encoder_layers_21_attention_q_proj_bias : [num_users=1] = placeholder[target=p_encoder_encoder_layers_21_attention_q_proj_bias]
    %p_encoder_encoder_layers_21_attention_out_proj_weight : [num_users=1] = placeholder[target=p_encoder_encoder_layers_21_attention_out_proj_weight]
    %p_encoder_encoder_layers_21_attention_out_proj_bias : [num_users=1] = placeholder[target=p_encoder_encoder_layers_21_attention_out_proj_bias]
    %p_encoder_encoder_layers_21_attention_gru_rel_pos_linear_weight : [num_users=1] = placeholder[target=p_encoder_encoder_layers_21_attention_gru_rel_pos_linear_weight]
    %p_encoder_encoder_layers_21_attention_gru_rel_pos_linear_bias : [num_users=1] = placeholder[target=p_encoder_encoder_layers_21_attention_gru_rel_pos_linear_bias]
    %p_encoder_encoder_layers_21_layer_norm_weight : [num_users=1] = placeholder[target=p_encoder_encoder_layers_21_layer_norm_weight]
    %p_encoder_encoder_layers_21_layer_norm_bias : [num_users=1] = placeholder[target=p_encoder_encoder_layers_21_layer_norm_bias]
    %p_encoder_encoder_layers_21_feed_forward_intermediate_dense_weight : [num_users=1] = placeholder[target=p_encoder_encoder_layers_21_feed_forward_intermediate_dense_weight]
    %p_encoder_encoder_layers_21_feed_forward_intermediate_dense_bias : [num_users=1] = placeholder[target=p_encoder_encoder_layers_21_feed_forward_intermediate_dense_bias]
    %p_encoder_encoder_layers_21_feed_forward_output_dense_weight : [num_users=1] = placeholder[target=p_encoder_encoder_layers_21_feed_forward_output_dense_weight]
    %p_encoder_encoder_layers_21_feed_forward_output_dense_bias : [num_users=1] = placeholder[target=p_encoder_encoder_layers_21_feed_forward_output_dense_bias]
    %p_encoder_encoder_layers_21_final_layer_norm_weight : [num_users=1] = placeholder[target=p_encoder_encoder_layers_21_final_layer_norm_weight]
    %p_encoder_encoder_layers_21_final_layer_norm_bias : [num_users=1] = placeholder[target=p_encoder_encoder_layers_21_final_layer_norm_bias]
    %p_encoder_encoder_layers_22_attention_gru_rel_pos_const : [num_users=1] = placeholder[target=p_encoder_encoder_layers_22_attention_gru_rel_pos_const]
    %p_encoder_encoder_layers_22_attention_k_proj_weight : [num_users=1] = placeholder[target=p_encoder_encoder_layers_22_attention_k_proj_weight]
    %p_encoder_encoder_layers_22_attention_k_proj_bias : [num_users=1] = placeholder[target=p_encoder_encoder_layers_22_attention_k_proj_bias]
    %p_encoder_encoder_layers_22_attention_v_proj_weight : [num_users=1] = placeholder[target=p_encoder_encoder_layers_22_attention_v_proj_weight]
    %p_encoder_encoder_layers_22_attention_v_proj_bias : [num_users=1] = placeholder[target=p_encoder_encoder_layers_22_attention_v_proj_bias]
    %p_encoder_encoder_layers_22_attention_q_proj_weight : [num_users=1] = placeholder[target=p_encoder_encoder_layers_22_attention_q_proj_weight]
    %p_encoder_encoder_layers_22_attention_q_proj_bias : [num_users=1] = placeholder[target=p_encoder_encoder_layers_22_attention_q_proj_bias]
    %p_encoder_encoder_layers_22_attention_out_proj_weight : [num_users=1] = placeholder[target=p_encoder_encoder_layers_22_attention_out_proj_weight]
    %p_encoder_encoder_layers_22_attention_out_proj_bias : [num_users=1] = placeholder[target=p_encoder_encoder_layers_22_attention_out_proj_bias]
    %p_encoder_encoder_layers_22_attention_gru_rel_pos_linear_weight : [num_users=1] = placeholder[target=p_encoder_encoder_layers_22_attention_gru_rel_pos_linear_weight]
    %p_encoder_encoder_layers_22_attention_gru_rel_pos_linear_bias : [num_users=1] = placeholder[target=p_encoder_encoder_layers_22_attention_gru_rel_pos_linear_bias]
    %p_encoder_encoder_layers_22_layer_norm_weight : [num_users=1] = placeholder[target=p_encoder_encoder_layers_22_layer_norm_weight]
    %p_encoder_encoder_layers_22_layer_norm_bias : [num_users=1] = placeholder[target=p_encoder_encoder_layers_22_layer_norm_bias]
    %p_encoder_encoder_layers_22_feed_forward_intermediate_dense_weight : [num_users=1] = placeholder[target=p_encoder_encoder_layers_22_feed_forward_intermediate_dense_weight]
    %p_encoder_encoder_layers_22_feed_forward_intermediate_dense_bias : [num_users=1] = placeholder[target=p_encoder_encoder_layers_22_feed_forward_intermediate_dense_bias]
    %p_encoder_encoder_layers_22_feed_forward_output_dense_weight : [num_users=1] = placeholder[target=p_encoder_encoder_layers_22_feed_forward_output_dense_weight]
    %p_encoder_encoder_layers_22_feed_forward_output_dense_bias : [num_users=1] = placeholder[target=p_encoder_encoder_layers_22_feed_forward_output_dense_bias]
    %p_encoder_encoder_layers_22_final_layer_norm_weight : [num_users=1] = placeholder[target=p_encoder_encoder_layers_22_final_layer_norm_weight]
    %p_encoder_encoder_layers_22_final_layer_norm_bias : [num_users=1] = placeholder[target=p_encoder_encoder_layers_22_final_layer_norm_bias]
    %p_encoder_encoder_layers_23_attention_gru_rel_pos_const : [num_users=1] = placeholder[target=p_encoder_encoder_layers_23_attention_gru_rel_pos_const]
    %p_encoder_encoder_layers_23_attention_k_proj_weight : [num_users=1] = placeholder[target=p_encoder_encoder_layers_23_attention_k_proj_weight]
    %p_encoder_encoder_layers_23_attention_k_proj_bias : [num_users=1] = placeholder[target=p_encoder_encoder_layers_23_attention_k_proj_bias]
    %p_encoder_encoder_layers_23_attention_v_proj_weight : [num_users=1] = placeholder[target=p_encoder_encoder_layers_23_attention_v_proj_weight]
    %p_encoder_encoder_layers_23_attention_v_proj_bias : [num_users=1] = placeholder[target=p_encoder_encoder_layers_23_attention_v_proj_bias]
    %p_encoder_encoder_layers_23_attention_q_proj_weight : [num_users=1] = placeholder[target=p_encoder_encoder_layers_23_attention_q_proj_weight]
    %p_encoder_encoder_layers_23_attention_q_proj_bias : [num_users=1] = placeholder[target=p_encoder_encoder_layers_23_attention_q_proj_bias]
    %p_encoder_encoder_layers_23_attention_out_proj_weight : [num_users=1] = placeholder[target=p_encoder_encoder_layers_23_attention_out_proj_weight]
    %p_encoder_encoder_layers_23_attention_out_proj_bias : [num_users=1] = placeholder[target=p_encoder_encoder_layers_23_attention_out_proj_bias]
    %p_encoder_encoder_layers_23_attention_gru_rel_pos_linear_weight : [num_users=1] = placeholder[target=p_encoder_encoder_layers_23_attention_gru_rel_pos_linear_weight]
    %p_encoder_encoder_layers_23_attention_gru_rel_pos_linear_bias : [num_users=1] = placeholder[target=p_encoder_encoder_layers_23_attention_gru_rel_pos_linear_bias]
    %p_encoder_encoder_layers_23_layer_norm_weight : [num_users=1] = placeholder[target=p_encoder_encoder_layers_23_layer_norm_weight]
    %p_encoder_encoder_layers_23_layer_norm_bias : [num_users=1] = placeholder[target=p_encoder_encoder_layers_23_layer_norm_bias]
    %p_encoder_encoder_layers_23_feed_forward_intermediate_dense_weight : [num_users=1] = placeholder[target=p_encoder_encoder_layers_23_feed_forward_intermediate_dense_weight]
    %p_encoder_encoder_layers_23_feed_forward_intermediate_dense_bias : [num_users=1] = placeholder[target=p_encoder_encoder_layers_23_feed_forward_intermediate_dense_bias]
    %p_encoder_encoder_layers_23_feed_forward_output_dense_weight : [num_users=1] = placeholder[target=p_encoder_encoder_layers_23_feed_forward_output_dense_weight]
    %p_encoder_encoder_layers_23_feed_forward_output_dense_bias : [num_users=1] = placeholder[target=p_encoder_encoder_layers_23_feed_forward_output_dense_bias]
    %p_encoder_encoder_layers_23_final_layer_norm_weight : [num_users=1] = placeholder[target=p_encoder_encoder_layers_23_final_layer_norm_weight]
    %p_encoder_encoder_layers_23_final_layer_norm_bias : [num_users=1] = placeholder[target=p_encoder_encoder_layers_23_final_layer_norm_bias]
    %p_head_0_weight : [num_users=1] = placeholder[target=p_head_0_weight]
    %p_head_0_bias : [num_users=1] = placeholder[target=p_head_0_bias]
    %p_head_3_weight : [num_users=1] = placeholder[target=p_head_3_weight]
    %p_head_3_bias : [num_users=1] = placeholder[target=p_head_3_bias]
    %wave : [num_users=3] = placeholder[target=wave]
    %mean : [num_users=1] = call_function[target=torch.ops.aten.mean.dim](args = (%wave, [-1], True), kwargs = {})
    %sub : [num_users=1] = call_function[target=torch.ops.aten.sub.Tensor](args = (%wave, %mean), kwargs = {})
    %std : [num_users=1] = call_function[target=torch.ops.aten.std.dim](args = (%wave, [-1], True, True), kwargs = {})
    %add : [num_users=1] = call_function[target=torch.ops.aten.add.Tensor](args = (%std, 1e-07), kwargs = {})
    %div : [num_users=1] = call_function[target=torch.ops.aten.div.Tensor](args = (%sub, %add), kwargs = {})
    %unsqueeze : [num_users=2] = call_function[target=torch.ops.aten.unsqueeze.default](args = (%div, 1), kwargs = {})
    %unsqueeze_copy_default : [num_users=1] = call_function[target=torch.ops.aten.unsqueeze_copy.default](args = (%unsqueeze, 2), kwargs = {})
    %conv2d_default : [num_users=1] = call_function[target=torch.ops.aten.conv2d.default](args = (%unsqueeze_copy_default, %p_encoder_feature_extractor_conv_layers_0_conv_weight, None, [1, 5], [0, 0], [1, 1], 1), kwargs = {})
    %squeeze_copy_dims : [num_users=1] = call_function[target=torch.ops.aten.squeeze_copy.dims](args = (%conv2d_default, [2]), kwargs = {})
    %conv1d : [num_users=0] = call_function[target=torch.ops.aten.conv1d.default](args = (%unsqueeze, %p_encoder_feature_extractor_conv_layers_0_conv_weight, None, [5]), kwargs = {})
    %transpose : [num_users=1] = call_function[target=torch.ops.aten.transpose.int](args = (%squeeze_copy_dims, -2, -1), kwargs = {})
    %layer_norm : [num_users=1] = call_function[target=torch.ops.aten.layer_norm.default](args = (%transpose, [512], %p_encoder_feature_extractor_conv_layers_0_layer_norm_weight, %p_encoder_feature_extractor_conv_layers_0_layer_norm_bias, 1e-05, False), kwargs = {})
    %transpose_1 : [num_users=1] = call_function[target=torch.ops.aten.transpose.int](args = (%layer_norm, -2, -1), kwargs = {})
    %gelu : [num_users=2] = call_function[target=torch.ops.aten.gelu.default](args = (%transpose_1,), kwargs = {})
    %unsqueeze_copy_default_1 : [num_users=1] = call_function[target=torch.ops.aten.unsqueeze_copy.default](args = (%gelu, 2), kwargs = {})
    %conv2d_default_1 : [num_users=1] = call_function[target=torch.ops.aten.conv2d.default](args = (%unsqueeze_copy_default_1, %p_encoder_feature_extractor_conv_layers_1_conv_weight, None, [1, 2], [0, 0], [1, 1], 1), kwargs = {})
    %squeeze_copy_dims_1 : [num_users=1] = call_function[target=torch.ops.aten.squeeze_copy.dims](args = (%conv2d_default_1, [2]), kwargs = {})
    %conv1d_1 : [num_users=0] = call_function[target=torch.ops.aten.conv1d.default](args = (%gelu, %p_encoder_feature_extractor_conv_layers_1_conv_weight, None, [2]), kwargs = {})
    %transpose_2 : [num_users=1] = call_function[target=torch.ops.aten.transpose.int](args = (%squeeze_copy_dims_1, -2, -1), kwargs = {})
    %layer_norm_1 : [num_users=1] = call_function[target=torch.ops.aten.layer_norm.default](args = (%transpose_2, [512], %p_encoder_feature_extractor_conv_layers_1_layer_norm_weight, %p_encoder_feature_extractor_conv_layers_1_layer_norm_bias, 1e-05, False), kwargs = {})
    %transpose_3 : [num_users=1] = call_function[target=torch.ops.aten.transpose.int](args = (%layer_norm_1, -2, -1), kwargs = {})
    %gelu_1 : [num_users=2] = call_function[target=torch.ops.aten.gelu.default](args = (%transpose_3,), kwargs = {})
    %unsqueeze_copy_default_2 : [num_users=1] = call_function[target=torch.ops.aten.unsqueeze_copy.default](args = (%gelu_1, 2), kwargs = {})
    %conv2d_default_2 : [num_users=1] = call_function[target=torch.ops.aten.conv2d.default](args = (%unsqueeze_copy_default_2, %p_encoder_feature_extractor_conv_layers_2_conv_weight, None, [1, 2], [0, 0], [1, 1], 1), kwargs = {})
    %squeeze_copy_dims_2 : [num_users=1] = call_function[target=torch.ops.aten.squeeze_copy.dims](args = (%conv2d_default_2, [2]), kwargs = {})
    %conv1d_2 : [num_users=0] = call_function[target=torch.ops.aten.conv1d.default](args = (%gelu_1, %p_encoder_feature_extractor_conv_layers_2_conv_weight, None, [2]), kwargs = {})
    %transpose_4 : [num_users=1] = call_function[target=torch.ops.aten.transpose.int](args = (%squeeze_copy_dims_2, -2, -1), kwargs = {})
    %layer_norm_2 : [num_users=1] = call_function[target=torch.ops.aten.layer_norm.default](args = (%transpose_4, [512], %p_encoder_feature_extractor_conv_layers_2_layer_norm_weight, %p_encoder_feature_extractor_conv_layers_2_layer_norm_bias, 1e-05, False), kwargs = {})
    %transpose_5 : [num_users=1] = call_function[target=torch.ops.aten.transpose.int](args = (%layer_norm_2, -2, -1), kwargs = {})
    %gelu_2 : [num_users=2] = call_function[target=torch.ops.aten.gelu.default](args = (%transpose_5,), kwargs = {})
    %unsqueeze_copy_default_3 : [num_users=1] = call_function[target=torch.ops.aten.unsqueeze_copy.default](args = (%gelu_2, 2), kwargs = {})
    %conv2d_default_3 : [num_users=1] = call_function[target=torch.ops.aten.conv2d.default](args = (%unsqueeze_copy_default_3, %p_encoder_feature_extractor_conv_layers_3_conv_weight, None, [1, 2], [0, 0], [1, 1], 1), kwargs = {})
    %squeeze_copy_dims_3 : [num_users=1] = call_function[target=torch.ops.aten.squeeze_copy.dims](args = (%conv2d_default_3, [2]), kwargs = {})
    %conv1d_3 : [num_users=0] = call_function[target=torch.ops.aten.conv1d.default](args = (%gelu_2, %p_encoder_feature_extractor_conv_layers_3_conv_weight, None, [2]), kwargs = {})
    %transpose_6 : [num_users=1] = call_function[target=torch.ops.aten.transpose.int](args = (%squeeze_copy_dims_3, -2, -1), kwargs = {})
    %layer_norm_3 : [num_users=1] = call_function[target=torch.ops.aten.layer_norm.default](args = (%transpose_6, [512], %p_encoder_feature_extractor_conv_layers_3_layer_norm_weight, %p_encoder_feature_extractor_conv_layers_3_layer_norm_bias, 1e-05, False), kwargs = {})
    %transpose_7 : [num_users=1] = call_function[target=torch.ops.aten.transpose.int](args = (%layer_norm_3, -2, -1), kwargs = {})
    %gelu_3 : [num_users=2] = call_function[target=torch.ops.aten.gelu.default](args = (%transpose_7,), kwargs = {})
    %unsqueeze_copy_default_4 : [num_users=1] = call_function[target=torch.ops.aten.unsqueeze_copy.default](args = (%gelu_3, 2), kwargs = {})
    %conv2d_default_4 : [num_users=1] = call_function[target=torch.ops.aten.conv2d.default](args = (%unsqueeze_copy_default_4, %p_encoder_feature_extractor_conv_layers_4_conv_weight, None, [1, 2], [0, 0], [1, 1], 1), kwargs = {})
    %squeeze_copy_dims_4 : [num_users=1] = call_function[target=torch.ops.aten.squeeze_copy.dims](args = (%conv2d_default_4, [2]), kwargs = {})
    %conv1d_4 : [num_users=0] = call_function[target=torch.ops.aten.conv1d.default](args = (%gelu_3, %p_encoder_feature_extractor_conv_layers_4_conv_weight, None, [2]), kwargs = {})
    %transpose_8 : [num_users=1] = call_function[target=torch.ops.aten.transpose.int](args = (%squeeze_copy_dims_4, -2, -1), kwargs = {})
    %layer_norm_4 : [num_users=1] = call_function[target=torch.ops.aten.layer_norm.default](args = (%transpose_8, [512], %p_encoder_feature_extractor_conv_layers_4_layer_norm_weight, %p_encoder_feature_extractor_conv_layers_4_layer_norm_bias, 1e-05, False), kwargs = {})
    %transpose_9 : [num_users=1] = call_function[target=torch.ops.aten.transpose.int](args = (%layer_norm_4, -2, -1), kwargs = {})
    %gelu_4 : [num_users=2] = call_function[target=torch.ops.aten.gelu.default](args = (%transpose_9,), kwargs = {})
    %unsqueeze_copy_default_5 : [num_users=1] = call_function[target=torch.ops.aten.unsqueeze_copy.default](args = (%gelu_4, 2), kwargs = {})
    %conv2d_default_5 : [num_users=1] = call_function[target=torch.ops.aten.conv2d.default](args = (%unsqueeze_copy_default_5, %p_encoder_feature_extractor_conv_layers_5_conv_weight, None, [1, 2], [0, 0], [1, 1], 1), kwargs = {})
    %squeeze_copy_dims_5 : [num_users=1] = call_function[target=torch.ops.aten.squeeze_copy.dims](args = (%conv2d_default_5, [2]), kwargs = {})
    %conv1d_5 : [num_users=0] = call_function[target=torch.ops.aten.conv1d.default](args = (%gelu_4, %p_encoder_feature_extractor_conv_layers_5_conv_weight, None, [2]), kwargs = {})
    %transpose_10 : [num_users=1] = call_function[target=torch.ops.aten.transpose.int](args = (%squeeze_copy_dims_5, -2, -1), kwargs = {})
    %layer_norm_5 : [num_users=1] = call_function[target=torch.ops.aten.layer_norm.default](args = (%transpose_10, [512], %p_encoder_feature_extractor_conv_layers_5_layer_norm_weight, %p_encoder_feature_extractor_conv_layers_5_layer_norm_bias, 1e-05, False), kwargs = {})
    %transpose_11 : [num_users=1] = call_function[target=torch.ops.aten.transpose.int](args = (%layer_norm_5, -2, -1), kwargs = {})
    %gelu_5 : [num_users=2] = call_function[target=torch.ops.aten.gelu.default](args = (%transpose_11,), kwargs = {})
    %unsqueeze_copy_default_6 : [num_users=1] = call_function[target=torch.ops.aten.unsqueeze_copy.default](args = (%gelu_5, 2), kwargs = {})
    %conv2d_default_6 : [num_users=1] = call_function[target=torch.ops.aten.conv2d.default](args = (%unsqueeze_copy_default_6, %p_encoder_feature_extractor_conv_layers_6_conv_weight, None, [1, 2], [0, 0], [1, 1], 1), kwargs = {})
    %squeeze_copy_dims_6 : [num_users=1] = call_function[target=torch.ops.aten.squeeze_copy.dims](args = (%conv2d_default_6, [2]), kwargs = {})
    %conv1d_6 : [num_users=0] = call_function[target=torch.ops.aten.conv1d.default](args = (%gelu_5, %p_encoder_feature_extractor_conv_layers_6_conv_weight, None, [2]), kwargs = {})
    %transpose_12 : [num_users=1] = call_function[target=torch.ops.aten.transpose.int](args = (%squeeze_copy_dims_6, -2, -1), kwargs = {})
    %layer_norm_6 : [num_users=1] = call_function[target=torch.ops.aten.layer_norm.default](args = (%transpose_12, [512], %p_encoder_feature_extractor_conv_layers_6_layer_norm_weight, %p_encoder_feature_extractor_conv_layers_6_layer_norm_bias, 1e-05, False), kwargs = {})
    %transpose_13 : [num_users=1] = call_function[target=torch.ops.aten.transpose.int](args = (%layer_norm_6, -2, -1), kwargs = {})
    %gelu_6 : [num_users=1] = call_function[target=torch.ops.aten.gelu.default](args = (%transpose_13,), kwargs = {})
    %transpose_14 : [num_users=1] = call_function[target=torch.ops.aten.transpose.int](args = (%gelu_6, 1, 2), kwargs = {})
    %layer_norm_7 : [num_users=1] = call_function[target=torch.ops.aten.layer_norm.default](args = (%transpose_14, [512], %p_encoder_feature_projection_layer_norm_weight, %p_encoder_feature_projection_layer_norm_bias, 1e-05, False), kwargs = {})
    %linear : [num_users=1] = call_function[target=torch.ops.aten.linear.default](args = (%layer_norm_7, %p_encoder_feature_projection_projection_weight, %p_encoder_feature_projection_projection_bias), kwargs = {})
    %dropout : [num_users=2] = call_function[target=torch.ops.aten.dropout.default](args = (%linear, 0.1, False), kwargs = {})
    %transpose_15 : [num_users=2] = call_function[target=torch.ops.aten.transpose.int](args = (%dropout, 1, 2), kwargs = {})
    %unsqueeze_copy_default_7 : [num_users=1] = call_function[target=torch.ops.aten.unsqueeze_copy.default](args = (%transpose_15, 2), kwargs = {})
    %conv2d_default_7 : [num_users=1] = call_function[target=torch.ops.aten.conv2d.default](args = (%unsqueeze_copy_default_7, %_weight_norm, %p_encoder_encoder_pos_conv_embed_conv_bias, [1, 1], [0, 64], [1, 1], 16), kwargs = {})
    %squeeze_copy_dims_7 : [num_users=1] = call_function[target=torch.ops.aten.squeeze_copy.dims](args = (%conv2d_default_7, [2]), kwargs = {})
    %_weight_norm : [num_users=2] = call_function[target=torch.ops.aten._weight_norm.default](args = (%p_encoder_encoder_pos_conv_embed_conv_parametrizations_weight_original1, %p_encoder_encoder_pos_conv_embed_conv_parametrizations_weight_original0, 2), kwargs = {})
    %conv1d_7 : [num_users=0] = call_function[target=torch.ops.aten.conv1d.default](args = (%transpose_15, %_weight_norm, %p_encoder_encoder_pos_conv_embed_conv_bias, [1], [64], [1], 16), kwargs = {})
    %slice_1 : [num_users=1] = call_function[target=torch.ops.aten.slice.Tensor](args = (%squeeze_copy_dims_7, 2, 0, -1), kwargs = {})
    %gelu_7 : [num_users=1] = call_function[target=torch.ops.aten.gelu.default](args = (%slice_1,), kwargs = {})
    %transpose_16 : [num_users=1] = call_function[target=torch.ops.aten.transpose.int](args = (%gelu_7, 1, 2), kwargs = {})
    %add_1 : [num_users=1] = call_function[target=torch.ops.aten.add.Tensor](args = (%dropout, %transpose_16), kwargs = {})
    %dropout_1 : [num_users=2] = call_function[target=torch.ops.aten.dropout.default](args = (%add_1, 0.1, False), kwargs = {})
    %rand : [num_users=0] = call_function[target=torch.ops.aten.rand.default](args = ([],), kwargs = {device: cpu, pin_memory: False})
    %layer_norm_8 : [num_users=2] = call_function[target=torch.ops.aten.layer_norm.default](args = (%dropout_1, [1024], %p_encoder_encoder_layers_0_layer_norm_weight, %p_encoder_encoder_layers_0_layer_norm_bias, 1e-05, False), kwargs = {})
    %arange : [num_users=1] = call_function[target=torch.ops.aten.arange.default](args = (149,), kwargs = {dtype: torch.int64, device: cpu, pin_memory: False})
    %unsqueeze_1 : [num_users=1] = call_function[target=torch.ops.aten.unsqueeze.default](args = (%arange, 1), kwargs = {})
    %arange_1 : [num_users=1] = call_function[target=torch.ops.aten.arange.default](args = (149,), kwargs = {dtype: torch.int64, device: cpu, pin_memory: False})
    %unsqueeze_2 : [num_users=1] = call_function[target=torch.ops.aten.unsqueeze.default](args = (%arange_1, 0), kwargs = {})
    %sub_1 : [num_users=2] = call_function[target=torch.ops.aten.sub.Tensor](args = (%unsqueeze_2, %unsqueeze_1), kwargs = {})
    %gt : [num_users=2] = call_function[target=torch.ops.aten.gt.Scalar](args = (%sub_1, 0), kwargs = {})
    %_assert_tensor_metadata : [num_users=0] = call_function[target=torch.ops.aten._assert_tensor_metadata.default](args = (%gt, None, None, torch.bool), kwargs = {device: cpu, layout: torch.strided})
    %to : [num_users=1] = call_function[target=torch.ops.aten.to.dtype](args = (%gt, torch.int64), kwargs = {})
    %mul : [num_users=1] = call_function[target=torch.ops.aten.mul.Tensor](args = (%to, 160), kwargs = {})
    %abs_1 : [num_users=4] = call_function[target=torch.ops.aten.abs.default](args = (%sub_1,), kwargs = {})
    %lt : [num_users=1] = call_function[target=torch.ops.aten.lt.Scalar](args = (%abs_1, 80), kwargs = {})
    %_assert_tensor_metadata_1 : [num_users=0] = call_function[target=torch.ops.aten._assert_tensor_metadata.default](args = (%abs_1, None, None, torch.int64), kwargs = {device: cpu, layout: torch.strided})
    %to_1 : [num_users=1] = call_function[target=torch.ops.aten.to.dtype](args = (%abs_1, torch.float32), kwargs = {})
    %div_1 : [num_users=1] = call_function[target=torch.ops.aten.div.Tensor](args = (%to_1, 80), kwargs = {})
    %log : [num_users=1] = call_function[target=torch.ops.aten.log.default](args = (%div_1,), kwargs = {})
    %div_2 : [num_users=1] = call_function[target=torch.ops.aten.div.Tensor](args = (%log, 2.302585092994046), kwargs = {})
    %mul_1 : [num_users=1] = call_function[target=torch.ops.aten.mul.Tensor](args = (%div_2, 80), kwargs = {})
    %add_2 : [num_users=2] = call_function[target=torch.ops.aten.add.Tensor](args = (%mul_1, 80), kwargs = {})
    %_assert_tensor_metadata_2 : [num_users=0] = call_function[target=torch.ops.aten._assert_tensor_metadata.default](args = (%add_2, None, None, torch.float32), kwargs = {device: cpu, layout: torch.strided})
    %to_2 : [num_users=2] = call_function[target=torch.ops.aten.to.dtype](args = (%add_2, torch.int64), kwargs = {})
    %full_like : [num_users=1] = call_function[target=torch.ops.aten.full_like.default](args = (%to_2, 159), kwargs = {pin_memory: False})
    %min_1 : [num_users=1] = call_function[target=torch.ops.aten.min.other](args = (%to_2, %full_like), kwargs = {})
    %where : [num_users=1] = call_function[target=torch.ops.aten.where.self](args = (%lt, %abs_1, %min_1), kwargs = {})
    %add_ : [num_users=2] = call_function[target=torch.ops.aten.add_.Tensor](args = (%mul, %where), kwargs = {})
    %_assert_tensor_metadata_3 : [num_users=0] = call_function[target=torch.ops.aten._assert_tensor_metadata.default](args = (%add_, None, None, torch.int64), kwargs = {device: cpu, layout: torch.strided})
    %to_3 : [num_users=1] = call_function[target=torch.ops.aten.to.dtype_layout](args = (%add_,), kwargs = {dtype: torch.int64, layout: torch.strided, device: cpu})
    %embedding : [num_users=1] = call_function[target=torch.ops.aten.embedding.default](args = (%p_encoder_encoder_layers_0_attention_rel_attn_embed_weight, %to_3), kwargs = {})
    %permute : [num_users=1] = call_function[target=torch.ops.aten.permute.default](args = (%embedding, [2, 0, 1]), kwargs = {})
    %unsqueeze_3 : [num_users=1] = call_function[target=torch.ops.aten.unsqueeze.default](args = (%permute, 0), kwargs = {})
    %repeat : [num_users=1] = call_function[target=torch.ops.aten.repeat.default](args = (%unsqueeze_3, [1, 1, 1, 1]), kwargs = {})
    %view : [num_users=24] = call_function[target=torch.ops.aten.view.default](args = (%repeat, [16, 149, 149]), kwargs = {})
    %view_1 : [num_users=1] = call_function[target=torch.ops.aten.view.default](args = (%layer_norm_8, [1, 149, 16, -1]), kwargs = {})
    %permute_1 : [num_users=1] = call_function[target=torch.ops.aten.permute.default](args = (%view_1, [0, 2, 1, 3]), kwargs = {})
    %linear_1 : [num_users=1] = call_function[target=torch.ops.aten.linear.default](args = (%permute_1, %p_encoder_encoder_layers_0_attention_gru_rel_pos_linear_weight, %p_encoder_encoder_layers_0_attention_gru_rel_pos_linear_bias), kwargs = {})
    %view_2 : [num_users=1] = call_function[target=torch.ops.aten.view.default](args = (%linear_1, [1, 16, 149, 2, 4]), kwargs = {})
    %sum_1 : [num_users=1] = call_function[target=torch.ops.aten.sum.dim_IntList](args = (%view_2, [-1]), kwargs = {})
    %sigmoid : [num_users=1] = call_function[target=torch.ops.aten.sigmoid.default](args = (%sum_1,), kwargs = {})
    %chunk : [num_users=2] = call_function[target=torch.ops.aten.chunk.default](args = (%sigmoid, 2, -1), kwargs = {})
    %getitem : [num_users=1] = call_function[target=operator.getitem](args = (%chunk, 0), kwargs = {})
    %getitem_1 : [num_users=1] = call_function[target=operator.getitem](args = (%chunk, 1), kwargs = {})
    %mul_2 : [num_users=1] = call_function[target=torch.ops.aten.mul.Tensor](args = (%getitem_1, %p_encoder_encoder_layers_0_attention_gru_rel_pos_const), kwargs = {})
    %sub_2 : [num_users=1] = call_function[target=torch.ops.aten.sub.Tensor](args = (%mul_2, 1.0), kwargs = {})
    %mul_3 : [num_users=1] = call_function[target=torch.ops.aten.mul.Tensor](args = (%getitem, %sub_2), kwargs = {})
    %add_3 : [num_users=1] = call_function[target=torch.ops.aten.add.Tensor](args = (%mul_3, 2.0), kwargs = {})
    %view_3 : [num_users=1] = call_function[target=torch.ops.aten.view.default](args = (%add_3, [16, -1, 1]), kwargs = {})
    %mul_4 : [num_users=1] = call_function[target=torch.ops.aten.mul.Tensor](args = (%view_3, %view), kwargs = {})
    %view_4 : [num_users=1] = call_function[target=torch.ops.aten.view.default](args = (%mul_4, [-1, 149, 149]), kwargs = {})
    %transpose_17 : [num_users=3] = call_function[target=torch.ops.aten.transpose.int](args = (%layer_norm_8, 0, 1), kwargs = {})
    %cat : [num_users=1] = call_function[target=torch.ops.aten.cat.default](args = ([%p_encoder_encoder_layers_0_attention_q_proj_bias, %p_encoder_encoder_layers_0_attention_k_proj_bias, %p_encoder_encoder_layers_0_attention_v_proj_bias],), kwargs = {})
    %chunk_1 : [num_users=3] = call_function[target=torch.ops.aten.chunk.default](args = (%cat, 3), kwargs = {})
    %getitem_2 : [num_users=1] = call_function[target=operator.getitem](args = (%chunk_1, 0), kwargs = {})
    %getitem_3 : [num_users=1] = call_function[target=operator.getitem](args = (%chunk_1, 1), kwargs = {})
    %getitem_4 : [num_users=1] = call_function[target=operator.getitem](args = (%chunk_1, 2), kwargs = {})
    %linear_2 : [num_users=1] = call_function[target=torch.ops.aten.linear.default](args = (%transpose_17, %p_encoder_encoder_layers_0_attention_q_proj_weight, %getitem_2), kwargs = {})
    %linear_3 : [num_users=1] = call_function[target=torch.ops.aten.linear.default](args = (%transpose_17, %p_encoder_encoder_layers_0_attention_k_proj_weight, %getitem_3), kwargs = {})
    %linear_4 : [num_users=1] = call_function[target=torch.ops.aten.linear.default](args = (%transpose_17, %p_encoder_encoder_layers_0_attention_v_proj_weight, %getitem_4), kwargs = {})
    %view_5 : [num_users=1] = call_function[target=torch.ops.aten.view.default](args = (%linear_2, [149, 16, 64]), kwargs = {})
    %transpose_18 : [num_users=1] = call_function[target=torch.ops.aten.transpose.int](args = (%view_5, 0, 1), kwargs = {})
    %view_6 : [num_users=1] = call_function[target=torch.ops.aten.view.default](args = (%linear_3, [149, 16, 64]), kwargs = {})
    %transpose_19 : [num_users=1] = call_function[target=torch.ops.aten.transpose.int](args = (%view_6, 0, 1), kwargs = {})
    %view_7 : [num_users=1] = call_function[target=torch.ops.aten.view.default](args = (%linear_4, [149, 16, 64]), kwargs = {})
    %transpose_20 : [num_users=1] = call_function[target=torch.ops.aten.transpose.int](args = (%view_7, 0, 1), kwargs = {})
    %view_8 : [num_users=1] = call_function[target=torch.ops.aten.view.default](args = (%view_4, [1, 16, -1, 149]), kwargs = {})
    %view_9 : [num_users=1] = call_function[target=torch.ops.aten.view.default](args = (%transpose_18, [1, 16, 149, 64]), kwargs = {})
    %view_10 : [num_users=1] = call_function[target=torch.ops.aten.view.default](args = (%transpose_19, [1, 16, 149, 64]), kwargs = {})
    %view_11 : [num_users=1] = call_function[target=torch.ops.aten.view.default](args = (%transpose_20, [1, 16, 149, 64]), kwargs = {})
    %mul_74 : [num_users=1] = call_function[target=torch.ops.aten.mul.Scalar](args = (%view_9, 0.3535533905932738), kwargs = {})
    %transpose_137 : [num_users=1] = call_function[target=torch.ops.aten.transpose.int](args = (%view_10, -2, -1), kwargs = {})
    %mul_75 : [num_users=1] = call_function[target=torch.ops.aten.mul.Scalar](args = (%transpose_137, 0.3535533905932738), kwargs = {})
    %expand : [num_users=1] = call_function[target=torch.ops.aten.expand.default](args = (%mul_74, [1, 16, 149, 64]), kwargs = {})
    %view_313 : [num_users=1] = call_function[target=torch.ops.aten.view.default](args = (%expand, [16, 149, 64]), kwargs = {})
    %expand_1 : [num_users=1] = call_function[target=torch.ops.aten.expand.default](args = (%mul_75, [1, 16, 64, 149]), kwargs = {})
    %view_314 : [num_users=1] = call_function[target=torch.ops.aten.view.default](args = (%expand_1, [16, 64, 149]), kwargs = {})
    %bmm : [num_users=1] = call_function[target=torch.ops.aten.bmm.default](args = (%view_313, %view_314), kwargs = {})
    %view_315 : [num_users=1] = call_function[target=torch.ops.aten.view.default](args = (%bmm, [1, 16, 149, 149]), kwargs = {})
    %add_75 : [num_users=1] = call_function[target=torch.ops.aten.add.Tensor](args = (%view_315, %view_8), kwargs = {})
    %_safe_softmax : [num_users=1] = call_function[target=torch.ops.aten._safe_softmax.default](args = (%add_75, -1), kwargs = {})
    %expand_2 : [num_users=1] = call_function[target=torch.ops.aten.expand.default](args = (%_safe_softmax, [1, 16, 149, 149]), kwargs = {})
    %view_316 : [num_users=1] = call_function[target=torch.ops.aten.view.default](args = (%expand_2, [16, 149, 149]), kwargs = {})
    %expand_3 : [num_users=1] = call_function[target=torch.ops.aten.expand.default](args = (%view_11, [1, 16, 149, 64]), kwargs = {})
    %view_317 : [num_users=1] = call_function[target=torch.ops.aten.view.default](args = (%expand_3, [16, 149, 64]), kwargs = {})
    %bmm_1 : [num_users=1] = call_function[target=torch.ops.aten.bmm.default](args = (%view_316, %view_317), kwargs = {})
    %view_318 : [num_users=1] = call_function[target=torch.ops.aten.view.default](args = (%bmm_1, [1, 16, 149, 64]), kwargs = {})
    %permute_49 : [num_users=1] = call_function[target=torch.ops.aten.permute.default](args = (%view_318, [2, 0, 1, 3]), kwargs = {})
    %clone : [num_users=1] = call_function[target=torch.ops.aten.clone.default](args = (%permute_49,), kwargs = {memory_format: torch.contiguous_format})
    %permute_50 : [num_users=1] = call_function[target=torch.ops.aten.permute.default](args = (%clone, [1, 2, 0, 3]), kwargs = {})
    %permute_2 : [num_users=1] = call_function[target=torch.ops.aten.permute.default](args = (%permute_50, [2, 0, 1, 3]), kwargs = {})
    %view_12 : [num_users=1] = call_function[target=torch.ops.aten.view.default](args = (%permute_2, [149, 1024]), kwargs = {})
    %linear_5 : [num_users=1] = call_function[target=torch.ops.aten.linear.default](args = (%view_12, %p_encoder_encoder_layers_0_attention_out_proj_weight, %p_encoder_encoder_layers_0_attention_out_proj_bias), kwargs = {})
    %view_13 : [num_users=1] = call_function[target=torch.ops.aten.view.default](args = (%linear_5, [149, 1, 1024]), kwargs = {})
    %transpose_21 : [num_users=1] = call_function[target=torch.ops.aten.transpose.int](args = (%view_13, 0, 1), kwargs = {})
    %dropout_2 : [num_users=1] = call_function[target=torch.ops.aten.dropout.default](args = (%transpose_21, 0.1, False), kwargs = {})
    %add_4 : [num_users=2] = call_function[target=torch.ops.aten.add.Tensor](args = (%dropout_1, %dropout_2), kwargs = {})
    %layer_norm_9 : [num_users=1] = call_function[target=torch.ops.aten.layer_norm.default](args = (%add_4, [1024], %p_encoder_encoder_layers_0_final_layer_norm_weight, %p_encoder_encoder_layers_0_final_layer_norm_bias, 1e-05, False), kwargs = {})
    %linear_6 : [num_users=1] = call_function[target=torch.ops.aten.linear.default](args = (%layer_norm_9, %p_encoder_encoder_layers_0_feed_forward_intermediate_dense_weight, %p_encoder_encoder_layers_0_feed_forward_intermediate_dense_bias), kwargs = {})
    %gelu_8 : [num_users=1] = call_function[target=torch.ops.aten.gelu.default](args = (%linear_6,), kwargs = {})
    %dropout_3 : [num_users=1] = call_function[target=torch.ops.aten.dropout.default](args = (%gelu_8, 0.0, False), kwargs = {})
    %linear_7 : [num_users=1] = call_function[target=torch.ops.aten.linear.default](args = (%dropout_3, %p_encoder_encoder_layers_0_feed_forward_output_dense_weight, %p_encoder_encoder_layers_0_feed_forward_output_dense_bias), kwargs = {})
    %dropout_4 : [num_users=1] = call_function[target=torch.ops.aten.dropout.default](args = (%linear_7, 0.1, False), kwargs = {})
    %add_5 : [num_users=2] = call_function[target=torch.ops.aten.add.Tensor](args = (%add_4, %dropout_4), kwargs = {})
    %rand_1 : [num_users=0] = call_function[target=torch.ops.aten.rand.default](args = ([],), kwargs = {device: cpu, pin_memory: False})
    %layer_norm_10 : [num_users=2] = call_function[target=torch.ops.aten.layer_norm.default](args = (%add_5, [1024], %p_encoder_encoder_layers_1_layer_norm_weight, %p_encoder_encoder_layers_1_layer_norm_bias, 1e-05, False), kwargs = {})
    %view_14 : [num_users=1] = call_function[target=torch.ops.aten.view.default](args = (%layer_norm_10, [1, 149, 16, -1]), kwargs = {})
    %permute_3 : [num_users=1] = call_function[target=torch.ops.aten.permute.default](args = (%view_14, [0, 2, 1, 3]), kwargs = {})
    %linear_8 : [num_users=1] = call_function[target=torch.ops.aten.linear.default](args = (%permute_3, %p_encoder_encoder_layers_1_attention_gru_rel_pos_linear_weight, %p_encoder_encoder_layers_1_attention_gru_rel_pos_linear_bias), kwargs = {})
    %view_15 : [num_users=1] = call_function[target=torch.ops.aten.view.default](args = (%linear_8, [1, 16, 149, 2, 4]), kwargs = {})
    %sum_2 : [num_users=1] = call_function[target=torch.ops.aten.sum.dim_IntList](args = (%view_15, [-1]), kwargs = {})
    %sigmoid_1 : [num_users=1] = call_function[target=torch.ops.aten.sigmoid.default](args = (%sum_2,), kwargs = {})
    %chunk_2 : [num_users=2] = call_function[target=torch.ops.aten.chunk.default](args = (%sigmoid_1, 2, -1), kwargs = {})
    %getitem_5 : [num_users=1] = call_function[target=operator.getitem](args = (%chunk_2, 0), kwargs = {})
    %getitem_6 : [num_users=1] = call_function[target=operator.getitem](args = (%chunk_2, 1), kwargs = {})
    %mul_5 : [num_users=1] = call_function[target=torch.ops.aten.mul.Tensor](args = (%getitem_6, %p_encoder_encoder_layers_1_attention_gru_rel_pos_const), kwargs = {})
    %sub_3 : [num_users=1] = call_function[target=torch.ops.aten.sub.Tensor](args = (%mul_5, 1.0), kwargs = {})
    %mul_6 : [num_users=1] = call_function[target=torch.ops.aten.mul.Tensor](args = (%getitem_5, %sub_3), kwargs = {})
    %add_6 : [num_users=1] = call_function[target=torch.ops.aten.add.Tensor](args = (%mul_6, 2.0), kwargs = {})
    %view_16 : [num_users=1] = call_function[target=torch.ops.aten.view.default](args = (%add_6, [16, -1, 1]), kwargs = {})
    %mul_7 : [num_users=1] = call_function[target=torch.ops.aten.mul.Tensor](args = (%view_16, %view), kwargs = {})
    %view_17 : [num_users=1] = call_function[target=torch.ops.aten.view.default](args = (%mul_7, [-1, 149, 149]), kwargs = {})
    %transpose_22 : [num_users=3] = call_function[target=torch.ops.aten.transpose.int](args = (%layer_norm_10, 0, 1), kwargs = {})
    %cat_1 : [num_users=1] = call_function[target=torch.ops.aten.cat.default](args = ([%p_encoder_encoder_layers_1_attention_q_proj_bias, %p_encoder_encoder_layers_1_attention_k_proj_bias, %p_encoder_encoder_layers_1_attention_v_proj_bias],), kwargs = {})
    %chunk_3 : [num_users=3] = call_function[target=torch.ops.aten.chunk.default](args = (%cat_1, 3), kwargs = {})
    %getitem_7 : [num_users=1] = call_function[target=operator.getitem](args = (%chunk_3, 0), kwargs = {})
    %getitem_8 : [num_users=1] = call_function[target=operator.getitem](args = (%chunk_3, 1), kwargs = {})
    %getitem_9 : [num_users=1] = call_function[target=operator.getitem](args = (%chunk_3, 2), kwargs = {})
    %linear_9 : [num_users=1] = call_function[target=torch.ops.aten.linear.default](args = (%transpose_22, %p_encoder_encoder_layers_1_attention_q_proj_weight, %getitem_7), kwargs = {})
    %linear_10 : [num_users=1] = call_function[target=torch.ops.aten.linear.default](args = (%transpose_22, %p_encoder_encoder_layers_1_attention_k_proj_weight, %getitem_8), kwargs = {})
    %linear_11 : [num_users=1] = call_function[target=torch.ops.aten.linear.default](args = (%transpose_22, %p_encoder_encoder_layers_1_attention_v_proj_weight, %getitem_9), kwargs = {})
    %view_18 : [num_users=1] = call_function[target=torch.ops.aten.view.default](args = (%linear_9, [149, 16, 64]), kwargs = {})
    %transpose_23 : [num_users=1] = call_function[target=torch.ops.aten.transpose.int](args = (%view_18, 0, 1), kwargs = {})
    %view_19 : [num_users=1] = call_function[target=torch.ops.aten.view.default](args = (%linear_10, [149, 16, 64]), kwargs = {})
    %transpose_24 : [num_users=1] = call_function[target=torch.ops.aten.transpose.int](args = (%view_19, 0, 1), kwargs = {})
    %view_20 : [num_users=1] = call_function[target=torch.ops.aten.view.default](args = (%linear_11, [149, 16, 64]), kwargs = {})
    %transpose_25 : [num_users=1] = call_function[target=torch.ops.aten.transpose.int](args = (%view_20, 0, 1), kwargs = {})
    %view_21 : [num_users=1] = call_function[target=torch.ops.aten.view.default](args = (%view_17, [1, 16, -1, 149]), kwargs = {})
    %view_22 : [num_users=1] = call_function[target=torch.ops.aten.view.default](args = (%transpose_23, [1, 16, 149, 64]), kwargs = {})
    %view_23 : [num_users=1] = call_function[target=torch.ops.aten.view.default](args = (%transpose_24, [1, 16, 149, 64]), kwargs = {})
    %view_24 : [num_users=1] = call_function[target=torch.ops.aten.view.default](args = (%transpose_25, [1, 16, 149, 64]), kwargs = {})
    %mul_76 : [num_users=1] = call_function[target=torch.ops.aten.mul.Scalar](args = (%view_22, 0.3535533905932738), kwargs = {})
    %transpose_138 : [num_users=1] = call_function[target=torch.ops.aten.transpose.int](args = (%view_23, -2, -1), kwargs = {})
    %mul_77 : [num_users=1] = call_function[target=torch.ops.aten.mul.Scalar](args = (%transpose_138, 0.3535533905932738), kwargs = {})
    %expand_4 : [num_users=1] = call_function[target=torch.ops.aten.expand.default](args = (%mul_76, [1, 16, 149, 64]), kwargs = {})
    %view_319 : [num_users=1] = call_function[target=torch.ops.aten.view.default](args = (%expand_4, [16, 149, 64]), kwargs = {})
    %expand_5 : [num_users=1] = call_function[target=torch.ops.aten.expand.default](args = (%mul_77, [1, 16, 64, 149]), kwargs = {})
    %view_320 : [num_users=1] = call_function[target=torch.ops.aten.view.default](args = (%expand_5, [16, 64, 149]), kwargs = {})
    %bmm_2 : [num_users=1] = call_function[target=torch.ops.aten.bmm.default](args = (%view_319, %view_320), kwargs = {})
    %view_321 : [num_users=1] = call_function[target=torch.ops.aten.view.default](args = (%bmm_2, [1, 16, 149, 149]), kwargs = {})
    %add_76 : [num_users=1] = call_function[target=torch.ops.aten.add.Tensor](args = (%view_321, %view_21), kwargs = {})
    %_safe_softmax_1 : [num_users=1] = call_function[target=torch.ops.aten._safe_softmax.default](args = (%add_76, -1), kwargs = {})
    %expand_6 : [num_users=1] = call_function[target=torch.ops.aten.expand.default](args = (%_safe_softmax_1, [1, 16, 149, 149]), kwargs = {})
    %view_322 : [num_users=1] = call_function[target=torch.ops.aten.view.default](args = (%expand_6, [16, 149, 149]), kwargs = {})
    %expand_7 : [num_users=1] = call_function[target=torch.ops.aten.expand.default](args = (%view_24, [1, 16, 149, 64]), kwargs = {})
    %view_323 : [num_users=1] = call_function[target=torch.ops.aten.view.default](args = (%expand_7, [16, 149, 64]), kwargs = {})
    %bmm_3 : [num_users=1] = call_function[target=torch.ops.aten.bmm.default](args = (%view_322, %view_323), kwargs = {})
    %view_324 : [num_users=1] = call_function[target=torch.ops.aten.view.default](args = (%bmm_3, [1, 16, 149, 64]), kwargs = {})
    %permute_51 : [num_users=1] = call_function[target=torch.ops.aten.permute.default](args = (%view_324, [2, 0, 1, 3]), kwargs = {})
    %clone_1 : [num_users=1] = call_function[target=torch.ops.aten.clone.default](args = (%permute_51,), kwargs = {memory_format: torch.contiguous_format})
    %permute_52 : [num_users=1] = call_function[target=torch.ops.aten.permute.default](args = (%clone_1, [1, 2, 0, 3]), kwargs = {})
    %permute_4 : [num_users=1] = call_function[target=torch.ops.aten.permute.default](args = (%permute_52, [2, 0, 1, 3]), kwargs = {})
    %view_25 : [num_users=1] = call_function[target=torch.ops.aten.view.default](args = (%permute_4, [149, 1024]), kwargs = {})
    %linear_12 : [num_users=1] = call_function[target=torch.ops.aten.linear.default](args = (%view_25, %p_encoder_encoder_layers_1_attention_out_proj_weight, %p_encoder_encoder_layers_1_attention_out_proj_bias), kwargs = {})
    %view_26 : [num_users=1] = call_function[target=torch.ops.aten.view.default](args = (%linear_12, [149, 1, 1024]), kwargs = {})
    %transpose_26 : [num_users=1] = call_function[target=torch.ops.aten.transpose.int](args = (%view_26, 0, 1), kwargs = {})
    %dropout_5 : [num_users=1] = call_function[target=torch.ops.aten.dropout.default](args = (%transpose_26, 0.1, False), kwargs = {})
    %add_7 : [num_users=2] = call_function[target=torch.ops.aten.add.Tensor](args = (%add_5, %dropout_5), kwargs = {})
    %layer_norm_11 : [num_users=1] = call_function[target=torch.ops.aten.layer_norm.default](args = (%add_7, [1024], %p_encoder_encoder_layers_1_final_layer_norm_weight, %p_encoder_encoder_layers_1_final_layer_norm_bias, 1e-05, False), kwargs = {})
    %linear_13 : [num_users=1] = call_function[target=torch.ops.aten.linear.default](args = (%layer_norm_11, %p_encoder_encoder_layers_1_feed_forward_intermediate_dense_weight, %p_encoder_encoder_layers_1_feed_forward_intermediate_dense_bias), kwargs = {})
    %gelu_9 : [num_users=1] = call_function[target=torch.ops.aten.gelu.default](args = (%linear_13,), kwargs = {})
    %dropout_6 : [num_users=1] = call_function[target=torch.ops.aten.dropout.default](args = (%gelu_9, 0.0, False), kwargs = {})
    %linear_14 : [num_users=1] = call_function[target=torch.ops.aten.linear.default](args = (%dropout_6, %p_encoder_encoder_layers_1_feed_forward_output_dense_weight, %p_encoder_encoder_layers_1_feed_forward_output_dense_bias), kwargs = {})
    %dropout_7 : [num_users=1] = call_function[target=torch.ops.aten.dropout.default](args = (%linear_14, 0.1, False), kwargs = {})
    %add_8 : [num_users=2] = call_function[target=torch.ops.aten.add.Tensor](args = (%add_7, %dropout_7), kwargs = {})
    %rand_2 : [num_users=0] = call_function[target=torch.ops.aten.rand.default](args = ([],), kwargs = {device: cpu, pin_memory: False})
    %layer_norm_12 : [num_users=2] = call_function[target=torch.ops.aten.layer_norm.default](args = (%add_8, [1024], %p_encoder_encoder_layers_2_layer_norm_weight, %p_encoder_encoder_layers_2_layer_norm_bias, 1e-05, False), kwargs = {})
    %view_27 : [num_users=1] = call_function[target=torch.ops.aten.view.default](args = (%layer_norm_12, [1, 149, 16, -1]), kwargs = {})
    %permute_5 : [num_users=1] = call_function[target=torch.ops.aten.permute.default](args = (%view_27, [0, 2, 1, 3]), kwargs = {})
    %linear_15 : [num_users=1] = call_function[target=torch.ops.aten.linear.default](args = (%permute_5, %p_encoder_encoder_layers_2_attention_gru_rel_pos_linear_weight, %p_encoder_encoder_layers_2_attention_gru_rel_pos_linear_bias), kwargs = {})
    %view_28 : [num_users=1] = call_function[target=torch.ops.aten.view.default](args = (%linear_15, [1, 16, 149, 2, 4]), kwargs = {})
    %sum_3 : [num_users=1] = call_function[target=torch.ops.aten.sum.dim_IntList](args = (%view_28, [-1]), kwargs = {})
    %sigmoid_2 : [num_users=1] = call_function[target=torch.ops.aten.sigmoid.default](args = (%sum_3,), kwargs = {})
    %chunk_4 : [num_users=2] = call_function[target=torch.ops.aten.chunk.default](args = (%sigmoid_2, 2, -1), kwargs = {})
    %getitem_10 : [num_users=1] = call_function[target=operator.getitem](args = (%chunk_4, 0), kwargs = {})
    %getitem_11 : [num_users=1] = call_function[target=operator.getitem](args = (%chunk_4, 1), kwargs = {})
    %mul_8 : [num_users=1] = call_function[target=torch.ops.aten.mul.Tensor](args = (%getitem_11, %p_encoder_encoder_layers_2_attention_gru_rel_pos_const), kwargs = {})
    %sub_4 : [num_users=1] = call_function[target=torch.ops.aten.sub.Tensor](args = (%mul_8, 1.0), kwargs = {})
    %mul_9 : [num_users=1] = call_function[target=torch.ops.aten.mul.Tensor](args = (%getitem_10, %sub_4), kwargs = {})
    %add_9 : [num_users=1] = call_function[target=torch.ops.aten.add.Tensor](args = (%mul_9, 2.0), kwargs = {})
    %view_29 : [num_users=1] = call_function[target=torch.ops.aten.view.default](args = (%add_9, [16, -1, 1]), kwargs = {})
    %mul_10 : [num_users=1] = call_function[target=torch.ops.aten.mul.Tensor](args = (%view_29, %view), kwargs = {})
    %view_30 : [num_users=1] = call_function[target=torch.ops.aten.view.default](args = (%mul_10, [-1, 149, 149]), kwargs = {})
    %transpose_27 : [num_users=3] = call_function[target=torch.ops.aten.transpose.int](args = (%layer_norm_12, 0, 1), kwargs = {})
    %cat_2 : [num_users=1] = call_function[target=torch.ops.aten.cat.default](args = ([%p_encoder_encoder_layers_2_attention_q_proj_bias, %p_encoder_encoder_layers_2_attention_k_proj_bias, %p_encoder_encoder_layers_2_attention_v_proj_bias],), kwargs = {})
    %chunk_5 : [num_users=3] = call_function[target=torch.ops.aten.chunk.default](args = (%cat_2, 3), kwargs = {})
    %getitem_12 : [num_users=1] = call_function[target=operator.getitem](args = (%chunk_5, 0), kwargs = {})
    %getitem_13 : [num_users=1] = call_function[target=operator.getitem](args = (%chunk_5, 1), kwargs = {})
    %getitem_14 : [num_users=1] = call_function[target=operator.getitem](args = (%chunk_5, 2), kwargs = {})
    %linear_16 : [num_users=1] = call_function[target=torch.ops.aten.linear.default](args = (%transpose_27, %p_encoder_encoder_layers_2_attention_q_proj_weight, %getitem_12), kwargs = {})
    %linear_17 : [num_users=1] = call_function[target=torch.ops.aten.linear.default](args = (%transpose_27, %p_encoder_encoder_layers_2_attention_k_proj_weight, %getitem_13), kwargs = {})
    %linear_18 : [num_users=1] = call_function[target=torch.ops.aten.linear.default](args = (%transpose_27, %p_encoder_encoder_layers_2_attention_v_proj_weight, %getitem_14), kwargs = {})
    %view_31 : [num_users=1] = call_function[target=torch.ops.aten.view.default](args = (%linear_16, [149, 16, 64]), kwargs = {})
    %transpose_28 : [num_users=1] = call_function[target=torch.ops.aten.transpose.int](args = (%view_31, 0, 1), kwargs = {})
    %view_32 : [num_users=1] = call_function[target=torch.ops.aten.view.default](args = (%linear_17, [149, 16, 64]), kwargs = {})
    %transpose_29 : [num_users=1] = call_function[target=torch.ops.aten.transpose.int](args = (%view_32, 0, 1), kwargs = {})
    %view_33 : [num_users=1] = call_function[target=torch.ops.aten.view.default](args = (%linear_18, [149, 16, 64]), kwargs = {})
    %transpose_30 : [num_users=1] = call_function[target=torch.ops.aten.transpose.int](args = (%view_33, 0, 1), kwargs = {})
    %view_34 : [num_users=1] = call_function[target=torch.ops.aten.view.default](args = (%view_30, [1, 16, -1, 149]), kwargs = {})
    %view_35 : [num_users=1] = call_function[target=torch.ops.aten.view.default](args = (%transpose_28, [1, 16, 149, 64]), kwargs = {})
    %view_36 : [num_users=1] = call_function[target=torch.ops.aten.view.default](args = (%transpose_29, [1, 16, 149, 64]), kwargs = {})
    %view_37 : [num_users=1] = call_function[target=torch.ops.aten.view.default](args = (%transpose_30, [1, 16, 149, 64]), kwargs = {})
    %mul_78 : [num_users=1] = call_function[target=torch.ops.aten.mul.Scalar](args = (%view_35, 0.3535533905932738), kwargs = {})
    %transpose_139 : [num_users=1] = call_function[target=torch.ops.aten.transpose.int](args = (%view_36, -2, -1), kwargs = {})
    %mul_79 : [num_users=1] = call_function[target=torch.ops.aten.mul.Scalar](args = (%transpose_139, 0.3535533905932738), kwargs = {})
    %expand_8 : [num_users=1] = call_function[target=torch.ops.aten.expand.default](args = (%mul_78, [1, 16, 149, 64]), kwargs = {})
    %view_325 : [num_users=1] = call_function[target=torch.ops.aten.view.default](args = (%expand_8, [16, 149, 64]), kwargs = {})
    %expand_9 : [num_users=1] = call_function[target=torch.ops.aten.expand.default](args = (%mul_79, [1, 16, 64, 149]), kwargs = {})
    %view_326 : [num_users=1] = call_function[target=torch.ops.aten.view.default](args = (%expand_9, [16, 64, 149]), kwargs = {})
    %bmm_4 : [num_users=1] = call_function[target=torch.ops.aten.bmm.default](args = (%view_325, %view_326), kwargs = {})
    %view_327 : [num_users=1] = call_function[target=torch.ops.aten.view.default](args = (%bmm_4, [1, 16, 149, 149]), kwargs = {})
    %add_77 : [num_users=1] = call_function[target=torch.ops.aten.add.Tensor](args = (%view_327, %view_34), kwargs = {})
    %_safe_softmax_2 : [num_users=1] = call_function[target=torch.ops.aten._safe_softmax.default](args = (%add_77, -1), kwargs = {})
    %expand_10 : [num_users=1] = call_function[target=torch.ops.aten.expand.default](args = (%_safe_softmax_2, [1, 16, 149, 149]), kwargs = {})
    %view_328 : [num_users=1] = call_function[target=torch.ops.aten.view.default](args = (%expand_10, [16, 149, 149]), kwargs = {})
    %expand_11 : [num_users=1] = call_function[target=torch.ops.aten.expand.default](args = (%view_37, [1, 16, 149, 64]), kwargs = {})
    %view_329 : [num_users=1] = call_function[target=torch.ops.aten.view.default](args = (%expand_11, [16, 149, 64]), kwargs = {})
    %bmm_5 : [num_users=1] = call_function[target=torch.ops.aten.bmm.default](args = (%view_328, %view_329), kwargs = {})
    %view_330 : [num_users=1] = call_function[target=torch.ops.aten.view.default](args = (%bmm_5, [1, 16, 149, 64]), kwargs = {})
    %permute_53 : [num_users=1] = call_function[target=torch.ops.aten.permute.default](args = (%view_330, [2, 0, 1, 3]), kwargs = {})
    %clone_2 : [num_users=1] = call_function[target=torch.ops.aten.clone.default](args = (%permute_53,), kwargs = {memory_format: torch.contiguous_format})
    %permute_54 : [num_users=1] = call_function[target=torch.ops.aten.permute.default](args = (%clone_2, [1, 2, 0, 3]), kwargs = {})
    %permute_6 : [num_users=1] = call_function[target=torch.ops.aten.permute.default](args = (%permute_54, [2, 0, 1, 3]), kwargs = {})
    %view_38 : [num_users=1] = call_function[target=torch.ops.aten.view.default](args = (%permute_6, [149, 1024]), kwargs = {})
    %linear_19 : [num_users=1] = call_function[target=torch.ops.aten.linear.default](args = (%view_38, %p_encoder_encoder_layers_2_attention_out_proj_weight, %p_encoder_encoder_layers_2_attention_out_proj_bias), kwargs = {})
    %view_39 : [num_users=1] = call_function[target=torch.ops.aten.view.default](args = (%linear_19, [149, 1, 1024]), kwargs = {})
    %transpose_31 : [num_users=1] = call_function[target=torch.ops.aten.transpose.int](args = (%view_39, 0, 1), kwargs = {})
    %dropout_8 : [num_users=1] = call_function[target=torch.ops.aten.dropout.default](args = (%transpose_31, 0.1, False), kwargs = {})
    %add_10 : [num_users=2] = call_function[target=torch.ops.aten.add.Tensor](args = (%add_8, %dropout_8), kwargs = {})
    %layer_norm_13 : [num_users=1] = call_function[target=torch.ops.aten.layer_norm.default](args = (%add_10, [1024], %p_encoder_encoder_layers_2_final_layer_norm_weight, %p_encoder_encoder_layers_2_final_layer_norm_bias, 1e-05, False), kwargs = {})
    %linear_20 : [num_users=1] = call_function[target=torch.ops.aten.linear.default](args = (%layer_norm_13, %p_encoder_encoder_layers_2_feed_forward_intermediate_dense_weight, %p_encoder_encoder_layers_2_feed_forward_intermediate_dense_bias), kwargs = {})
    %gelu_10 : [num_users=1] = call_function[target=torch.ops.aten.gelu.default](args = (%linear_20,), kwargs = {})
    %dropout_9 : [num_users=1] = call_function[target=torch.ops.aten.dropout.default](args = (%gelu_10, 0.0, False), kwargs = {})
    %linear_21 : [num_users=1] = call_function[target=torch.ops.aten.linear.default](args = (%dropout_9, %p_encoder_encoder_layers_2_feed_forward_output_dense_weight, %p_encoder_encoder_layers_2_feed_forward_output_dense_bias), kwargs = {})
    %dropout_10 : [num_users=1] = call_function[target=torch.ops.aten.dropout.default](args = (%linear_21, 0.1, False), kwargs = {})
    %add_11 : [num_users=2] = call_function[target=torch.ops.aten.add.Tensor](args = (%add_10, %dropout_10), kwargs = {})
    %rand_3 : [num_users=0] = call_function[target=torch.ops.aten.rand.default](args = ([],), kwargs = {device: cpu, pin_memory: False})
    %layer_norm_14 : [num_users=2] = call_function[target=torch.ops.aten.layer_norm.default](args = (%add_11, [1024], %p_encoder_encoder_layers_3_layer_norm_weight, %p_encoder_encoder_layers_3_layer_norm_bias, 1e-05, False), kwargs = {})
    %view_40 : [num_users=1] = call_function[target=torch.ops.aten.view.default](args = (%layer_norm_14, [1, 149, 16, -1]), kwargs = {})
    %permute_7 : [num_users=1] = call_function[target=torch.ops.aten.permute.default](args = (%view_40, [0, 2, 1, 3]), kwargs = {})
    %linear_22 : [num_users=1] = call_function[target=torch.ops.aten.linear.default](args = (%permute_7, %p_encoder_encoder_layers_3_attention_gru_rel_pos_linear_weight, %p_encoder_encoder_layers_3_attention_gru_rel_pos_linear_bias), kwargs = {})
    %view_41 : [num_users=1] = call_function[target=torch.ops.aten.view.default](args = (%linear_22, [1, 16, 149, 2, 4]), kwargs = {})
    %sum_4 : [num_users=1] = call_function[target=torch.ops.aten.sum.dim_IntList](args = (%view_41, [-1]), kwargs = {})
    %sigmoid_3 : [num_users=1] = call_function[target=torch.ops.aten.sigmoid.default](args = (%sum_4,), kwargs = {})
    %chunk_6 : [num_users=2] = call_function[target=torch.ops.aten.chunk.default](args = (%sigmoid_3, 2, -1), kwargs = {})
    %getitem_15 : [num_users=1] = call_function[target=operator.getitem](args = (%chunk_6, 0), kwargs = {})
    %getitem_16 : [num_users=1] = call_function[target=operator.getitem](args = (%chunk_6, 1), kwargs = {})
    %mul_11 : [num_users=1] = call_function[target=torch.ops.aten.mul.Tensor](args = (%getitem_16, %p_encoder_encoder_layers_3_attention_gru_rel_pos_const), kwargs = {})
    %sub_5 : [num_users=1] = call_function[target=torch.ops.aten.sub.Tensor](args = (%mul_11, 1.0), kwargs = {})
    %mul_12 : [num_users=1] = call_function[target=torch.ops.aten.mul.Tensor](args = (%getitem_15, %sub_5), kwargs = {})
    %add_12 : [num_users=1] = call_function[target=torch.ops.aten.add.Tensor](args = (%mul_12, 2.0), kwargs = {})
    %view_42 : [num_users=1] = call_function[target=torch.ops.aten.view.default](args = (%add_12, [16, -1, 1]), kwargs = {})
    %mul_13 : [num_users=1] = call_function[target=torch.ops.aten.mul.Tensor](args = (%view_42, %view), kwargs = {})
    %view_43 : [num_users=1] = call_function[target=torch.ops.aten.view.default](args = (%mul_13, [-1, 149, 149]), kwargs = {})
    %transpose_32 : [num_users=3] = call_function[target=torch.ops.aten.transpose.int](args = (%layer_norm_14, 0, 1), kwargs = {})
    %cat_3 : [num_users=1] = call_function[target=torch.ops.aten.cat.default](args = ([%p_encoder_encoder_layers_3_attention_q_proj_bias, %p_encoder_encoder_layers_3_attention_k_proj_bias, %p_encoder_encoder_layers_3_attention_v_proj_bias],), kwargs = {})
    %chunk_7 : [num_users=3] = call_function[target=torch.ops.aten.chunk.default](args = (%cat_3, 3), kwargs = {})
    %getitem_17 : [num_users=1] = call_function[target=operator.getitem](args = (%chunk_7, 0), kwargs = {})
    %getitem_18 : [num_users=1] = call_function[target=operator.getitem](args = (%chunk_7, 1), kwargs = {})
    %getitem_19 : [num_users=1] = call_function[target=operator.getitem](args = (%chunk_7, 2), kwargs = {})
    %linear_23 : [num_users=1] = call_function[target=torch.ops.aten.linear.default](args = (%transpose_32, %p_encoder_encoder_layers_3_attention_q_proj_weight, %getitem_17), kwargs = {})
    %linear_24 : [num_users=1] = call_function[target=torch.ops.aten.linear.default](args = (%transpose_32, %p_encoder_encoder_layers_3_attention_k_proj_weight, %getitem_18), kwargs = {})
    %linear_25 : [num_users=1] = call_function[target=torch.ops.aten.linear.default](args = (%transpose_32, %p_encoder_encoder_layers_3_attention_v_proj_weight, %getitem_19), kwargs = {})
    %view_44 : [num_users=1] = call_function[target=torch.ops.aten.view.default](args = (%linear_23, [149, 16, 64]), kwargs = {})
    %transpose_33 : [num_users=1] = call_function[target=torch.ops.aten.transpose.int](args = (%view_44, 0, 1), kwargs = {})
    %view_45 : [num_users=1] = call_function[target=torch.ops.aten.view.default](args = (%linear_24, [149, 16, 64]), kwargs = {})
    %transpose_34 : [num_users=1] = call_function[target=torch.ops.aten.transpose.int](args = (%view_45, 0, 1), kwargs = {})
    %view_46 : [num_users=1] = call_function[target=torch.ops.aten.view.default](args = (%linear_25, [149, 16, 64]), kwargs = {})
    %transpose_35 : [num_users=1] = call_function[target=torch.ops.aten.transpose.int](args = (%view_46, 0, 1), kwargs = {})
    %view_47 : [num_users=1] = call_function[target=torch.ops.aten.view.default](args = (%view_43, [1, 16, -1, 149]), kwargs = {})
    %view_48 : [num_users=1] = call_function[target=torch.ops.aten.view.default](args = (%transpose_33, [1, 16, 149, 64]), kwargs = {})
    %view_49 : [num_users=1] = call_function[target=torch.ops.aten.view.default](args = (%transpose_34, [1, 16, 149, 64]), kwargs = {})
    %view_50 : [num_users=1] = call_function[target=torch.ops.aten.view.default](args = (%transpose_35, [1, 16, 149, 64]), kwargs = {})
    %mul_80 : [num_users=1] = call_function[target=torch.ops.aten.mul.Scalar](args = (%view_48, 0.3535533905932738), kwargs = {})
    %transpose_140 : [num_users=1] = call_function[target=torch.ops.aten.transpose.int](args = (%view_49, -2, -1), kwargs = {})
    %mul_81 : [num_users=1] = call_function[target=torch.ops.aten.mul.Scalar](args = (%transpose_140, 0.3535533905932738), kwargs = {})
    %expand_12 : [num_users=1] = call_function[target=torch.ops.aten.expand.default](args = (%mul_80, [1, 16, 149, 64]), kwargs = {})
    %view_331 : [num_users=1] = call_function[target=torch.ops.aten.view.default](args = (%expand_12, [16, 149, 64]), kwargs = {})
    %expand_13 : [num_users=1] = call_function[target=torch.ops.aten.expand.default](args = (%mul_81, [1, 16, 64, 149]), kwargs = {})
    %view_332 : [num_users=1] = call_function[target=torch.ops.aten.view.default](args = (%expand_13, [16, 64, 149]), kwargs = {})
    %bmm_6 : [num_users=1] = call_function[target=torch.ops.aten.bmm.default](args = (%view_331, %view_332), kwargs = {})
    %view_333 : [num_users=1] = call_function[target=torch.ops.aten.view.default](args = (%bmm_6, [1, 16, 149, 149]), kwargs = {})
    %add_78 : [num_users=1] = call_function[target=torch.ops.aten.add.Tensor](args = (%view_333, %view_47), kwargs = {})
    %_safe_softmax_3 : [num_users=1] = call_function[target=torch.ops.aten._safe_softmax.default](args = (%add_78, -1), kwargs = {})
    %expand_14 : [num_users=1] = call_function[target=torch.ops.aten.expand.default](args = (%_safe_softmax_3, [1, 16, 149, 149]), kwargs = {})
    %view_334 : [num_users=1] = call_function[target=torch.ops.aten.view.default](args = (%expand_14, [16, 149, 149]), kwargs = {})
    %expand_15 : [num_users=1] = call_function[target=torch.ops.aten.expand.default](args = (%view_50, [1, 16, 149, 64]), kwargs = {})
    %view_335 : [num_users=1] = call_function[target=torch.ops.aten.view.default](args = (%expand_15, [16, 149, 64]), kwargs = {})
    %bmm_7 : [num_users=1] = call_function[target=torch.ops.aten.bmm.default](args = (%view_334, %view_335), kwargs = {})
    %view_336 : [num_users=1] = call_function[target=torch.ops.aten.view.default](args = (%bmm_7, [1, 16, 149, 64]), kwargs = {})
    %permute_55 : [num_users=1] = call_function[target=torch.ops.aten.permute.default](args = (%view_336, [2, 0, 1, 3]), kwargs = {})
    %clone_3 : [num_users=1] = call_function[target=torch.ops.aten.clone.default](args = (%permute_55,), kwargs = {memory_format: torch.contiguous_format})
    %permute_56 : [num_users=1] = call_function[target=torch.ops.aten.permute.default](args = (%clone_3, [1, 2, 0, 3]), kwargs = {})
    %permute_8 : [num_users=1] = call_function[target=torch.ops.aten.permute.default](args = (%permute_56, [2, 0, 1, 3]), kwargs = {})
    %view_51 : [num_users=1] = call_function[target=torch.ops.aten.view.default](args = (%permute_8, [149, 1024]), kwargs = {})
    %linear_26 : [num_users=1] = call_function[target=torch.ops.aten.linear.default](args = (%view_51, %p_encoder_encoder_layers_3_attention_out_proj_weight, %p_encoder_encoder_layers_3_attention_out_proj_bias), kwargs = {})
    %view_52 : [num_users=1] = call_function[target=torch.ops.aten.view.default](args = (%linear_26, [149, 1, 1024]), kwargs = {})
    %transpose_36 : [num_users=1] = call_function[target=torch.ops.aten.transpose.int](args = (%view_52, 0, 1), kwargs = {})
    %dropout_11 : [num_users=1] = call_function[target=torch.ops.aten.dropout.default](args = (%transpose_36, 0.1, False), kwargs = {})
    %add_13 : [num_users=2] = call_function[target=torch.ops.aten.add.Tensor](args = (%add_11, %dropout_11), kwargs = {})
    %layer_norm_15 : [num_users=1] = call_function[target=torch.ops.aten.layer_norm.default](args = (%add_13, [1024], %p_encoder_encoder_layers_3_final_layer_norm_weight, %p_encoder_encoder_layers_3_final_layer_norm_bias, 1e-05, False), kwargs = {})
    %linear_27 : [num_users=1] = call_function[target=torch.ops.aten.linear.default](args = (%layer_norm_15, %p_encoder_encoder_layers_3_feed_forward_intermediate_dense_weight, %p_encoder_encoder_layers_3_feed_forward_intermediate_dense_bias), kwargs = {})
    %gelu_11 : [num_users=1] = call_function[target=torch.ops.aten.gelu.default](args = (%linear_27,), kwargs = {})
    %dropout_12 : [num_users=1] = call_function[target=torch.ops.aten.dropout.default](args = (%gelu_11, 0.0, False), kwargs = {})
    %linear_28 : [num_users=1] = call_function[target=torch.ops.aten.linear.default](args = (%dropout_12, %p_encoder_encoder_layers_3_feed_forward_output_dense_weight, %p_encoder_encoder_layers_3_feed_forward_output_dense_bias), kwargs = {})
    %dropout_13 : [num_users=1] = call_function[target=torch.ops.aten.dropout.default](args = (%linear_28, 0.1, False), kwargs = {})
    %add_14 : [num_users=2] = call_function[target=torch.ops.aten.add.Tensor](args = (%add_13, %dropout_13), kwargs = {})
    %rand_4 : [num_users=0] = call_function[target=torch.ops.aten.rand.default](args = ([],), kwargs = {device: cpu, pin_memory: False})
    %layer_norm_16 : [num_users=2] = call_function[target=torch.ops.aten.layer_norm.default](args = (%add_14, [1024], %p_encoder_encoder_layers_4_layer_norm_weight, %p_encoder_encoder_layers_4_layer_norm_bias, 1e-05, False), kwargs = {})
    %view_53 : [num_users=1] = call_function[target=torch.ops.aten.view.default](args = (%layer_norm_16, [1, 149, 16, -1]), kwargs = {})
    %permute_9 : [num_users=1] = call_function[target=torch.ops.aten.permute.default](args = (%view_53, [0, 2, 1, 3]), kwargs = {})
    %linear_29 : [num_users=1] = call_function[target=torch.ops.aten.linear.default](args = (%permute_9, %p_encoder_encoder_layers_4_attention_gru_rel_pos_linear_weight, %p_encoder_encoder_layers_4_attention_gru_rel_pos_linear_bias), kwargs = {})
    %view_54 : [num_users=1] = call_function[target=torch.ops.aten.view.default](args = (%linear_29, [1, 16, 149, 2, 4]), kwargs = {})
    %sum_5 : [num_users=1] = call_function[target=torch.ops.aten.sum.dim_IntList](args = (%view_54, [-1]), kwargs = {})
    %sigmoid_4 : [num_users=1] = call_function[target=torch.ops.aten.sigmoid.default](args = (%sum_5,), kwargs = {})
    %chunk_8 : [num_users=2] = call_function[target=torch.ops.aten.chunk.default](args = (%sigmoid_4, 2, -1), kwargs = {})
    %getitem_20 : [num_users=1] = call_function[target=operator.getitem](args = (%chunk_8, 0), kwargs = {})
    %getitem_21 : [num_users=1] = call_function[target=operator.getitem](args = (%chunk_8, 1), kwargs = {})
    %mul_14 : [num_users=1] = call_function[target=torch.ops.aten.mul.Tensor](args = (%getitem_21, %p_encoder_encoder_layers_4_attention_gru_rel_pos_const), kwargs = {})
    %sub_6 : [num_users=1] = call_function[target=torch.ops.aten.sub.Tensor](args = (%mul_14, 1.0), kwargs = {})
    %mul_15 : [num_users=1] = call_function[target=torch.ops.aten.mul.Tensor](args = (%getitem_20, %sub_6), kwargs = {})
    %add_15 : [num_users=1] = call_function[target=torch.ops.aten.add.Tensor](args = (%mul_15, 2.0), kwargs = {})
    %view_55 : [num_users=1] = call_function[target=torch.ops.aten.view.default](args = (%add_15, [16, -1, 1]), kwargs = {})
    %mul_16 : [num_users=1] = call_function[target=torch.ops.aten.mul.Tensor](args = (%view_55, %view), kwargs = {})
    %view_56 : [num_users=1] = call_function[target=torch.ops.aten.view.default](args = (%mul_16, [-1, 149, 149]), kwargs = {})
    %transpose_37 : [num_users=3] = call_function[target=torch.ops.aten.transpose.int](args = (%layer_norm_16, 0, 1), kwargs = {})
    %cat_4 : [num_users=1] = call_function[target=torch.ops.aten.cat.default](args = ([%p_encoder_encoder_layers_4_attention_q_proj_bias, %p_encoder_encoder_layers_4_attention_k_proj_bias, %p_encoder_encoder_layers_4_attention_v_proj_bias],), kwargs = {})
    %chunk_9 : [num_users=3] = call_function[target=torch.ops.aten.chunk.default](args = (%cat_4, 3), kwargs = {})
    %getitem_22 : [num_users=1] = call_function[target=operator.getitem](args = (%chunk_9, 0), kwargs = {})
    %getitem_23 : [num_users=1] = call_function[target=operator.getitem](args = (%chunk_9, 1), kwargs = {})
    %getitem_24 : [num_users=1] = call_function[target=operator.getitem](args = (%chunk_9, 2), kwargs = {})
    %linear_30 : [num_users=1] = call_function[target=torch.ops.aten.linear.default](args = (%transpose_37, %p_encoder_encoder_layers_4_attention_q_proj_weight, %getitem_22), kwargs = {})
    %linear_31 : [num_users=1] = call_function[target=torch.ops.aten.linear.default](args = (%transpose_37, %p_encoder_encoder_layers_4_attention_k_proj_weight, %getitem_23), kwargs = {})
    %linear_32 : [num_users=1] = call_function[target=torch.ops.aten.linear.default](args = (%transpose_37, %p_encoder_encoder_layers_4_attention_v_proj_weight, %getitem_24), kwargs = {})
    %view_57 : [num_users=1] = call_function[target=torch.ops.aten.view.default](args = (%linear_30, [149, 16, 64]), kwargs = {})
    %transpose_38 : [num_users=1] = call_function[target=torch.ops.aten.transpose.int](args = (%view_57, 0, 1), kwargs = {})
    %view_58 : [num_users=1] = call_function[target=torch.ops.aten.view.default](args = (%linear_31, [149, 16, 64]), kwargs = {})
    %transpose_39 : [num_users=1] = call_function[target=torch.ops.aten.transpose.int](args = (%view_58, 0, 1), kwargs = {})
    %view_59 : [num_users=1] = call_function[target=torch.ops.aten.view.default](args = (%linear_32, [149, 16, 64]), kwargs = {})
    %transpose_40 : [num_users=1] = call_function[target=torch.ops.aten.transpose.int](args = (%view_59, 0, 1), kwargs = {})
    %view_60 : [num_users=1] = call_function[target=torch.ops.aten.view.default](args = (%view_56, [1, 16, -1, 149]), kwargs = {})
    %view_61 : [num_users=1] = call_function[target=torch.ops.aten.view.default](args = (%transpose_38, [1, 16, 149, 64]), kwargs = {})
    %view_62 : [num_users=1] = call_function[target=torch.ops.aten.view.default](args = (%transpose_39, [1, 16, 149, 64]), kwargs = {})
    %view_63 : [num_users=1] = call_function[target=torch.ops.aten.view.default](args = (%transpose_40, [1, 16, 149, 64]), kwargs = {})
    %mul_82 : [num_users=1] = call_function[target=torch.ops.aten.mul.Scalar](args = (%view_61, 0.3535533905932738), kwargs = {})
    %transpose_141 : [num_users=1] = call_function[target=torch.ops.aten.transpose.int](args = (%view_62, -2, -1), kwargs = {})
    %mul_83 : [num_users=1] = call_function[target=torch.ops.aten.mul.Scalar](args = (%transpose_141, 0.3535533905932738), kwargs = {})
    %expand_16 : [num_users=1] = call_function[target=torch.ops.aten.expand.default](args = (%mul_82, [1, 16, 149, 64]), kwargs = {})
    %view_337 : [num_users=1] = call_function[target=torch.ops.aten.view.default](args = (%expand_16, [16, 149, 64]), kwargs = {})
    %expand_17 : [num_users=1] = call_function[target=torch.ops.aten.expand.default](args = (%mul_83, [1, 16, 64, 149]), kwargs = {})
    %view_338 : [num_users=1] = call_function[target=torch.ops.aten.view.default](args = (%expand_17, [16, 64, 149]), kwargs = {})
    %bmm_8 : [num_users=1] = call_function[target=torch.ops.aten.bmm.default](args = (%view_337, %view_338), kwargs = {})
    %view_339 : [num_users=1] = call_function[target=torch.ops.aten.view.default](args = (%bmm_8, [1, 16, 149, 149]), kwargs = {})
    %add_79 : [num_users=1] = call_function[target=torch.ops.aten.add.Tensor](args = (%view_339, %view_60), kwargs = {})
    %_safe_softmax_4 : [num_users=1] = call_function[target=torch.ops.aten._safe_softmax.default](args = (%add_79, -1), kwargs = {})
    %expand_18 : [num_users=1] = call_function[target=torch.ops.aten.expand.default](args = (%_safe_softmax_4, [1, 16, 149, 149]), kwargs = {})
    %view_340 : [num_users=1] = call_function[target=torch.ops.aten.view.default](args = (%expand_18, [16, 149, 149]), kwargs = {})
    %expand_19 : [num_users=1] = call_function[target=torch.ops.aten.expand.default](args = (%view_63, [1, 16, 149, 64]), kwargs = {})
    %view_341 : [num_users=1] = call_function[target=torch.ops.aten.view.default](args = (%expand_19, [16, 149, 64]), kwargs = {})
    %bmm_9 : [num_users=1] = call_function[target=torch.ops.aten.bmm.default](args = (%view_340, %view_341), kwargs = {})
    %view_342 : [num_users=1] = call_function[target=torch.ops.aten.view.default](args = (%bmm_9, [1, 16, 149, 64]), kwargs = {})
    %permute_57 : [num_users=1] = call_function[target=torch.ops.aten.permute.default](args = (%view_342, [2, 0, 1, 3]), kwargs = {})
    %clone_4 : [num_users=1] = call_function[target=torch.ops.aten.clone.default](args = (%permute_57,), kwargs = {memory_format: torch.contiguous_format})
    %permute_58 : [num_users=1] = call_function[target=torch.ops.aten.permute.default](args = (%clone_4, [1, 2, 0, 3]), kwargs = {})
    %permute_10 : [num_users=1] = call_function[target=torch.ops.aten.permute.default](args = (%permute_58, [2, 0, 1, 3]), kwargs = {})
    %view_64 : [num_users=1] = call_function[target=torch.ops.aten.view.default](args = (%permute_10, [149, 1024]), kwargs = {})
    %linear_33 : [num_users=1] = call_function[target=torch.ops.aten.linear.default](args = (%view_64, %p_encoder_encoder_layers_4_attention_out_proj_weight, %p_encoder_encoder_layers_4_attention_out_proj_bias), kwargs = {})
    %view_65 : [num_users=1] = call_function[target=torch.ops.aten.view.default](args = (%linear_33, [149, 1, 1024]), kwargs = {})
    %transpose_41 : [num_users=1] = call_function[target=torch.ops.aten.transpose.int](args = (%view_65, 0, 1), kwargs = {})
    %dropout_14 : [num_users=1] = call_function[target=torch.ops.aten.dropout.default](args = (%transpose_41, 0.1, False), kwargs = {})
    %add_16 : [num_users=2] = call_function[target=torch.ops.aten.add.Tensor](args = (%add_14, %dropout_14), kwargs = {})
    %layer_norm_17 : [num_users=1] = call_function[target=torch.ops.aten.layer_norm.default](args = (%add_16, [1024], %p_encoder_encoder_layers_4_final_layer_norm_weight, %p_encoder_encoder_layers_4_final_layer_norm_bias, 1e-05, False), kwargs = {})
    %linear_34 : [num_users=1] = call_function[target=torch.ops.aten.linear.default](args = (%layer_norm_17, %p_encoder_encoder_layers_4_feed_forward_intermediate_dense_weight, %p_encoder_encoder_layers_4_feed_forward_intermediate_dense_bias), kwargs = {})
    %gelu_12 : [num_users=1] = call_function[target=torch.ops.aten.gelu.default](args = (%linear_34,), kwargs = {})
    %dropout_15 : [num_users=1] = call_function[target=torch.ops.aten.dropout.default](args = (%gelu_12, 0.0, False), kwargs = {})
    %linear_35 : [num_users=1] = call_function[target=torch.ops.aten.linear.default](args = (%dropout_15, %p_encoder_encoder_layers_4_feed_forward_output_dense_weight, %p_encoder_encoder_layers_4_feed_forward_output_dense_bias), kwargs = {})
    %dropout_16 : [num_users=1] = call_function[target=torch.ops.aten.dropout.default](args = (%linear_35, 0.1, False), kwargs = {})
    %add_17 : [num_users=2] = call_function[target=torch.ops.aten.add.Tensor](args = (%add_16, %dropout_16), kwargs = {})
    %rand_5 : [num_users=0] = call_function[target=torch.ops.aten.rand.default](args = ([],), kwargs = {device: cpu, pin_memory: False})
    %layer_norm_18 : [num_users=2] = call_function[target=torch.ops.aten.layer_norm.default](args = (%add_17, [1024], %p_encoder_encoder_layers_5_layer_norm_weight, %p_encoder_encoder_layers_5_layer_norm_bias, 1e-05, False), kwargs = {})
    %view_66 : [num_users=1] = call_function[target=torch.ops.aten.view.default](args = (%layer_norm_18, [1, 149, 16, -1]), kwargs = {})
    %permute_11 : [num_users=1] = call_function[target=torch.ops.aten.permute.default](args = (%view_66, [0, 2, 1, 3]), kwargs = {})
    %linear_36 : [num_users=1] = call_function[target=torch.ops.aten.linear.default](args = (%permute_11, %p_encoder_encoder_layers_5_attention_gru_rel_pos_linear_weight, %p_encoder_encoder_layers_5_attention_gru_rel_pos_linear_bias), kwargs = {})
    %view_67 : [num_users=1] = call_function[target=torch.ops.aten.view.default](args = (%linear_36, [1, 16, 149, 2, 4]), kwargs = {})
    %sum_6 : [num_users=1] = call_function[target=torch.ops.aten.sum.dim_IntList](args = (%view_67, [-1]), kwargs = {})
    %sigmoid_5 : [num_users=1] = call_function[target=torch.ops.aten.sigmoid.default](args = (%sum_6,), kwargs = {})
    %chunk_10 : [num_users=2] = call_function[target=torch.ops.aten.chunk.default](args = (%sigmoid_5, 2, -1), kwargs = {})
    %getitem_25 : [num_users=1] = call_function[target=operator.getitem](args = (%chunk_10, 0), kwargs = {})
    %getitem_26 : [num_users=1] = call_function[target=operator.getitem](args = (%chunk_10, 1), kwargs = {})
    %mul_17 : [num_users=1] = call_function[target=torch.ops.aten.mul.Tensor](args = (%getitem_26, %p_encoder_encoder_layers_5_attention_gru_rel_pos_const), kwargs = {})
    %sub_7 : [num_users=1] = call_function[target=torch.ops.aten.sub.Tensor](args = (%mul_17, 1.0), kwargs = {})
    %mul_18 : [num_users=1] = call_function[target=torch.ops.aten.mul.Tensor](args = (%getitem_25, %sub_7), kwargs = {})
    %add_18 : [num_users=1] = call_function[target=torch.ops.aten.add.Tensor](args = (%mul_18, 2.0), kwargs = {})
    %view_68 : [num_users=1] = call_function[target=torch.ops.aten.view.default](args = (%add_18, [16, -1, 1]), kwargs = {})
    %mul_19 : [num_users=1] = call_function[target=torch.ops.aten.mul.Tensor](args = (%view_68, %view), kwargs = {})
    %view_69 : [num_users=1] = call_function[target=torch.ops.aten.view.default](args = (%mul_19, [-1, 149, 149]), kwargs = {})
    %transpose_42 : [num_users=3] = call_function[target=torch.ops.aten.transpose.int](args = (%layer_norm_18, 0, 1), kwargs = {})
    %cat_5 : [num_users=1] = call_function[target=torch.ops.aten.cat.default](args = ([%p_encoder_encoder_layers_5_attention_q_proj_bias, %p_encoder_encoder_layers_5_attention_k_proj_bias, %p_encoder_encoder_layers_5_attention_v_proj_bias],), kwargs = {})
    %chunk_11 : [num_users=3] = call_function[target=torch.ops.aten.chunk.default](args = (%cat_5, 3), kwargs = {})
    %getitem_27 : [num_users=1] = call_function[target=operator.getitem](args = (%chunk_11, 0), kwargs = {})
    %getitem_28 : [num_users=1] = call_function[target=operator.getitem](args = (%chunk_11, 1), kwargs = {})
    %getitem_29 : [num_users=1] = call_function[target=operator.getitem](args = (%chunk_11, 2), kwargs = {})
    %linear_37 : [num_users=1] = call_function[target=torch.ops.aten.linear.default](args = (%transpose_42, %p_encoder_encoder_layers_5_attention_q_proj_weight, %getitem_27), kwargs = {})
    %linear_38 : [num_users=1] = call_function[target=torch.ops.aten.linear.default](args = (%transpose_42, %p_encoder_encoder_layers_5_attention_k_proj_weight, %getitem_28), kwargs = {})
    %linear_39 : [num_users=1] = call_function[target=torch.ops.aten.linear.default](args = (%transpose_42, %p_encoder_encoder_layers_5_attention_v_proj_weight, %getitem_29), kwargs = {})
    %view_70 : [num_users=1] = call_function[target=torch.ops.aten.view.default](args = (%linear_37, [149, 16, 64]), kwargs = {})
    %transpose_43 : [num_users=1] = call_function[target=torch.ops.aten.transpose.int](args = (%view_70, 0, 1), kwargs = {})
    %view_71 : [num_users=1] = call_function[target=torch.ops.aten.view.default](args = (%linear_38, [149, 16, 64]), kwargs = {})
    %transpose_44 : [num_users=1] = call_function[target=torch.ops.aten.transpose.int](args = (%view_71, 0, 1), kwargs = {})
    %view_72 : [num_users=1] = call_function[target=torch.ops.aten.view.default](args = (%linear_39, [149, 16, 64]), kwargs = {})
    %transpose_45 : [num_users=1] = call_function[target=torch.ops.aten.transpose.int](args = (%view_72, 0, 1), kwargs = {})
    %view_73 : [num_users=1] = call_function[target=torch.ops.aten.view.default](args = (%view_69, [1, 16, -1, 149]), kwargs = {})
    %view_74 : [num_users=1] = call_function[target=torch.ops.aten.view.default](args = (%transpose_43, [1, 16, 149, 64]), kwargs = {})
    %view_75 : [num_users=1] = call_function[target=torch.ops.aten.view.default](args = (%transpose_44, [1, 16, 149, 64]), kwargs = {})
    %view_76 : [num_users=1] = call_function[target=torch.ops.aten.view.default](args = (%transpose_45, [1, 16, 149, 64]), kwargs = {})
    %mul_84 : [num_users=1] = call_function[target=torch.ops.aten.mul.Scalar](args = (%view_74, 0.3535533905932738), kwargs = {})
    %transpose_142 : [num_users=1] = call_function[target=torch.ops.aten.transpose.int](args = (%view_75, -2, -1), kwargs = {})
    %mul_85 : [num_users=1] = call_function[target=torch.ops.aten.mul.Scalar](args = (%transpose_142, 0.3535533905932738), kwargs = {})
    %expand_20 : [num_users=1] = call_function[target=torch.ops.aten.expand.default](args = (%mul_84, [1, 16, 149, 64]), kwargs = {})
    %view_343 : [num_users=1] = call_function[target=torch.ops.aten.view.default](args = (%expand_20, [16, 149, 64]), kwargs = {})
    %expand_21 : [num_users=1] = call_function[target=torch.ops.aten.expand.default](args = (%mul_85, [1, 16, 64, 149]), kwargs = {})
    %view_344 : [num_users=1] = call_function[target=torch.ops.aten.view.default](args = (%expand_21, [16, 64, 149]), kwargs = {})
    %bmm_10 : [num_users=1] = call_function[target=torch.ops.aten.bmm.default](args = (%view_343, %view_344), kwargs = {})
    %view_345 : [num_users=1] = call_function[target=torch.ops.aten.view.default](args = (%bmm_10, [1, 16, 149, 149]), kwargs = {})
    %add_80 : [num_users=1] = call_function[target=torch.ops.aten.add.Tensor](args = (%view_345, %view_73), kwargs = {})
    %_safe_softmax_5 : [num_users=1] = call_function[target=torch.ops.aten._safe_softmax.default](args = (%add_80, -1), kwargs = {})
    %expand_22 : [num_users=1] = call_function[target=torch.ops.aten.expand.default](args = (%_safe_softmax_5, [1, 16, 149, 149]), kwargs = {})
    %view_346 : [num_users=1] = call_function[target=torch.ops.aten.view.default](args = (%expand_22, [16, 149, 149]), kwargs = {})
    %expand_23 : [num_users=1] = call_function[target=torch.ops.aten.expand.default](args = (%view_76, [1, 16, 149, 64]), kwargs = {})
    %view_347 : [num_users=1] = call_function[target=torch.ops.aten.view.default](args = (%expand_23, [16, 149, 64]), kwargs = {})
    %bmm_11 : [num_users=1] = call_function[target=torch.ops.aten.bmm.default](args = (%view_346, %view_347), kwargs = {})
    %view_348 : [num_users=1] = call_function[target=torch.ops.aten.view.default](args = (%bmm_11, [1, 16, 149, 64]), kwargs = {})
    %permute_59 : [num_users=1] = call_function[target=torch.ops.aten.permute.default](args = (%view_348, [2, 0, 1, 3]), kwargs = {})
    %clone_5 : [num_users=1] = call_function[target=torch.ops.aten.clone.default](args = (%permute_59,), kwargs = {memory_format: torch.contiguous_format})
    %permute_60 : [num_users=1] = call_function[target=torch.ops.aten.permute.default](args = (%clone_5, [1, 2, 0, 3]), kwargs = {})
    %permute_12 : [num_users=1] = call_function[target=torch.ops.aten.permute.default](args = (%permute_60, [2, 0, 1, 3]), kwargs = {})
    %view_77 : [num_users=1] = call_function[target=torch.ops.aten.view.default](args = (%permute_12, [149, 1024]), kwargs = {})
    %linear_40 : [num_users=1] = call_function[target=torch.ops.aten.linear.default](args = (%view_77, %p_encoder_encoder_layers_5_attention_out_proj_weight, %p_encoder_encoder_layers_5_attention_out_proj_bias), kwargs = {})
    %view_78 : [num_users=1] = call_function[target=torch.ops.aten.view.default](args = (%linear_40, [149, 1, 1024]), kwargs = {})
    %transpose_46 : [num_users=1] = call_function[target=torch.ops.aten.transpose.int](args = (%view_78, 0, 1), kwargs = {})
    %dropout_17 : [num_users=1] = call_function[target=torch.ops.aten.dropout.default](args = (%transpose_46, 0.1, False), kwargs = {})
    %add_19 : [num_users=2] = call_function[target=torch.ops.aten.add.Tensor](args = (%add_17, %dropout_17), kwargs = {})
    %layer_norm_19 : [num_users=1] = call_function[target=torch.ops.aten.layer_norm.default](args = (%add_19, [1024], %p_encoder_encoder_layers_5_final_layer_norm_weight, %p_encoder_encoder_layers_5_final_layer_norm_bias, 1e-05, False), kwargs = {})
    %linear_41 : [num_users=1] = call_function[target=torch.ops.aten.linear.default](args = (%layer_norm_19, %p_encoder_encoder_layers_5_feed_forward_intermediate_dense_weight, %p_encoder_encoder_layers_5_feed_forward_intermediate_dense_bias), kwargs = {})
    %gelu_13 : [num_users=1] = call_function[target=torch.ops.aten.gelu.default](args = (%linear_41,), kwargs = {})
    %dropout_18 : [num_users=1] = call_function[target=torch.ops.aten.dropout.default](args = (%gelu_13, 0.0, False), kwargs = {})
    %linear_42 : [num_users=1] = call_function[target=torch.ops.aten.linear.default](args = (%dropout_18, %p_encoder_encoder_layers_5_feed_forward_output_dense_weight, %p_encoder_encoder_layers_5_feed_forward_output_dense_bias), kwargs = {})
    %dropout_19 : [num_users=1] = call_function[target=torch.ops.aten.dropout.default](args = (%linear_42, 0.1, False), kwargs = {})
    %add_20 : [num_users=2] = call_function[target=torch.ops.aten.add.Tensor](args = (%add_19, %dropout_19), kwargs = {})
    %rand_6 : [num_users=0] = call_function[target=torch.ops.aten.rand.default](args = ([],), kwargs = {device: cpu, pin_memory: False})
    %layer_norm_20 : [num_users=2] = call_function[target=torch.ops.aten.layer_norm.default](args = (%add_20, [1024], %p_encoder_encoder_layers_6_layer_norm_weight, %p_encoder_encoder_layers_6_layer_norm_bias, 1e-05, False), kwargs = {})
    %view_79 : [num_users=1] = call_function[target=torch.ops.aten.view.default](args = (%layer_norm_20, [1, 149, 16, -1]), kwargs = {})
    %permute_13 : [num_users=1] = call_function[target=torch.ops.aten.permute.default](args = (%view_79, [0, 2, 1, 3]), kwargs = {})
    %linear_43 : [num_users=1] = call_function[target=torch.ops.aten.linear.default](args = (%permute_13, %p_encoder_encoder_layers_6_attention_gru_rel_pos_linear_weight, %p_encoder_encoder_layers_6_attention_gru_rel_pos_linear_bias), kwargs = {})
    %view_80 : [num_users=1] = call_function[target=torch.ops.aten.view.default](args = (%linear_43, [1, 16, 149, 2, 4]), kwargs = {})
    %sum_7 : [num_users=1] = call_function[target=torch.ops.aten.sum.dim_IntList](args = (%view_80, [-1]), kwargs = {})
    %sigmoid_6 : [num_users=1] = call_function[target=torch.ops.aten.sigmoid.default](args = (%sum_7,), kwargs = {})
    %chunk_12 : [num_users=2] = call_function[target=torch.ops.aten.chunk.default](args = (%sigmoid_6, 2, -1), kwargs = {})
    %getitem_30 : [num_users=1] = call_function[target=operator.getitem](args = (%chunk_12, 0), kwargs = {})
    %getitem_31 : [num_users=1] = call_function[target=operator.getitem](args = (%chunk_12, 1), kwargs = {})
    %mul_20 : [num_users=1] = call_function[target=torch.ops.aten.mul.Tensor](args = (%getitem_31, %p_encoder_encoder_layers_6_attention_gru_rel_pos_const), kwargs = {})
    %sub_8 : [num_users=1] = call_function[target=torch.ops.aten.sub.Tensor](args = (%mul_20, 1.0), kwargs = {})
    %mul_21 : [num_users=1] = call_function[target=torch.ops.aten.mul.Tensor](args = (%getitem_30, %sub_8), kwargs = {})
    %add_21 : [num_users=1] = call_function[target=torch.ops.aten.add.Tensor](args = (%mul_21, 2.0), kwargs = {})
    %view_81 : [num_users=1] = call_function[target=torch.ops.aten.view.default](args = (%add_21, [16, -1, 1]), kwargs = {})
    %mul_22 : [num_users=1] = call_function[target=torch.ops.aten.mul.Tensor](args = (%view_81, %view), kwargs = {})
    %view_82 : [num_users=1] = call_function[target=torch.ops.aten.view.default](args = (%mul_22, [-1, 149, 149]), kwargs = {})
    %transpose_47 : [num_users=3] = call_function[target=torch.ops.aten.transpose.int](args = (%layer_norm_20, 0, 1), kwargs = {})
    %cat_6 : [num_users=1] = call_function[target=torch.ops.aten.cat.default](args = ([%p_encoder_encoder_layers_6_attention_q_proj_bias, %p_encoder_encoder_layers_6_attention_k_proj_bias, %p_encoder_encoder_layers_6_attention_v_proj_bias],), kwargs = {})
    %chunk_13 : [num_users=3] = call_function[target=torch.ops.aten.chunk.default](args = (%cat_6, 3), kwargs = {})
    %getitem_32 : [num_users=1] = call_function[target=operator.getitem](args = (%chunk_13, 0), kwargs = {})
    %getitem_33 : [num_users=1] = call_function[target=operator.getitem](args = (%chunk_13, 1), kwargs = {})
    %getitem_34 : [num_users=1] = call_function[target=operator.getitem](args = (%chunk_13, 2), kwargs = {})
    %linear_44 : [num_users=1] = call_function[target=torch.ops.aten.linear.default](args = (%transpose_47, %p_encoder_encoder_layers_6_attention_q_proj_weight, %getitem_32), kwargs = {})
    %linear_45 : [num_users=1] = call_function[target=torch.ops.aten.linear.default](args = (%transpose_47, %p_encoder_encoder_layers_6_attention_k_proj_weight, %getitem_33), kwargs = {})
    %linear_46 : [num_users=1] = call_function[target=torch.ops.aten.linear.default](args = (%transpose_47, %p_encoder_encoder_layers_6_attention_v_proj_weight, %getitem_34), kwargs = {})
    %view_83 : [num_users=1] = call_function[target=torch.ops.aten.view.default](args = (%linear_44, [149, 16, 64]), kwargs = {})
    %transpose_48 : [num_users=1] = call_function[target=torch.ops.aten.transpose.int](args = (%view_83, 0, 1), kwargs = {})
    %view_84 : [num_users=1] = call_function[target=torch.ops.aten.view.default](args = (%linear_45, [149, 16, 64]), kwargs = {})
    %transpose_49 : [num_users=1] = call_function[target=torch.ops.aten.transpose.int](args = (%view_84, 0, 1), kwargs = {})
    %view_85 : [num_users=1] = call_function[target=torch.ops.aten.view.default](args = (%linear_46, [149, 16, 64]), kwargs = {})
    %transpose_50 : [num_users=1] = call_function[target=torch.ops.aten.transpose.int](args = (%view_85, 0, 1), kwargs = {})
    %view_86 : [num_users=1] = call_function[target=torch.ops.aten.view.default](args = (%view_82, [1, 16, -1, 149]), kwargs = {})
    %view_87 : [num_users=1] = call_function[target=torch.ops.aten.view.default](args = (%transpose_48, [1, 16, 149, 64]), kwargs = {})
    %view_88 : [num_users=1] = call_function[target=torch.ops.aten.view.default](args = (%transpose_49, [1, 16, 149, 64]), kwargs = {})
    %view_89 : [num_users=1] = call_function[target=torch.ops.aten.view.default](args = (%transpose_50, [1, 16, 149, 64]), kwargs = {})
    %mul_86 : [num_users=1] = call_function[target=torch.ops.aten.mul.Scalar](args = (%view_87, 0.3535533905932738), kwargs = {})
    %transpose_143 : [num_users=1] = call_function[target=torch.ops.aten.transpose.int](args = (%view_88, -2, -1), kwargs = {})
    %mul_87 : [num_users=1] = call_function[target=torch.ops.aten.mul.Scalar](args = (%transpose_143, 0.3535533905932738), kwargs = {})
    %expand_24 : [num_users=1] = call_function[target=torch.ops.aten.expand.default](args = (%mul_86, [1, 16, 149, 64]), kwargs = {})
    %view_349 : [num_users=1] = call_function[target=torch.ops.aten.view.default](args = (%expand_24, [16, 149, 64]), kwargs = {})
    %expand_25 : [num_users=1] = call_function[target=torch.ops.aten.expand.default](args = (%mul_87, [1, 16, 64, 149]), kwargs = {})
    %view_350 : [num_users=1] = call_function[target=torch.ops.aten.view.default](args = (%expand_25, [16, 64, 149]), kwargs = {})
    %bmm_12 : [num_users=1] = call_function[target=torch.ops.aten.bmm.default](args = (%view_349, %view_350), kwargs = {})
    %view_351 : [num_users=1] = call_function[target=torch.ops.aten.view.default](args = (%bmm_12, [1, 16, 149, 149]), kwargs = {})
    %add_81 : [num_users=1] = call_function[target=torch.ops.aten.add.Tensor](args = (%view_351, %view_86), kwargs = {})
    %_safe_softmax_6 : [num_users=1] = call_function[target=torch.ops.aten._safe_softmax.default](args = (%add_81, -1), kwargs = {})
    %expand_26 : [num_users=1] = call_function[target=torch.ops.aten.expand.default](args = (%_safe_softmax_6, [1, 16, 149, 149]), kwargs = {})
    %view_352 : [num_users=1] = call_function[target=torch.ops.aten.view.default](args = (%expand_26, [16, 149, 149]), kwargs = {})
    %expand_27 : [num_users=1] = call_function[target=torch.ops.aten.expand.default](args = (%view_89, [1, 16, 149, 64]), kwargs = {})
    %view_353 : [num_users=1] = call_function[target=torch.ops.aten.view.default](args = (%expand_27, [16, 149, 64]), kwargs = {})
    %bmm_13 : [num_users=1] = call_function[target=torch.ops.aten.bmm.default](args = (%view_352, %view_353), kwargs = {})
    %view_354 : [num_users=1] = call_function[target=torch.ops.aten.view.default](args = (%bmm_13, [1, 16, 149, 64]), kwargs = {})
    %permute_61 : [num_users=1] = call_function[target=torch.ops.aten.permute.default](args = (%view_354, [2, 0, 1, 3]), kwargs = {})
    %clone_6 : [num_users=1] = call_function[target=torch.ops.aten.clone.default](args = (%permute_61,), kwargs = {memory_format: torch.contiguous_format})
    %permute_62 : [num_users=1] = call_function[target=torch.ops.aten.permute.default](args = (%clone_6, [1, 2, 0, 3]), kwargs = {})
    %permute_14 : [num_users=1] = call_function[target=torch.ops.aten.permute.default](args = (%permute_62, [2, 0, 1, 3]), kwargs = {})
    %view_90 : [num_users=1] = call_function[target=torch.ops.aten.view.default](args = (%permute_14, [149, 1024]), kwargs = {})
    %linear_47 : [num_users=1] = call_function[target=torch.ops.aten.linear.default](args = (%view_90, %p_encoder_encoder_layers_6_attention_out_proj_weight, %p_encoder_encoder_layers_6_attention_out_proj_bias), kwargs = {})
    %view_91 : [num_users=1] = call_function[target=torch.ops.aten.view.default](args = (%linear_47, [149, 1, 1024]), kwargs = {})
    %transpose_51 : [num_users=1] = call_function[target=torch.ops.aten.transpose.int](args = (%view_91, 0, 1), kwargs = {})
    %dropout_20 : [num_users=1] = call_function[target=torch.ops.aten.dropout.default](args = (%transpose_51, 0.1, False), kwargs = {})
    %add_22 : [num_users=2] = call_function[target=torch.ops.aten.add.Tensor](args = (%add_20, %dropout_20), kwargs = {})
    %layer_norm_21 : [num_users=1] = call_function[target=torch.ops.aten.layer_norm.default](args = (%add_22, [1024], %p_encoder_encoder_layers_6_final_layer_norm_weight, %p_encoder_encoder_layers_6_final_layer_norm_bias, 1e-05, False), kwargs = {})
    %linear_48 : [num_users=1] = call_function[target=torch.ops.aten.linear.default](args = (%layer_norm_21, %p_encoder_encoder_layers_6_feed_forward_intermediate_dense_weight, %p_encoder_encoder_layers_6_feed_forward_intermediate_dense_bias), kwargs = {})
    %gelu_14 : [num_users=1] = call_function[target=torch.ops.aten.gelu.default](args = (%linear_48,), kwargs = {})
    %dropout_21 : [num_users=1] = call_function[target=torch.ops.aten.dropout.default](args = (%gelu_14, 0.0, False), kwargs = {})
    %linear_49 : [num_users=1] = call_function[target=torch.ops.aten.linear.default](args = (%dropout_21, %p_encoder_encoder_layers_6_feed_forward_output_dense_weight, %p_encoder_encoder_layers_6_feed_forward_output_dense_bias), kwargs = {})
    %dropout_22 : [num_users=1] = call_function[target=torch.ops.aten.dropout.default](args = (%linear_49, 0.1, False), kwargs = {})
    %add_23 : [num_users=2] = call_function[target=torch.ops.aten.add.Tensor](args = (%add_22, %dropout_22), kwargs = {})
    %rand_7 : [num_users=0] = call_function[target=torch.ops.aten.rand.default](args = ([],), kwargs = {device: cpu, pin_memory: False})
    %layer_norm_22 : [num_users=2] = call_function[target=torch.ops.aten.layer_norm.default](args = (%add_23, [1024], %p_encoder_encoder_layers_7_layer_norm_weight, %p_encoder_encoder_layers_7_layer_norm_bias, 1e-05, False), kwargs = {})
    %view_92 : [num_users=1] = call_function[target=torch.ops.aten.view.default](args = (%layer_norm_22, [1, 149, 16, -1]), kwargs = {})
    %permute_15 : [num_users=1] = call_function[target=torch.ops.aten.permute.default](args = (%view_92, [0, 2, 1, 3]), kwargs = {})
    %linear_50 : [num_users=1] = call_function[target=torch.ops.aten.linear.default](args = (%permute_15, %p_encoder_encoder_layers_7_attention_gru_rel_pos_linear_weight, %p_encoder_encoder_layers_7_attention_gru_rel_pos_linear_bias), kwargs = {})
    %view_93 : [num_users=1] = call_function[target=torch.ops.aten.view.default](args = (%linear_50, [1, 16, 149, 2, 4]), kwargs = {})
    %sum_8 : [num_users=1] = call_function[target=torch.ops.aten.sum.dim_IntList](args = (%view_93, [-1]), kwargs = {})
    %sigmoid_7 : [num_users=1] = call_function[target=torch.ops.aten.sigmoid.default](args = (%sum_8,), kwargs = {})
    %chunk_14 : [num_users=2] = call_function[target=torch.ops.aten.chunk.default](args = (%sigmoid_7, 2, -1), kwargs = {})
    %getitem_35 : [num_users=1] = call_function[target=operator.getitem](args = (%chunk_14, 0), kwargs = {})
    %getitem_36 : [num_users=1] = call_function[target=operator.getitem](args = (%chunk_14, 1), kwargs = {})
    %mul_23 : [num_users=1] = call_function[target=torch.ops.aten.mul.Tensor](args = (%getitem_36, %p_encoder_encoder_layers_7_attention_gru_rel_pos_const), kwargs = {})
    %sub_9 : [num_users=1] = call_function[target=torch.ops.aten.sub.Tensor](args = (%mul_23, 1.0), kwargs = {})
    %mul_24 : [num_users=1] = call_function[target=torch.ops.aten.mul.Tensor](args = (%getitem_35, %sub_9), kwargs = {})
    %add_24 : [num_users=1] = call_function[target=torch.ops.aten.add.Tensor](args = (%mul_24, 2.0), kwargs = {})
    %view_94 : [num_users=1] = call_function[target=torch.ops.aten.view.default](args = (%add_24, [16, -1, 1]), kwargs = {})
    %mul_25 : [num_users=1] = call_function[target=torch.ops.aten.mul.Tensor](args = (%view_94, %view), kwargs = {})
    %view_95 : [num_users=1] = call_function[target=torch.ops.aten.view.default](args = (%mul_25, [-1, 149, 149]), kwargs = {})
    %transpose_52 : [num_users=3] = call_function[target=torch.ops.aten.transpose.int](args = (%layer_norm_22, 0, 1), kwargs = {})
    %cat_7 : [num_users=1] = call_function[target=torch.ops.aten.cat.default](args = ([%p_encoder_encoder_layers_7_attention_q_proj_bias, %p_encoder_encoder_layers_7_attention_k_proj_bias, %p_encoder_encoder_layers_7_attention_v_proj_bias],), kwargs = {})
    %chunk_15 : [num_users=3] = call_function[target=torch.ops.aten.chunk.default](args = (%cat_7, 3), kwargs = {})
    %getitem_37 : [num_users=1] = call_function[target=operator.getitem](args = (%chunk_15, 0), kwargs = {})
    %getitem_38 : [num_users=1] = call_function[target=operator.getitem](args = (%chunk_15, 1), kwargs = {})
    %getitem_39 : [num_users=1] = call_function[target=operator.getitem](args = (%chunk_15, 2), kwargs = {})
    %linear_51 : [num_users=1] = call_function[target=torch.ops.aten.linear.default](args = (%transpose_52, %p_encoder_encoder_layers_7_attention_q_proj_weight, %getitem_37), kwargs = {})
    %linear_52 : [num_users=1] = call_function[target=torch.ops.aten.linear.default](args = (%transpose_52, %p_encoder_encoder_layers_7_attention_k_proj_weight, %getitem_38), kwargs = {})
    %linear_53 : [num_users=1] = call_function[target=torch.ops.aten.linear.default](args = (%transpose_52, %p_encoder_encoder_layers_7_attention_v_proj_weight, %getitem_39), kwargs = {})
    %view_96 : [num_users=1] = call_function[target=torch.ops.aten.view.default](args = (%linear_51, [149, 16, 64]), kwargs = {})
    %transpose_53 : [num_users=1] = call_function[target=torch.ops.aten.transpose.int](args = (%view_96, 0, 1), kwargs = {})
    %view_97 : [num_users=1] = call_function[target=torch.ops.aten.view.default](args = (%linear_52, [149, 16, 64]), kwargs = {})
    %transpose_54 : [num_users=1] = call_function[target=torch.ops.aten.transpose.int](args = (%view_97, 0, 1), kwargs = {})
    %view_98 : [num_users=1] = call_function[target=torch.ops.aten.view.default](args = (%linear_53, [149, 16, 64]), kwargs = {})
    %transpose_55 : [num_users=1] = call_function[target=torch.ops.aten.transpose.int](args = (%view_98, 0, 1), kwargs = {})
    %view_99 : [num_users=1] = call_function[target=torch.ops.aten.view.default](args = (%view_95, [1, 16, -1, 149]), kwargs = {})
    %view_100 : [num_users=1] = call_function[target=torch.ops.aten.view.default](args = (%transpose_53, [1, 16, 149, 64]), kwargs = {})
    %view_101 : [num_users=1] = call_function[target=torch.ops.aten.view.default](args = (%transpose_54, [1, 16, 149, 64]), kwargs = {})
    %view_102 : [num_users=1] = call_function[target=torch.ops.aten.view.default](args = (%transpose_55, [1, 16, 149, 64]), kwargs = {})
    %mul_88 : [num_users=1] = call_function[target=torch.ops.aten.mul.Scalar](args = (%view_100, 0.3535533905932738), kwargs = {})
    %transpose_144 : [num_users=1] = call_function[target=torch.ops.aten.transpose.int](args = (%view_101, -2, -1), kwargs = {})
    %mul_89 : [num_users=1] = call_function[target=torch.ops.aten.mul.Scalar](args = (%transpose_144, 0.3535533905932738), kwargs = {})
    %expand_28 : [num_users=1] = call_function[target=torch.ops.aten.expand.default](args = (%mul_88, [1, 16, 149, 64]), kwargs = {})
    %view_355 : [num_users=1] = call_function[target=torch.ops.aten.view.default](args = (%expand_28, [16, 149, 64]), kwargs = {})
    %expand_29 : [num_users=1] = call_function[target=torch.ops.aten.expand.default](args = (%mul_89, [1, 16, 64, 149]), kwargs = {})
    %view_356 : [num_users=1] = call_function[target=torch.ops.aten.view.default](args = (%expand_29, [16, 64, 149]), kwargs = {})
    %bmm_14 : [num_users=1] = call_function[target=torch.ops.aten.bmm.default](args = (%view_355, %view_356), kwargs = {})
    %view_357 : [num_users=1] = call_function[target=torch.ops.aten.view.default](args = (%bmm_14, [1, 16, 149, 149]), kwargs = {})
    %add_82 : [num_users=1] = call_function[target=torch.ops.aten.add.Tensor](args = (%view_357, %view_99), kwargs = {})
    %_safe_softmax_7 : [num_users=1] = call_function[target=torch.ops.aten._safe_softmax.default](args = (%add_82, -1), kwargs = {})
    %expand_30 : [num_users=1] = call_function[target=torch.ops.aten.expand.default](args = (%_safe_softmax_7, [1, 16, 149, 149]), kwargs = {})
    %view_358 : [num_users=1] = call_function[target=torch.ops.aten.view.default](args = (%expand_30, [16, 149, 149]), kwargs = {})
    %expand_31 : [num_users=1] = call_function[target=torch.ops.aten.expand.default](args = (%view_102, [1, 16, 149, 64]), kwargs = {})
    %view_359 : [num_users=1] = call_function[target=torch.ops.aten.view.default](args = (%expand_31, [16, 149, 64]), kwargs = {})
    %bmm_15 : [num_users=1] = call_function[target=torch.ops.aten.bmm.default](args = (%view_358, %view_359), kwargs = {})
    %view_360 : [num_users=1] = call_function[target=torch.ops.aten.view.default](args = (%bmm_15, [1, 16, 149, 64]), kwargs = {})
    %permute_63 : [num_users=1] = call_function[target=torch.ops.aten.permute.default](args = (%view_360, [2, 0, 1, 3]), kwargs = {})
    %clone_7 : [num_users=1] = call_function[target=torch.ops.aten.clone.default](args = (%permute_63,), kwargs = {memory_format: torch.contiguous_format})
    %permute_64 : [num_users=1] = call_function[target=torch.ops.aten.permute.default](args = (%clone_7, [1, 2, 0, 3]), kwargs = {})
    %permute_16 : [num_users=1] = call_function[target=torch.ops.aten.permute.default](args = (%permute_64, [2, 0, 1, 3]), kwargs = {})
    %view_103 : [num_users=1] = call_function[target=torch.ops.aten.view.default](args = (%permute_16, [149, 1024]), kwargs = {})
    %linear_54 : [num_users=1] = call_function[target=torch.ops.aten.linear.default](args = (%view_103, %p_encoder_encoder_layers_7_attention_out_proj_weight, %p_encoder_encoder_layers_7_attention_out_proj_bias), kwargs = {})
    %view_104 : [num_users=1] = call_function[target=torch.ops.aten.view.default](args = (%linear_54, [149, 1, 1024]), kwargs = {})
    %transpose_56 : [num_users=1] = call_function[target=torch.ops.aten.transpose.int](args = (%view_104, 0, 1), kwargs = {})
    %dropout_23 : [num_users=1] = call_function[target=torch.ops.aten.dropout.default](args = (%transpose_56, 0.1, False), kwargs = {})
    %add_25 : [num_users=2] = call_function[target=torch.ops.aten.add.Tensor](args = (%add_23, %dropout_23), kwargs = {})
    %layer_norm_23 : [num_users=1] = call_function[target=torch.ops.aten.layer_norm.default](args = (%add_25, [1024], %p_encoder_encoder_layers_7_final_layer_norm_weight, %p_encoder_encoder_layers_7_final_layer_norm_bias, 1e-05, False), kwargs = {})
    %linear_55 : [num_users=1] = call_function[target=torch.ops.aten.linear.default](args = (%layer_norm_23, %p_encoder_encoder_layers_7_feed_forward_intermediate_dense_weight, %p_encoder_encoder_layers_7_feed_forward_intermediate_dense_bias), kwargs = {})
    %gelu_15 : [num_users=1] = call_function[target=torch.ops.aten.gelu.default](args = (%linear_55,), kwargs = {})
    %dropout_24 : [num_users=1] = call_function[target=torch.ops.aten.dropout.default](args = (%gelu_15, 0.0, False), kwargs = {})
    %linear_56 : [num_users=1] = call_function[target=torch.ops.aten.linear.default](args = (%dropout_24, %p_encoder_encoder_layers_7_feed_forward_output_dense_weight, %p_encoder_encoder_layers_7_feed_forward_output_dense_bias), kwargs = {})
    %dropout_25 : [num_users=1] = call_function[target=torch.ops.aten.dropout.default](args = (%linear_56, 0.1, False), kwargs = {})
    %add_26 : [num_users=2] = call_function[target=torch.ops.aten.add.Tensor](args = (%add_25, %dropout_25), kwargs = {})
    %rand_8 : [num_users=0] = call_function[target=torch.ops.aten.rand.default](args = ([],), kwargs = {device: cpu, pin_memory: False})
    %layer_norm_24 : [num_users=2] = call_function[target=torch.ops.aten.layer_norm.default](args = (%add_26, [1024], %p_encoder_encoder_layers_8_layer_norm_weight, %p_encoder_encoder_layers_8_layer_norm_bias, 1e-05, False), kwargs = {})
    %view_105 : [num_users=1] = call_function[target=torch.ops.aten.view.default](args = (%layer_norm_24, [1, 149, 16, -1]), kwargs = {})
    %permute_17 : [num_users=1] = call_function[target=torch.ops.aten.permute.default](args = (%view_105, [0, 2, 1, 3]), kwargs = {})
    %linear_57 : [num_users=1] = call_function[target=torch.ops.aten.linear.default](args = (%permute_17, %p_encoder_encoder_layers_8_attention_gru_rel_pos_linear_weight, %p_encoder_encoder_layers_8_attention_gru_rel_pos_linear_bias), kwargs = {})
    %view_106 : [num_users=1] = call_function[target=torch.ops.aten.view.default](args = (%linear_57, [1, 16, 149, 2, 4]), kwargs = {})
    %sum_9 : [num_users=1] = call_function[target=torch.ops.aten.sum.dim_IntList](args = (%view_106, [-1]), kwargs = {})
    %sigmoid_8 : [num_users=1] = call_function[target=torch.ops.aten.sigmoid.default](args = (%sum_9,), kwargs = {})
    %chunk_16 : [num_users=2] = call_function[target=torch.ops.aten.chunk.default](args = (%sigmoid_8, 2, -1), kwargs = {})
    %getitem_40 : [num_users=1] = call_function[target=operator.getitem](args = (%chunk_16, 0), kwargs = {})
    %getitem_41 : [num_users=1] = call_function[target=operator.getitem](args = (%chunk_16, 1), kwargs = {})
    %mul_26 : [num_users=1] = call_function[target=torch.ops.aten.mul.Tensor](args = (%getitem_41, %p_encoder_encoder_layers_8_attention_gru_rel_pos_const), kwargs = {})
    %sub_10 : [num_users=1] = call_function[target=torch.ops.aten.sub.Tensor](args = (%mul_26, 1.0), kwargs = {})
    %mul_27 : [num_users=1] = call_function[target=torch.ops.aten.mul.Tensor](args = (%getitem_40, %sub_10), kwargs = {})
    %add_27 : [num_users=1] = call_function[target=torch.ops.aten.add.Tensor](args = (%mul_27, 2.0), kwargs = {})
    %view_107 : [num_users=1] = call_function[target=torch.ops.aten.view.default](args = (%add_27, [16, -1, 1]), kwargs = {})
    %mul_28 : [num_users=1] = call_function[target=torch.ops.aten.mul.Tensor](args = (%view_107, %view), kwargs = {})
    %view_108 : [num_users=1] = call_function[target=torch.ops.aten.view.default](args = (%mul_28, [-1, 149, 149]), kwargs = {})
    %transpose_57 : [num_users=3] = call_function[target=torch.ops.aten.transpose.int](args = (%layer_norm_24, 0, 1), kwargs = {})
    %cat_8 : [num_users=1] = call_function[target=torch.ops.aten.cat.default](args = ([%p_encoder_encoder_layers_8_attention_q_proj_bias, %p_encoder_encoder_layers_8_attention_k_proj_bias, %p_encoder_encoder_layers_8_attention_v_proj_bias],), kwargs = {})
    %chunk_17 : [num_users=3] = call_function[target=torch.ops.aten.chunk.default](args = (%cat_8, 3), kwargs = {})
    %getitem_42 : [num_users=1] = call_function[target=operator.getitem](args = (%chunk_17, 0), kwargs = {})
    %getitem_43 : [num_users=1] = call_function[target=operator.getitem](args = (%chunk_17, 1), kwargs = {})
    %getitem_44 : [num_users=1] = call_function[target=operator.getitem](args = (%chunk_17, 2), kwargs = {})
    %linear_58 : [num_users=1] = call_function[target=torch.ops.aten.linear.default](args = (%transpose_57, %p_encoder_encoder_layers_8_attention_q_proj_weight, %getitem_42), kwargs = {})
    %linear_59 : [num_users=1] = call_function[target=torch.ops.aten.linear.default](args = (%transpose_57, %p_encoder_encoder_layers_8_attention_k_proj_weight, %getitem_43), kwargs = {})
    %linear_60 : [num_users=1] = call_function[target=torch.ops.aten.linear.default](args = (%transpose_57, %p_encoder_encoder_layers_8_attention_v_proj_weight, %getitem_44), kwargs = {})
    %view_109 : [num_users=1] = call_function[target=torch.ops.aten.view.default](args = (%linear_58, [149, 16, 64]), kwargs = {})
    %transpose_58 : [num_users=1] = call_function[target=torch.ops.aten.transpose.int](args = (%view_109, 0, 1), kwargs = {})
    %view_110 : [num_users=1] = call_function[target=torch.ops.aten.view.default](args = (%linear_59, [149, 16, 64]), kwargs = {})
    %transpose_59 : [num_users=1] = call_function[target=torch.ops.aten.transpose.int](args = (%view_110, 0, 1), kwargs = {})
    %view_111 : [num_users=1] = call_function[target=torch.ops.aten.view.default](args = (%linear_60, [149, 16, 64]), kwargs = {})
    %transpose_60 : [num_users=1] = call_function[target=torch.ops.aten.transpose.int](args = (%view_111, 0, 1), kwargs = {})
    %view_112 : [num_users=1] = call_function[target=torch.ops.aten.view.default](args = (%view_108, [1, 16, -1, 149]), kwargs = {})
    %view_113 : [num_users=1] = call_function[target=torch.ops.aten.view.default](args = (%transpose_58, [1, 16, 149, 64]), kwargs = {})
    %view_114 : [num_users=1] = call_function[target=torch.ops.aten.view.default](args = (%transpose_59, [1, 16, 149, 64]), kwargs = {})
    %view_115 : [num_users=1] = call_function[target=torch.ops.aten.view.default](args = (%transpose_60, [1, 16, 149, 64]), kwargs = {})
    %mul_90 : [num_users=1] = call_function[target=torch.ops.aten.mul.Scalar](args = (%view_113, 0.3535533905932738), kwargs = {})
    %transpose_145 : [num_users=1] = call_function[target=torch.ops.aten.transpose.int](args = (%view_114, -2, -1), kwargs = {})
    %mul_91 : [num_users=1] = call_function[target=torch.ops.aten.mul.Scalar](args = (%transpose_145, 0.3535533905932738), kwargs = {})
    %expand_32 : [num_users=1] = call_function[target=torch.ops.aten.expand.default](args = (%mul_90, [1, 16, 149, 64]), kwargs = {})
    %view_361 : [num_users=1] = call_function[target=torch.ops.aten.view.default](args = (%expand_32, [16, 149, 64]), kwargs = {})
    %expand_33 : [num_users=1] = call_function[target=torch.ops.aten.expand.default](args = (%mul_91, [1, 16, 64, 149]), kwargs = {})
    %view_362 : [num_users=1] = call_function[target=torch.ops.aten.view.default](args = (%expand_33, [16, 64, 149]), kwargs = {})
    %bmm_16 : [num_users=1] = call_function[target=torch.ops.aten.bmm.default](args = (%view_361, %view_362), kwargs = {})
    %view_363 : [num_users=1] = call_function[target=torch.ops.aten.view.default](args = (%bmm_16, [1, 16, 149, 149]), kwargs = {})
    %add_83 : [num_users=1] = call_function[target=torch.ops.aten.add.Tensor](args = (%view_363, %view_112), kwargs = {})
    %_safe_softmax_8 : [num_users=1] = call_function[target=torch.ops.aten._safe_softmax.default](args = (%add_83, -1), kwargs = {})
    %expand_34 : [num_users=1] = call_function[target=torch.ops.aten.expand.default](args = (%_safe_softmax_8, [1, 16, 149, 149]), kwargs = {})
    %view_364 : [num_users=1] = call_function[target=torch.ops.aten.view.default](args = (%expand_34, [16, 149, 149]), kwargs = {})
    %expand_35 : [num_users=1] = call_function[target=torch.ops.aten.expand.default](args = (%view_115, [1, 16, 149, 64]), kwargs = {})
    %view_365 : [num_users=1] = call_function[target=torch.ops.aten.view.default](args = (%expand_35, [16, 149, 64]), kwargs = {})
    %bmm_17 : [num_users=1] = call_function[target=torch.ops.aten.bmm.default](args = (%view_364, %view_365), kwargs = {})
    %view_366 : [num_users=1] = call_function[target=torch.ops.aten.view.default](args = (%bmm_17, [1, 16, 149, 64]), kwargs = {})
    %permute_65 : [num_users=1] = call_function[target=torch.ops.aten.permute.default](args = (%view_366, [2, 0, 1, 3]), kwargs = {})
    %clone_8 : [num_users=1] = call_function[target=torch.ops.aten.clone.default](args = (%permute_65,), kwargs = {memory_format: torch.contiguous_format})
    %permute_66 : [num_users=1] = call_function[target=torch.ops.aten.permute.default](args = (%clone_8, [1, 2, 0, 3]), kwargs = {})
    %permute_18 : [num_users=1] = call_function[target=torch.ops.aten.permute.default](args = (%permute_66, [2, 0, 1, 3]), kwargs = {})
    %view_116 : [num_users=1] = call_function[target=torch.ops.aten.view.default](args = (%permute_18, [149, 1024]), kwargs = {})
    %linear_61 : [num_users=1] = call_function[target=torch.ops.aten.linear.default](args = (%view_116, %p_encoder_encoder_layers_8_attention_out_proj_weight, %p_encoder_encoder_layers_8_attention_out_proj_bias), kwargs = {})
    %view_117 : [num_users=1] = call_function[target=torch.ops.aten.view.default](args = (%linear_61, [149, 1, 1024]), kwargs = {})
    %transpose_61 : [num_users=1] = call_function[target=torch.ops.aten.transpose.int](args = (%view_117, 0, 1), kwargs = {})
    %dropout_26 : [num_users=1] = call_function[target=torch.ops.aten.dropout.default](args = (%transpose_61, 0.1, False), kwargs = {})
    %add_28 : [num_users=2] = call_function[target=torch.ops.aten.add.Tensor](args = (%add_26, %dropout_26), kwargs = {})
    %layer_norm_25 : [num_users=1] = call_function[target=torch.ops.aten.layer_norm.default](args = (%add_28, [1024], %p_encoder_encoder_layers_8_final_layer_norm_weight, %p_encoder_encoder_layers_8_final_layer_norm_bias, 1e-05, False), kwargs = {})
    %linear_62 : [num_users=1] = call_function[target=torch.ops.aten.linear.default](args = (%layer_norm_25, %p_encoder_encoder_layers_8_feed_forward_intermediate_dense_weight, %p_encoder_encoder_layers_8_feed_forward_intermediate_dense_bias), kwargs = {})
    %gelu_16 : [num_users=1] = call_function[target=torch.ops.aten.gelu.default](args = (%linear_62,), kwargs = {})
    %dropout_27 : [num_users=1] = call_function[target=torch.ops.aten.dropout.default](args = (%gelu_16, 0.0, False), kwargs = {})
    %linear_63 : [num_users=1] = call_function[target=torch.ops.aten.linear.default](args = (%dropout_27, %p_encoder_encoder_layers_8_feed_forward_output_dense_weight, %p_encoder_encoder_layers_8_feed_forward_output_dense_bias), kwargs = {})
    %dropout_28 : [num_users=1] = call_function[target=torch.ops.aten.dropout.default](args = (%linear_63, 0.1, False), kwargs = {})
    %add_29 : [num_users=2] = call_function[target=torch.ops.aten.add.Tensor](args = (%add_28, %dropout_28), kwargs = {})
    %rand_9 : [num_users=0] = call_function[target=torch.ops.aten.rand.default](args = ([],), kwargs = {device: cpu, pin_memory: False})
    %layer_norm_26 : [num_users=2] = call_function[target=torch.ops.aten.layer_norm.default](args = (%add_29, [1024], %p_encoder_encoder_layers_9_layer_norm_weight, %p_encoder_encoder_layers_9_layer_norm_bias, 1e-05, False), kwargs = {})
    %view_118 : [num_users=1] = call_function[target=torch.ops.aten.view.default](args = (%layer_norm_26, [1, 149, 16, -1]), kwargs = {})
    %permute_19 : [num_users=1] = call_function[target=torch.ops.aten.permute.default](args = (%view_118, [0, 2, 1, 3]), kwargs = {})
    %linear_64 : [num_users=1] = call_function[target=torch.ops.aten.linear.default](args = (%permute_19, %p_encoder_encoder_layers_9_attention_gru_rel_pos_linear_weight, %p_encoder_encoder_layers_9_attention_gru_rel_pos_linear_bias), kwargs = {})
    %view_119 : [num_users=1] = call_function[target=torch.ops.aten.view.default](args = (%linear_64, [1, 16, 149, 2, 4]), kwargs = {})
    %sum_10 : [num_users=1] = call_function[target=torch.ops.aten.sum.dim_IntList](args = (%view_119, [-1]), kwargs = {})
    %sigmoid_9 : [num_users=1] = call_function[target=torch.ops.aten.sigmoid.default](args = (%sum_10,), kwargs = {})
    %chunk_18 : [num_users=2] = call_function[target=torch.ops.aten.chunk.default](args = (%sigmoid_9, 2, -1), kwargs = {})
    %getitem_45 : [num_users=1] = call_function[target=operator.getitem](args = (%chunk_18, 0), kwargs = {})
    %getitem_46 : [num_users=1] = call_function[target=operator.getitem](args = (%chunk_18, 1), kwargs = {})
    %mul_29 : [num_users=1] = call_function[target=torch.ops.aten.mul.Tensor](args = (%getitem_46, %p_encoder_encoder_layers_9_attention_gru_rel_pos_const), kwargs = {})
    %sub_11 : [num_users=1] = call_function[target=torch.ops.aten.sub.Tensor](args = (%mul_29, 1.0), kwargs = {})
    %mul_30 : [num_users=1] = call_function[target=torch.ops.aten.mul.Tensor](args = (%getitem_45, %sub_11), kwargs = {})
    %add_30 : [num_users=1] = call_function[target=torch.ops.aten.add.Tensor](args = (%mul_30, 2.0), kwargs = {})
    %view_120 : [num_users=1] = call_function[target=torch.ops.aten.view.default](args = (%add_30, [16, -1, 1]), kwargs = {})
    %mul_31 : [num_users=1] = call_function[target=torch.ops.aten.mul.Tensor](args = (%view_120, %view), kwargs = {})
    %view_121 : [num_users=1] = call_function[target=torch.ops.aten.view.default](args = (%mul_31, [-1, 149, 149]), kwargs = {})
    %transpose_62 : [num_users=3] = call_function[target=torch.ops.aten.transpose.int](args = (%layer_norm_26, 0, 1), kwargs = {})
    %cat_9 : [num_users=1] = call_function[target=torch.ops.aten.cat.default](args = ([%p_encoder_encoder_layers_9_attention_q_proj_bias, %p_encoder_encoder_layers_9_attention_k_proj_bias, %p_encoder_encoder_layers_9_attention_v_proj_bias],), kwargs = {})
    %chunk_19 : [num_users=3] = call_function[target=torch.ops.aten.chunk.default](args = (%cat_9, 3), kwargs = {})
    %getitem_47 : [num_users=1] = call_function[target=operator.getitem](args = (%chunk_19, 0), kwargs = {})
    %getitem_48 : [num_users=1] = call_function[target=operator.getitem](args = (%chunk_19, 1), kwargs = {})
    %getitem_49 : [num_users=1] = call_function[target=operator.getitem](args = (%chunk_19, 2), kwargs = {})
    %linear_65 : [num_users=1] = call_function[target=torch.ops.aten.linear.default](args = (%transpose_62, %p_encoder_encoder_layers_9_attention_q_proj_weight, %getitem_47), kwargs = {})
    %linear_66 : [num_users=1] = call_function[target=torch.ops.aten.linear.default](args = (%transpose_62, %p_encoder_encoder_layers_9_attention_k_proj_weight, %getitem_48), kwargs = {})
    %linear_67 : [num_users=1] = call_function[target=torch.ops.aten.linear.default](args = (%transpose_62, %p_encoder_encoder_layers_9_attention_v_proj_weight, %getitem_49), kwargs = {})
    %view_122 : [num_users=1] = call_function[target=torch.ops.aten.view.default](args = (%linear_65, [149, 16, 64]), kwargs = {})
    %transpose_63 : [num_users=1] = call_function[target=torch.ops.aten.transpose.int](args = (%view_122, 0, 1), kwargs = {})
    %view_123 : [num_users=1] = call_function[target=torch.ops.aten.view.default](args = (%linear_66, [149, 16, 64]), kwargs = {})
    %transpose_64 : [num_users=1] = call_function[target=torch.ops.aten.transpose.int](args = (%view_123, 0, 1), kwargs = {})
    %view_124 : [num_users=1] = call_function[target=torch.ops.aten.view.default](args = (%linear_67, [149, 16, 64]), kwargs = {})
    %transpose_65 : [num_users=1] = call_function[target=torch.ops.aten.transpose.int](args = (%view_124, 0, 1), kwargs = {})
    %view_125 : [num_users=1] = call_function[target=torch.ops.aten.view.default](args = (%view_121, [1, 16, -1, 149]), kwargs = {})
    %view_126 : [num_users=1] = call_function[target=torch.ops.aten.view.default](args = (%transpose_63, [1, 16, 149, 64]), kwargs = {})
    %view_127 : [num_users=1] = call_function[target=torch.ops.aten.view.default](args = (%transpose_64, [1, 16, 149, 64]), kwargs = {})
    %view_128 : [num_users=1] = call_function[target=torch.ops.aten.view.default](args = (%transpose_65, [1, 16, 149, 64]), kwargs = {})
    %mul_92 : [num_users=1] = call_function[target=torch.ops.aten.mul.Scalar](args = (%view_126, 0.3535533905932738), kwargs = {})
    %transpose_146 : [num_users=1] = call_function[target=torch.ops.aten.transpose.int](args = (%view_127, -2, -1), kwargs = {})
    %mul_93 : [num_users=1] = call_function[target=torch.ops.aten.mul.Scalar](args = (%transpose_146, 0.3535533905932738), kwargs = {})
    %expand_36 : [num_users=1] = call_function[target=torch.ops.aten.expand.default](args = (%mul_92, [1, 16, 149, 64]), kwargs = {})
    %view_367 : [num_users=1] = call_function[target=torch.ops.aten.view.default](args = (%expand_36, [16, 149, 64]), kwargs = {})
    %expand_37 : [num_users=1] = call_function[target=torch.ops.aten.expand.default](args = (%mul_93, [1, 16, 64, 149]), kwargs = {})
    %view_368 : [num_users=1] = call_function[target=torch.ops.aten.view.default](args = (%expand_37, [16, 64, 149]), kwargs = {})
    %bmm_18 : [num_users=1] = call_function[target=torch.ops.aten.bmm.default](args = (%view_367, %view_368), kwargs = {})
    %view_369 : [num_users=1] = call_function[target=torch.ops.aten.view.default](args = (%bmm_18, [1, 16, 149, 149]), kwargs = {})
    %add_84 : [num_users=1] = call_function[target=torch.ops.aten.add.Tensor](args = (%view_369, %view_125), kwargs = {})
    %_safe_softmax_9 : [num_users=1] = call_function[target=torch.ops.aten._safe_softmax.default](args = (%add_84, -1), kwargs = {})
    %expand_38 : [num_users=1] = call_function[target=torch.ops.aten.expand.default](args = (%_safe_softmax_9, [1, 16, 149, 149]), kwargs = {})
    %view_370 : [num_users=1] = call_function[target=torch.ops.aten.view.default](args = (%expand_38, [16, 149, 149]), kwargs = {})
    %expand_39 : [num_users=1] = call_function[target=torch.ops.aten.expand.default](args = (%view_128, [1, 16, 149, 64]), kwargs = {})
    %view_371 : [num_users=1] = call_function[target=torch.ops.aten.view.default](args = (%expand_39, [16, 149, 64]), kwargs = {})
    %bmm_19 : [num_users=1] = call_function[target=torch.ops.aten.bmm.default](args = (%view_370, %view_371), kwargs = {})
    %view_372 : [num_users=1] = call_function[target=torch.ops.aten.view.default](args = (%bmm_19, [1, 16, 149, 64]), kwargs = {})
    %permute_67 : [num_users=1] = call_function[target=torch.ops.aten.permute.default](args = (%view_372, [2, 0, 1, 3]), kwargs = {})
    %clone_9 : [num_users=1] = call_function[target=torch.ops.aten.clone.default](args = (%permute_67,), kwargs = {memory_format: torch.contiguous_format})
    %permute_68 : [num_users=1] = call_function[target=torch.ops.aten.permute.default](args = (%clone_9, [1, 2, 0, 3]), kwargs = {})
    %permute_20 : [num_users=1] = call_function[target=torch.ops.aten.permute.default](args = (%permute_68, [2, 0, 1, 3]), kwargs = {})
    %view_129 : [num_users=1] = call_function[target=torch.ops.aten.view.default](args = (%permute_20, [149, 1024]), kwargs = {})
    %linear_68 : [num_users=1] = call_function[target=torch.ops.aten.linear.default](args = (%view_129, %p_encoder_encoder_layers_9_attention_out_proj_weight, %p_encoder_encoder_layers_9_attention_out_proj_bias), kwargs = {})
    %view_130 : [num_users=1] = call_function[target=torch.ops.aten.view.default](args = (%linear_68, [149, 1, 1024]), kwargs = {})
    %transpose_66 : [num_users=1] = call_function[target=torch.ops.aten.transpose.int](args = (%view_130, 0, 1), kwargs = {})
    %dropout_29 : [num_users=1] = call_function[target=torch.ops.aten.dropout.default](args = (%transpose_66, 0.1, False), kwargs = {})
    %add_31 : [num_users=2] = call_function[target=torch.ops.aten.add.Tensor](args = (%add_29, %dropout_29), kwargs = {})
    %layer_norm_27 : [num_users=1] = call_function[target=torch.ops.aten.layer_norm.default](args = (%add_31, [1024], %p_encoder_encoder_layers_9_final_layer_norm_weight, %p_encoder_encoder_layers_9_final_layer_norm_bias, 1e-05, False), kwargs = {})
    %linear_69 : [num_users=1] = call_function[target=torch.ops.aten.linear.default](args = (%layer_norm_27, %p_encoder_encoder_layers_9_feed_forward_intermediate_dense_weight, %p_encoder_encoder_layers_9_feed_forward_intermediate_dense_bias), kwargs = {})
    %gelu_17 : [num_users=1] = call_function[target=torch.ops.aten.gelu.default](args = (%linear_69,), kwargs = {})
    %dropout_30 : [num_users=1] = call_function[target=torch.ops.aten.dropout.default](args = (%gelu_17, 0.0, False), kwargs = {})
    %linear_70 : [num_users=1] = call_function[target=torch.ops.aten.linear.default](args = (%dropout_30, %p_encoder_encoder_layers_9_feed_forward_output_dense_weight, %p_encoder_encoder_layers_9_feed_forward_output_dense_bias), kwargs = {})
    %dropout_31 : [num_users=1] = call_function[target=torch.ops.aten.dropout.default](args = (%linear_70, 0.1, False), kwargs = {})
    %add_32 : [num_users=2] = call_function[target=torch.ops.aten.add.Tensor](args = (%add_31, %dropout_31), kwargs = {})
    %rand_10 : [num_users=0] = call_function[target=torch.ops.aten.rand.default](args = ([],), kwargs = {device: cpu, pin_memory: False})
    %layer_norm_28 : [num_users=2] = call_function[target=torch.ops.aten.layer_norm.default](args = (%add_32, [1024], %p_encoder_encoder_layers_10_layer_norm_weight, %p_encoder_encoder_layers_10_layer_norm_bias, 1e-05, False), kwargs = {})
    %view_131 : [num_users=1] = call_function[target=torch.ops.aten.view.default](args = (%layer_norm_28, [1, 149, 16, -1]), kwargs = {})
    %permute_21 : [num_users=1] = call_function[target=torch.ops.aten.permute.default](args = (%view_131, [0, 2, 1, 3]), kwargs = {})
    %linear_71 : [num_users=1] = call_function[target=torch.ops.aten.linear.default](args = (%permute_21, %p_encoder_encoder_layers_10_attention_gru_rel_pos_linear_weight, %p_encoder_encoder_layers_10_attention_gru_rel_pos_linear_bias), kwargs = {})
    %view_132 : [num_users=1] = call_function[target=torch.ops.aten.view.default](args = (%linear_71, [1, 16, 149, 2, 4]), kwargs = {})
    %sum_11 : [num_users=1] = call_function[target=torch.ops.aten.sum.dim_IntList](args = (%view_132, [-1]), kwargs = {})
    %sigmoid_10 : [num_users=1] = call_function[target=torch.ops.aten.sigmoid.default](args = (%sum_11,), kwargs = {})
    %chunk_20 : [num_users=2] = call_function[target=torch.ops.aten.chunk.default](args = (%sigmoid_10, 2, -1), kwargs = {})
    %getitem_50 : [num_users=1] = call_function[target=operator.getitem](args = (%chunk_20, 0), kwargs = {})
    %getitem_51 : [num_users=1] = call_function[target=operator.getitem](args = (%chunk_20, 1), kwargs = {})
    %mul_32 : [num_users=1] = call_function[target=torch.ops.aten.mul.Tensor](args = (%getitem_51, %p_encoder_encoder_layers_10_attention_gru_rel_pos_const), kwargs = {})
    %sub_12 : [num_users=1] = call_function[target=torch.ops.aten.sub.Tensor](args = (%mul_32, 1.0), kwargs = {})
    %mul_33 : [num_users=1] = call_function[target=torch.ops.aten.mul.Tensor](args = (%getitem_50, %sub_12), kwargs = {})
    %add_33 : [num_users=1] = call_function[target=torch.ops.aten.add.Tensor](args = (%mul_33, 2.0), kwargs = {})
    %view_133 : [num_users=1] = call_function[target=torch.ops.aten.view.default](args = (%add_33, [16, -1, 1]), kwargs = {})
    %mul_34 : [num_users=1] = call_function[target=torch.ops.aten.mul.Tensor](args = (%view_133, %view), kwargs = {})
    %view_134 : [num_users=1] = call_function[target=torch.ops.aten.view.default](args = (%mul_34, [-1, 149, 149]), kwargs = {})
    %transpose_67 : [num_users=3] = call_function[target=torch.ops.aten.transpose.int](args = (%layer_norm_28, 0, 1), kwargs = {})
    %cat_10 : [num_users=1] = call_function[target=torch.ops.aten.cat.default](args = ([%p_encoder_encoder_layers_10_attention_q_proj_bias, %p_encoder_encoder_layers_10_attention_k_proj_bias, %p_encoder_encoder_layers_10_attention_v_proj_bias],), kwargs = {})
    %chunk_21 : [num_users=3] = call_function[target=torch.ops.aten.chunk.default](args = (%cat_10, 3), kwargs = {})
    %getitem_52 : [num_users=1] = call_function[target=operator.getitem](args = (%chunk_21, 0), kwargs = {})
    %getitem_53 : [num_users=1] = call_function[target=operator.getitem](args = (%chunk_21, 1), kwargs = {})
    %getitem_54 : [num_users=1] = call_function[target=operator.getitem](args = (%chunk_21, 2), kwargs = {})
    %linear_72 : [num_users=1] = call_function[target=torch.ops.aten.linear.default](args = (%transpose_67, %p_encoder_encoder_layers_10_attention_q_proj_weight, %getitem_52), kwargs = {})
    %linear_73 : [num_users=1] = call_function[target=torch.ops.aten.linear.default](args = (%transpose_67, %p_encoder_encoder_layers_10_attention_k_proj_weight, %getitem_53), kwargs = {})
    %linear_74 : [num_users=1] = call_function[target=torch.ops.aten.linear.default](args = (%transpose_67, %p_encoder_encoder_layers_10_attention_v_proj_weight, %getitem_54), kwargs = {})
    %view_135 : [num_users=1] = call_function[target=torch.ops.aten.view.default](args = (%linear_72, [149, 16, 64]), kwargs = {})
    %transpose_68 : [num_users=1] = call_function[target=torch.ops.aten.transpose.int](args = (%view_135, 0, 1), kwargs = {})
    %view_136 : [num_users=1] = call_function[target=torch.ops.aten.view.default](args = (%linear_73, [149, 16, 64]), kwargs = {})
    %transpose_69 : [num_users=1] = call_function[target=torch.ops.aten.transpose.int](args = (%view_136, 0, 1), kwargs = {})
    %view_137 : [num_users=1] = call_function[target=torch.ops.aten.view.default](args = (%linear_74, [149, 16, 64]), kwargs = {})
    %transpose_70 : [num_users=1] = call_function[target=torch.ops.aten.transpose.int](args = (%view_137, 0, 1), kwargs = {})
    %view_138 : [num_users=1] = call_function[target=torch.ops.aten.view.default](args = (%view_134, [1, 16, -1, 149]), kwargs = {})
    %view_139 : [num_users=1] = call_function[target=torch.ops.aten.view.default](args = (%transpose_68, [1, 16, 149, 64]), kwargs = {})
    %view_140 : [num_users=1] = call_function[target=torch.ops.aten.view.default](args = (%transpose_69, [1, 16, 149, 64]), kwargs = {})
    %view_141 : [num_users=1] = call_function[target=torch.ops.aten.view.default](args = (%transpose_70, [1, 16, 149, 64]), kwargs = {})
    %mul_94 : [num_users=1] = call_function[target=torch.ops.aten.mul.Scalar](args = (%view_139, 0.3535533905932738), kwargs = {})
    %transpose_147 : [num_users=1] = call_function[target=torch.ops.aten.transpose.int](args = (%view_140, -2, -1), kwargs = {})
    %mul_95 : [num_users=1] = call_function[target=torch.ops.aten.mul.Scalar](args = (%transpose_147, 0.3535533905932738), kwargs = {})
    %expand_40 : [num_users=1] = call_function[target=torch.ops.aten.expand.default](args = (%mul_94, [1, 16, 149, 64]), kwargs = {})
    %view_373 : [num_users=1] = call_function[target=torch.ops.aten.view.default](args = (%expand_40, [16, 149, 64]), kwargs = {})
    %expand_41 : [num_users=1] = call_function[target=torch.ops.aten.expand.default](args = (%mul_95, [1, 16, 64, 149]), kwargs = {})
    %view_374 : [num_users=1] = call_function[target=torch.ops.aten.view.default](args = (%expand_41, [16, 64, 149]), kwargs = {})
    %bmm_20 : [num_users=1] = call_function[target=torch.ops.aten.bmm.default](args = (%view_373, %view_374), kwargs = {})
    %view_375 : [num_users=1] = call_function[target=torch.ops.aten.view.default](args = (%bmm_20, [1, 16, 149, 149]), kwargs = {})
    %add_85 : [num_users=1] = call_function[target=torch.ops.aten.add.Tensor](args = (%view_375, %view_138), kwargs = {})
    %_safe_softmax_10 : [num_users=1] = call_function[target=torch.ops.aten._safe_softmax.default](args = (%add_85, -1), kwargs = {})
    %expand_42 : [num_users=1] = call_function[target=torch.ops.aten.expand.default](args = (%_safe_softmax_10, [1, 16, 149, 149]), kwargs = {})
    %view_376 : [num_users=1] = call_function[target=torch.ops.aten.view.default](args = (%expand_42, [16, 149, 149]), kwargs = {})
    %expand_43 : [num_users=1] = call_function[target=torch.ops.aten.expand.default](args = (%view_141, [1, 16, 149, 64]), kwargs = {})
    %view_377 : [num_users=1] = call_function[target=torch.ops.aten.view.default](args = (%expand_43, [16, 149, 64]), kwargs = {})
    %bmm_21 : [num_users=1] = call_function[target=torch.ops.aten.bmm.default](args = (%view_376, %view_377), kwargs = {})
    %view_378 : [num_users=1] = call_function[target=torch.ops.aten.view.default](args = (%bmm_21, [1, 16, 149, 64]), kwargs = {})
    %permute_69 : [num_users=1] = call_function[target=torch.ops.aten.permute.default](args = (%view_378, [2, 0, 1, 3]), kwargs = {})
    %clone_10 : [num_users=1] = call_function[target=torch.ops.aten.clone.default](args = (%permute_69,), kwargs = {memory_format: torch.contiguous_format})
    %permute_70 : [num_users=1] = call_function[target=torch.ops.aten.permute.default](args = (%clone_10, [1, 2, 0, 3]), kwargs = {})
    %permute_22 : [num_users=1] = call_function[target=torch.ops.aten.permute.default](args = (%permute_70, [2, 0, 1, 3]), kwargs = {})
    %view_142 : [num_users=1] = call_function[target=torch.ops.aten.view.default](args = (%permute_22, [149, 1024]), kwargs = {})
    %linear_75 : [num_users=1] = call_function[target=torch.ops.aten.linear.default](args = (%view_142, %p_encoder_encoder_layers_10_attention_out_proj_weight, %p_encoder_encoder_layers_10_attention_out_proj_bias), kwargs = {})
    %view_143 : [num_users=1] = call_function[target=torch.ops.aten.view.default](args = (%linear_75, [149, 1, 1024]), kwargs = {})
    %transpose_71 : [num_users=1] = call_function[target=torch.ops.aten.transpose.int](args = (%view_143, 0, 1), kwargs = {})
    %dropout_32 : [num_users=1] = call_function[target=torch.ops.aten.dropout.default](args = (%transpose_71, 0.1, False), kwargs = {})
    %add_34 : [num_users=2] = call_function[target=torch.ops.aten.add.Tensor](args = (%add_32, %dropout_32), kwargs = {})
    %layer_norm_29 : [num_users=1] = call_function[target=torch.ops.aten.layer_norm.default](args = (%add_34, [1024], %p_encoder_encoder_layers_10_final_layer_norm_weight, %p_encoder_encoder_layers_10_final_layer_norm_bias, 1e-05, False), kwargs = {})
    %linear_76 : [num_users=1] = call_function[target=torch.ops.aten.linear.default](args = (%layer_norm_29, %p_encoder_encoder_layers_10_feed_forward_intermediate_dense_weight, %p_encoder_encoder_layers_10_feed_forward_intermediate_dense_bias), kwargs = {})
    %gelu_18 : [num_users=1] = call_function[target=torch.ops.aten.gelu.default](args = (%linear_76,), kwargs = {})
    %dropout_33 : [num_users=1] = call_function[target=torch.ops.aten.dropout.default](args = (%gelu_18, 0.0, False), kwargs = {})
    %linear_77 : [num_users=1] = call_function[target=torch.ops.aten.linear.default](args = (%dropout_33, %p_encoder_encoder_layers_10_feed_forward_output_dense_weight, %p_encoder_encoder_layers_10_feed_forward_output_dense_bias), kwargs = {})
    %dropout_34 : [num_users=1] = call_function[target=torch.ops.aten.dropout.default](args = (%linear_77, 0.1, False), kwargs = {})
    %add_35 : [num_users=2] = call_function[target=torch.ops.aten.add.Tensor](args = (%add_34, %dropout_34), kwargs = {})
    %rand_11 : [num_users=0] = call_function[target=torch.ops.aten.rand.default](args = ([],), kwargs = {device: cpu, pin_memory: False})
    %layer_norm_30 : [num_users=2] = call_function[target=torch.ops.aten.layer_norm.default](args = (%add_35, [1024], %p_encoder_encoder_layers_11_layer_norm_weight, %p_encoder_encoder_layers_11_layer_norm_bias, 1e-05, False), kwargs = {})
    %view_144 : [num_users=1] = call_function[target=torch.ops.aten.view.default](args = (%layer_norm_30, [1, 149, 16, -1]), kwargs = {})
    %permute_23 : [num_users=1] = call_function[target=torch.ops.aten.permute.default](args = (%view_144, [0, 2, 1, 3]), kwargs = {})
    %linear_78 : [num_users=1] = call_function[target=torch.ops.aten.linear.default](args = (%permute_23, %p_encoder_encoder_layers_11_attention_gru_rel_pos_linear_weight, %p_encoder_encoder_layers_11_attention_gru_rel_pos_linear_bias), kwargs = {})
    %view_145 : [num_users=1] = call_function[target=torch.ops.aten.view.default](args = (%linear_78, [1, 16, 149, 2, 4]), kwargs = {})
    %sum_12 : [num_users=1] = call_function[target=torch.ops.aten.sum.dim_IntList](args = (%view_145, [-1]), kwargs = {})
    %sigmoid_11 : [num_users=1] = call_function[target=torch.ops.aten.sigmoid.default](args = (%sum_12,), kwargs = {})
    %chunk_22 : [num_users=2] = call_function[target=torch.ops.aten.chunk.default](args = (%sigmoid_11, 2, -1), kwargs = {})
    %getitem_55 : [num_users=1] = call_function[target=operator.getitem](args = (%chunk_22, 0), kwargs = {})
    %getitem_56 : [num_users=1] = call_function[target=operator.getitem](args = (%chunk_22, 1), kwargs = {})
    %mul_35 : [num_users=1] = call_function[target=torch.ops.aten.mul.Tensor](args = (%getitem_56, %p_encoder_encoder_layers_11_attention_gru_rel_pos_const), kwargs = {})
    %sub_13 : [num_users=1] = call_function[target=torch.ops.aten.sub.Tensor](args = (%mul_35, 1.0), kwargs = {})
    %mul_36 : [num_users=1] = call_function[target=torch.ops.aten.mul.Tensor](args = (%getitem_55, %sub_13), kwargs = {})
    %add_36 : [num_users=1] = call_function[target=torch.ops.aten.add.Tensor](args = (%mul_36, 2.0), kwargs = {})
    %view_146 : [num_users=1] = call_function[target=torch.ops.aten.view.default](args = (%add_36, [16, -1, 1]), kwargs = {})
    %mul_37 : [num_users=1] = call_function[target=torch.ops.aten.mul.Tensor](args = (%view_146, %view), kwargs = {})
    %view_147 : [num_users=1] = call_function[target=torch.ops.aten.view.default](args = (%mul_37, [-1, 149, 149]), kwargs = {})
    %transpose_72 : [num_users=3] = call_function[target=torch.ops.aten.transpose.int](args = (%layer_norm_30, 0, 1), kwargs = {})
    %cat_11 : [num_users=1] = call_function[target=torch.ops.aten.cat.default](args = ([%p_encoder_encoder_layers_11_attention_q_proj_bias, %p_encoder_encoder_layers_11_attention_k_proj_bias, %p_encoder_encoder_layers_11_attention_v_proj_bias],), kwargs = {})
    %chunk_23 : [num_users=3] = call_function[target=torch.ops.aten.chunk.default](args = (%cat_11, 3), kwargs = {})
    %getitem_57 : [num_users=1] = call_function[target=operator.getitem](args = (%chunk_23, 0), kwargs = {})
    %getitem_58 : [num_users=1] = call_function[target=operator.getitem](args = (%chunk_23, 1), kwargs = {})
    %getitem_59 : [num_users=1] = call_function[target=operator.getitem](args = (%chunk_23, 2), kwargs = {})
    %linear_79 : [num_users=1] = call_function[target=torch.ops.aten.linear.default](args = (%transpose_72, %p_encoder_encoder_layers_11_attention_q_proj_weight, %getitem_57), kwargs = {})
    %linear_80 : [num_users=1] = call_function[target=torch.ops.aten.linear.default](args = (%transpose_72, %p_encoder_encoder_layers_11_attention_k_proj_weight, %getitem_58), kwargs = {})
    %linear_81 : [num_users=1] = call_function[target=torch.ops.aten.linear.default](args = (%transpose_72, %p_encoder_encoder_layers_11_attention_v_proj_weight, %getitem_59), kwargs = {})
    %view_148 : [num_users=1] = call_function[target=torch.ops.aten.view.default](args = (%linear_79, [149, 16, 64]), kwargs = {})
    %transpose_73 : [num_users=1] = call_function[target=torch.ops.aten.transpose.int](args = (%view_148, 0, 1), kwargs = {})
    %view_149 : [num_users=1] = call_function[target=torch.ops.aten.view.default](args = (%linear_80, [149, 16, 64]), kwargs = {})
    %transpose_74 : [num_users=1] = call_function[target=torch.ops.aten.transpose.int](args = (%view_149, 0, 1), kwargs = {})
    %view_150 : [num_users=1] = call_function[target=torch.ops.aten.view.default](args = (%linear_81, [149, 16, 64]), kwargs = {})
    %transpose_75 : [num_users=1] = call_function[target=torch.ops.aten.transpose.int](args = (%view_150, 0, 1), kwargs = {})
    %view_151 : [num_users=1] = call_function[target=torch.ops.aten.view.default](args = (%view_147, [1, 16, -1, 149]), kwargs = {})
    %view_152 : [num_users=1] = call_function[target=torch.ops.aten.view.default](args = (%transpose_73, [1, 16, 149, 64]), kwargs = {})
    %view_153 : [num_users=1] = call_function[target=torch.ops.aten.view.default](args = (%transpose_74, [1, 16, 149, 64]), kwargs = {})
    %view_154 : [num_users=1] = call_function[target=torch.ops.aten.view.default](args = (%transpose_75, [1, 16, 149, 64]), kwargs = {})
    %mul_96 : [num_users=1] = call_function[target=torch.ops.aten.mul.Scalar](args = (%view_152, 0.3535533905932738), kwargs = {})
    %transpose_148 : [num_users=1] = call_function[target=torch.ops.aten.transpose.int](args = (%view_153, -2, -1), kwargs = {})
    %mul_97 : [num_users=1] = call_function[target=torch.ops.aten.mul.Scalar](args = (%transpose_148, 0.3535533905932738), kwargs = {})
    %expand_44 : [num_users=1] = call_function[target=torch.ops.aten.expand.default](args = (%mul_96, [1, 16, 149, 64]), kwargs = {})
    %view_379 : [num_users=1] = call_function[target=torch.ops.aten.view.default](args = (%expand_44, [16, 149, 64]), kwargs = {})
    %expand_45 : [num_users=1] = call_function[target=torch.ops.aten.expand.default](args = (%mul_97, [1, 16, 64, 149]), kwargs = {})
    %view_380 : [num_users=1] = call_function[target=torch.ops.aten.view.default](args = (%expand_45, [16, 64, 149]), kwargs = {})
    %bmm_22 : [num_users=1] = call_function[target=torch.ops.aten.bmm.default](args = (%view_379, %view_380), kwargs = {})
    %view_381 : [num_users=1] = call_function[target=torch.ops.aten.view.default](args = (%bmm_22, [1, 16, 149, 149]), kwargs = {})
    %add_86 : [num_users=1] = call_function[target=torch.ops.aten.add.Tensor](args = (%view_381, %view_151), kwargs = {})
    %_safe_softmax_11 : [num_users=1] = call_function[target=torch.ops.aten._safe_softmax.default](args = (%add_86, -1), kwargs = {})
    %expand_46 : [num_users=1] = call_function[target=torch.ops.aten.expand.default](args = (%_safe_softmax_11, [1, 16, 149, 149]), kwargs = {})
    %view_382 : [num_users=1] = call_function[target=torch.ops.aten.view.default](args = (%expand_46, [16, 149, 149]), kwargs = {})
    %expand_47 : [num_users=1] = call_function[target=torch.ops.aten.expand.default](args = (%view_154, [1, 16, 149, 64]), kwargs = {})
    %view_383 : [num_users=1] = call_function[target=torch.ops.aten.view.default](args = (%expand_47, [16, 149, 64]), kwargs = {})
    %bmm_23 : [num_users=1] = call_function[target=torch.ops.aten.bmm.default](args = (%view_382, %view_383), kwargs = {})
    %view_384 : [num_users=1] = call_function[target=torch.ops.aten.view.default](args = (%bmm_23, [1, 16, 149, 64]), kwargs = {})
    %permute_71 : [num_users=1] = call_function[target=torch.ops.aten.permute.default](args = (%view_384, [2, 0, 1, 3]), kwargs = {})
    %clone_11 : [num_users=1] = call_function[target=torch.ops.aten.clone.default](args = (%permute_71,), kwargs = {memory_format: torch.contiguous_format})
    %permute_72 : [num_users=1] = call_function[target=torch.ops.aten.permute.default](args = (%clone_11, [1, 2, 0, 3]), kwargs = {})
    %permute_24 : [num_users=1] = call_function[target=torch.ops.aten.permute.default](args = (%permute_72, [2, 0, 1, 3]), kwargs = {})
    %view_155 : [num_users=1] = call_function[target=torch.ops.aten.view.default](args = (%permute_24, [149, 1024]), kwargs = {})
    %linear_82 : [num_users=1] = call_function[target=torch.ops.aten.linear.default](args = (%view_155, %p_encoder_encoder_layers_11_attention_out_proj_weight, %p_encoder_encoder_layers_11_attention_out_proj_bias), kwargs = {})
    %view_156 : [num_users=1] = call_function[target=torch.ops.aten.view.default](args = (%linear_82, [149, 1, 1024]), kwargs = {})
    %transpose_76 : [num_users=1] = call_function[target=torch.ops.aten.transpose.int](args = (%view_156, 0, 1), kwargs = {})
    %dropout_35 : [num_users=1] = call_function[target=torch.ops.aten.dropout.default](args = (%transpose_76, 0.1, False), kwargs = {})
    %add_37 : [num_users=2] = call_function[target=torch.ops.aten.add.Tensor](args = (%add_35, %dropout_35), kwargs = {})
    %layer_norm_31 : [num_users=1] = call_function[target=torch.ops.aten.layer_norm.default](args = (%add_37, [1024], %p_encoder_encoder_layers_11_final_layer_norm_weight, %p_encoder_encoder_layers_11_final_layer_norm_bias, 1e-05, False), kwargs = {})
    %linear_83 : [num_users=1] = call_function[target=torch.ops.aten.linear.default](args = (%layer_norm_31, %p_encoder_encoder_layers_11_feed_forward_intermediate_dense_weight, %p_encoder_encoder_layers_11_feed_forward_intermediate_dense_bias), kwargs = {})
    %gelu_19 : [num_users=1] = call_function[target=torch.ops.aten.gelu.default](args = (%linear_83,), kwargs = {})
    %dropout_36 : [num_users=1] = call_function[target=torch.ops.aten.dropout.default](args = (%gelu_19, 0.0, False), kwargs = {})
    %linear_84 : [num_users=1] = call_function[target=torch.ops.aten.linear.default](args = (%dropout_36, %p_encoder_encoder_layers_11_feed_forward_output_dense_weight, %p_encoder_encoder_layers_11_feed_forward_output_dense_bias), kwargs = {})
    %dropout_37 : [num_users=1] = call_function[target=torch.ops.aten.dropout.default](args = (%linear_84, 0.1, False), kwargs = {})
    %add_38 : [num_users=2] = call_function[target=torch.ops.aten.add.Tensor](args = (%add_37, %dropout_37), kwargs = {})
    %rand_12 : [num_users=0] = call_function[target=torch.ops.aten.rand.default](args = ([],), kwargs = {device: cpu, pin_memory: False})
    %layer_norm_32 : [num_users=2] = call_function[target=torch.ops.aten.layer_norm.default](args = (%add_38, [1024], %p_encoder_encoder_layers_12_layer_norm_weight, %p_encoder_encoder_layers_12_layer_norm_bias, 1e-05, False), kwargs = {})
    %view_157 : [num_users=1] = call_function[target=torch.ops.aten.view.default](args = (%layer_norm_32, [1, 149, 16, -1]), kwargs = {})
    %permute_25 : [num_users=1] = call_function[target=torch.ops.aten.permute.default](args = (%view_157, [0, 2, 1, 3]), kwargs = {})
    %linear_85 : [num_users=1] = call_function[target=torch.ops.aten.linear.default](args = (%permute_25, %p_encoder_encoder_layers_12_attention_gru_rel_pos_linear_weight, %p_encoder_encoder_layers_12_attention_gru_rel_pos_linear_bias), kwargs = {})
    %view_158 : [num_users=1] = call_function[target=torch.ops.aten.view.default](args = (%linear_85, [1, 16, 149, 2, 4]), kwargs = {})
    %sum_13 : [num_users=1] = call_function[target=torch.ops.aten.sum.dim_IntList](args = (%view_158, [-1]), kwargs = {})
    %sigmoid_12 : [num_users=1] = call_function[target=torch.ops.aten.sigmoid.default](args = (%sum_13,), kwargs = {})
    %chunk_24 : [num_users=2] = call_function[target=torch.ops.aten.chunk.default](args = (%sigmoid_12, 2, -1), kwargs = {})
    %getitem_60 : [num_users=1] = call_function[target=operator.getitem](args = (%chunk_24, 0), kwargs = {})
    %getitem_61 : [num_users=1] = call_function[target=operator.getitem](args = (%chunk_24, 1), kwargs = {})
    %mul_38 : [num_users=1] = call_function[target=torch.ops.aten.mul.Tensor](args = (%getitem_61, %p_encoder_encoder_layers_12_attention_gru_rel_pos_const), kwargs = {})
    %sub_14 : [num_users=1] = call_function[target=torch.ops.aten.sub.Tensor](args = (%mul_38, 1.0), kwargs = {})
    %mul_39 : [num_users=1] = call_function[target=torch.ops.aten.mul.Tensor](args = (%getitem_60, %sub_14), kwargs = {})
    %add_39 : [num_users=1] = call_function[target=torch.ops.aten.add.Tensor](args = (%mul_39, 2.0), kwargs = {})
    %view_159 : [num_users=1] = call_function[target=torch.ops.aten.view.default](args = (%add_39, [16, -1, 1]), kwargs = {})
    %mul_40 : [num_users=1] = call_function[target=torch.ops.aten.mul.Tensor](args = (%view_159, %view), kwargs = {})
    %view_160 : [num_users=1] = call_function[target=torch.ops.aten.view.default](args = (%mul_40, [-1, 149, 149]), kwargs = {})
    %transpose_77 : [num_users=3] = call_function[target=torch.ops.aten.transpose.int](args = (%layer_norm_32, 0, 1), kwargs = {})
    %cat_12 : [num_users=1] = call_function[target=torch.ops.aten.cat.default](args = ([%p_encoder_encoder_layers_12_attention_q_proj_bias, %p_encoder_encoder_layers_12_attention_k_proj_bias, %p_encoder_encoder_layers_12_attention_v_proj_bias],), kwargs = {})
    %chunk_25 : [num_users=3] = call_function[target=torch.ops.aten.chunk.default](args = (%cat_12, 3), kwargs = {})
    %getitem_62 : [num_users=1] = call_function[target=operator.getitem](args = (%chunk_25, 0), kwargs = {})
    %getitem_63 : [num_users=1] = call_function[target=operator.getitem](args = (%chunk_25, 1), kwargs = {})
    %getitem_64 : [num_users=1] = call_function[target=operator.getitem](args = (%chunk_25, 2), kwargs = {})
    %linear_86 : [num_users=1] = call_function[target=torch.ops.aten.linear.default](args = (%transpose_77, %p_encoder_encoder_layers_12_attention_q_proj_weight, %getitem_62), kwargs = {})
    %linear_87 : [num_users=1] = call_function[target=torch.ops.aten.linear.default](args = (%transpose_77, %p_encoder_encoder_layers_12_attention_k_proj_weight, %getitem_63), kwargs = {})
    %linear_88 : [num_users=1] = call_function[target=torch.ops.aten.linear.default](args = (%transpose_77, %p_encoder_encoder_layers_12_attention_v_proj_weight, %getitem_64), kwargs = {})
    %view_161 : [num_users=1] = call_function[target=torch.ops.aten.view.default](args = (%linear_86, [149, 16, 64]), kwargs = {})
    %transpose_78 : [num_users=1] = call_function[target=torch.ops.aten.transpose.int](args = (%view_161, 0, 1), kwargs = {})
    %view_162 : [num_users=1] = call_function[target=torch.ops.aten.view.default](args = (%linear_87, [149, 16, 64]), kwargs = {})
    %transpose_79 : [num_users=1] = call_function[target=torch.ops.aten.transpose.int](args = (%view_162, 0, 1), kwargs = {})
    %view_163 : [num_users=1] = call_function[target=torch.ops.aten.view.default](args = (%linear_88, [149, 16, 64]), kwargs = {})
    %transpose_80 : [num_users=1] = call_function[target=torch.ops.aten.transpose.int](args = (%view_163, 0, 1), kwargs = {})
    %view_164 : [num_users=1] = call_function[target=torch.ops.aten.view.default](args = (%view_160, [1, 16, -1, 149]), kwargs = {})
    %view_165 : [num_users=1] = call_function[target=torch.ops.aten.view.default](args = (%transpose_78, [1, 16, 149, 64]), kwargs = {})
    %view_166 : [num_users=1] = call_function[target=torch.ops.aten.view.default](args = (%transpose_79, [1, 16, 149, 64]), kwargs = {})
    %view_167 : [num_users=1] = call_function[target=torch.ops.aten.view.default](args = (%transpose_80, [1, 16, 149, 64]), kwargs = {})
    %mul_98 : [num_users=1] = call_function[target=torch.ops.aten.mul.Scalar](args = (%view_165, 0.3535533905932738), kwargs = {})
    %transpose_149 : [num_users=1] = call_function[target=torch.ops.aten.transpose.int](args = (%view_166, -2, -1), kwargs = {})
    %mul_99 : [num_users=1] = call_function[target=torch.ops.aten.mul.Scalar](args = (%transpose_149, 0.3535533905932738), kwargs = {})
    %expand_48 : [num_users=1] = call_function[target=torch.ops.aten.expand.default](args = (%mul_98, [1, 16, 149, 64]), kwargs = {})
    %view_385 : [num_users=1] = call_function[target=torch.ops.aten.view.default](args = (%expand_48, [16, 149, 64]), kwargs = {})
    %expand_49 : [num_users=1] = call_function[target=torch.ops.aten.expand.default](args = (%mul_99, [1, 16, 64, 149]), kwargs = {})
    %view_386 : [num_users=1] = call_function[target=torch.ops.aten.view.default](args = (%expand_49, [16, 64, 149]), kwargs = {})
    %bmm_24 : [num_users=1] = call_function[target=torch.ops.aten.bmm.default](args = (%view_385, %view_386), kwargs = {})
    %view_387 : [num_users=1] = call_function[target=torch.ops.aten.view.default](args = (%bmm_24, [1, 16, 149, 149]), kwargs = {})
    %add_87 : [num_users=1] = call_function[target=torch.ops.aten.add.Tensor](args = (%view_387, %view_164), kwargs = {})
    %_safe_softmax_12 : [num_users=1] = call_function[target=torch.ops.aten._safe_softmax.default](args = (%add_87, -1), kwargs = {})
    %expand_50 : [num_users=1] = call_function[target=torch.ops.aten.expand.default](args = (%_safe_softmax_12, [1, 16, 149, 149]), kwargs = {})
    %view_388 : [num_users=1] = call_function[target=torch.ops.aten.view.default](args = (%expand_50, [16, 149, 149]), kwargs = {})
    %expand_51 : [num_users=1] = call_function[target=torch.ops.aten.expand.default](args = (%view_167, [1, 16, 149, 64]), kwargs = {})
    %view_389 : [num_users=1] = call_function[target=torch.ops.aten.view.default](args = (%expand_51, [16, 149, 64]), kwargs = {})
    %bmm_25 : [num_users=1] = call_function[target=torch.ops.aten.bmm.default](args = (%view_388, %view_389), kwargs = {})
    %view_390 : [num_users=1] = call_function[target=torch.ops.aten.view.default](args = (%bmm_25, [1, 16, 149, 64]), kwargs = {})
    %permute_73 : [num_users=1] = call_function[target=torch.ops.aten.permute.default](args = (%view_390, [2, 0, 1, 3]), kwargs = {})
    %clone_12 : [num_users=1] = call_function[target=torch.ops.aten.clone.default](args = (%permute_73,), kwargs = {memory_format: torch.contiguous_format})
    %permute_74 : [num_users=1] = call_function[target=torch.ops.aten.permute.default](args = (%clone_12, [1, 2, 0, 3]), kwargs = {})
    %permute_26 : [num_users=1] = call_function[target=torch.ops.aten.permute.default](args = (%permute_74, [2, 0, 1, 3]), kwargs = {})
    %view_168 : [num_users=1] = call_function[target=torch.ops.aten.view.default](args = (%permute_26, [149, 1024]), kwargs = {})
    %linear_89 : [num_users=1] = call_function[target=torch.ops.aten.linear.default](args = (%view_168, %p_encoder_encoder_layers_12_attention_out_proj_weight, %p_encoder_encoder_layers_12_attention_out_proj_bias), kwargs = {})
    %view_169 : [num_users=1] = call_function[target=torch.ops.aten.view.default](args = (%linear_89, [149, 1, 1024]), kwargs = {})
    %transpose_81 : [num_users=1] = call_function[target=torch.ops.aten.transpose.int](args = (%view_169, 0, 1), kwargs = {})
    %dropout_38 : [num_users=1] = call_function[target=torch.ops.aten.dropout.default](args = (%transpose_81, 0.1, False), kwargs = {})
    %add_40 : [num_users=2] = call_function[target=torch.ops.aten.add.Tensor](args = (%add_38, %dropout_38), kwargs = {})
    %layer_norm_33 : [num_users=1] = call_function[target=torch.ops.aten.layer_norm.default](args = (%add_40, [1024], %p_encoder_encoder_layers_12_final_layer_norm_weight, %p_encoder_encoder_layers_12_final_layer_norm_bias, 1e-05, False), kwargs = {})
    %linear_90 : [num_users=1] = call_function[target=torch.ops.aten.linear.default](args = (%layer_norm_33, %p_encoder_encoder_layers_12_feed_forward_intermediate_dense_weight, %p_encoder_encoder_layers_12_feed_forward_intermediate_dense_bias), kwargs = {})
    %gelu_20 : [num_users=1] = call_function[target=torch.ops.aten.gelu.default](args = (%linear_90,), kwargs = {})
    %dropout_39 : [num_users=1] = call_function[target=torch.ops.aten.dropout.default](args = (%gelu_20, 0.0, False), kwargs = {})
    %linear_91 : [num_users=1] = call_function[target=torch.ops.aten.linear.default](args = (%dropout_39, %p_encoder_encoder_layers_12_feed_forward_output_dense_weight, %p_encoder_encoder_layers_12_feed_forward_output_dense_bias), kwargs = {})
    %dropout_40 : [num_users=1] = call_function[target=torch.ops.aten.dropout.default](args = (%linear_91, 0.1, False), kwargs = {})
    %add_41 : [num_users=2] = call_function[target=torch.ops.aten.add.Tensor](args = (%add_40, %dropout_40), kwargs = {})
    %rand_13 : [num_users=0] = call_function[target=torch.ops.aten.rand.default](args = ([],), kwargs = {device: cpu, pin_memory: False})
    %layer_norm_34 : [num_users=2] = call_function[target=torch.ops.aten.layer_norm.default](args = (%add_41, [1024], %p_encoder_encoder_layers_13_layer_norm_weight, %p_encoder_encoder_layers_13_layer_norm_bias, 1e-05, False), kwargs = {})
    %view_170 : [num_users=1] = call_function[target=torch.ops.aten.view.default](args = (%layer_norm_34, [1, 149, 16, -1]), kwargs = {})
    %permute_27 : [num_users=1] = call_function[target=torch.ops.aten.permute.default](args = (%view_170, [0, 2, 1, 3]), kwargs = {})
    %linear_92 : [num_users=1] = call_function[target=torch.ops.aten.linear.default](args = (%permute_27, %p_encoder_encoder_layers_13_attention_gru_rel_pos_linear_weight, %p_encoder_encoder_layers_13_attention_gru_rel_pos_linear_bias), kwargs = {})
    %view_171 : [num_users=1] = call_function[target=torch.ops.aten.view.default](args = (%linear_92, [1, 16, 149, 2, 4]), kwargs = {})
    %sum_14 : [num_users=1] = call_function[target=torch.ops.aten.sum.dim_IntList](args = (%view_171, [-1]), kwargs = {})
    %sigmoid_13 : [num_users=1] = call_function[target=torch.ops.aten.sigmoid.default](args = (%sum_14,), kwargs = {})
    %chunk_26 : [num_users=2] = call_function[target=torch.ops.aten.chunk.default](args = (%sigmoid_13, 2, -1), kwargs = {})
    %getitem_65 : [num_users=1] = call_function[target=operator.getitem](args = (%chunk_26, 0), kwargs = {})
    %getitem_66 : [num_users=1] = call_function[target=operator.getitem](args = (%chunk_26, 1), kwargs = {})
    %mul_41 : [num_users=1] = call_function[target=torch.ops.aten.mul.Tensor](args = (%getitem_66, %p_encoder_encoder_layers_13_attention_gru_rel_pos_const), kwargs = {})
    %sub_15 : [num_users=1] = call_function[target=torch.ops.aten.sub.Tensor](args = (%mul_41, 1.0), kwargs = {})
    %mul_42 : [num_users=1] = call_function[target=torch.ops.aten.mul.Tensor](args = (%getitem_65, %sub_15), kwargs = {})
    %add_42 : [num_users=1] = call_function[target=torch.ops.aten.add.Tensor](args = (%mul_42, 2.0), kwargs = {})
    %view_172 : [num_users=1] = call_function[target=torch.ops.aten.view.default](args = (%add_42, [16, -1, 1]), kwargs = {})
    %mul_43 : [num_users=1] = call_function[target=torch.ops.aten.mul.Tensor](args = (%view_172, %view), kwargs = {})
    %view_173 : [num_users=1] = call_function[target=torch.ops.aten.view.default](args = (%mul_43, [-1, 149, 149]), kwargs = {})
    %transpose_82 : [num_users=3] = call_function[target=torch.ops.aten.transpose.int](args = (%layer_norm_34, 0, 1), kwargs = {})
    %cat_13 : [num_users=1] = call_function[target=torch.ops.aten.cat.default](args = ([%p_encoder_encoder_layers_13_attention_q_proj_bias, %p_encoder_encoder_layers_13_attention_k_proj_bias, %p_encoder_encoder_layers_13_attention_v_proj_bias],), kwargs = {})
    %chunk_27 : [num_users=3] = call_function[target=torch.ops.aten.chunk.default](args = (%cat_13, 3), kwargs = {})
    %getitem_67 : [num_users=1] = call_function[target=operator.getitem](args = (%chunk_27, 0), kwargs = {})
    %getitem_68 : [num_users=1] = call_function[target=operator.getitem](args = (%chunk_27, 1), kwargs = {})
    %getitem_69 : [num_users=1] = call_function[target=operator.getitem](args = (%chunk_27, 2), kwargs = {})
    %linear_93 : [num_users=1] = call_function[target=torch.ops.aten.linear.default](args = (%transpose_82, %p_encoder_encoder_layers_13_attention_q_proj_weight, %getitem_67), kwargs = {})
    %linear_94 : [num_users=1] = call_function[target=torch.ops.aten.linear.default](args = (%transpose_82, %p_encoder_encoder_layers_13_attention_k_proj_weight, %getitem_68), kwargs = {})
    %linear_95 : [num_users=1] = call_function[target=torch.ops.aten.linear.default](args = (%transpose_82, %p_encoder_encoder_layers_13_attention_v_proj_weight, %getitem_69), kwargs = {})
    %view_174 : [num_users=1] = call_function[target=torch.ops.aten.view.default](args = (%linear_93, [149, 16, 64]), kwargs = {})
    %transpose_83 : [num_users=1] = call_function[target=torch.ops.aten.transpose.int](args = (%view_174, 0, 1), kwargs = {})
    %view_175 : [num_users=1] = call_function[target=torch.ops.aten.view.default](args = (%linear_94, [149, 16, 64]), kwargs = {})
    %transpose_84 : [num_users=1] = call_function[target=torch.ops.aten.transpose.int](args = (%view_175, 0, 1), kwargs = {})
    %view_176 : [num_users=1] = call_function[target=torch.ops.aten.view.default](args = (%linear_95, [149, 16, 64]), kwargs = {})
    %transpose_85 : [num_users=1] = call_function[target=torch.ops.aten.transpose.int](args = (%view_176, 0, 1), kwargs = {})
    %view_177 : [num_users=1] = call_function[target=torch.ops.aten.view.default](args = (%view_173, [1, 16, -1, 149]), kwargs = {})
    %view_178 : [num_users=1] = call_function[target=torch.ops.aten.view.default](args = (%transpose_83, [1, 16, 149, 64]), kwargs = {})
    %view_179 : [num_users=1] = call_function[target=torch.ops.aten.view.default](args = (%transpose_84, [1, 16, 149, 64]), kwargs = {})
    %view_180 : [num_users=1] = call_function[target=torch.ops.aten.view.default](args = (%transpose_85, [1, 16, 149, 64]), kwargs = {})
    %mul_100 : [num_users=1] = call_function[target=torch.ops.aten.mul.Scalar](args = (%view_178, 0.3535533905932738), kwargs = {})
    %transpose_150 : [num_users=1] = call_function[target=torch.ops.aten.transpose.int](args = (%view_179, -2, -1), kwargs = {})
    %mul_101 : [num_users=1] = call_function[target=torch.ops.aten.mul.Scalar](args = (%transpose_150, 0.3535533905932738), kwargs = {})
    %expand_52 : [num_users=1] = call_function[target=torch.ops.aten.expand.default](args = (%mul_100, [1, 16, 149, 64]), kwargs = {})
    %view_391 : [num_users=1] = call_function[target=torch.ops.aten.view.default](args = (%expand_52, [16, 149, 64]), kwargs = {})
    %expand_53 : [num_users=1] = call_function[target=torch.ops.aten.expand.default](args = (%mul_101, [1, 16, 64, 149]), kwargs = {})
    %view_392 : [num_users=1] = call_function[target=torch.ops.aten.view.default](args = (%expand_53, [16, 64, 149]), kwargs = {})
    %bmm_26 : [num_users=1] = call_function[target=torch.ops.aten.bmm.default](args = (%view_391, %view_392), kwargs = {})
    %view_393 : [num_users=1] = call_function[target=torch.ops.aten.view.default](args = (%bmm_26, [1, 16, 149, 149]), kwargs = {})
    %add_88 : [num_users=1] = call_function[target=torch.ops.aten.add.Tensor](args = (%view_393, %view_177), kwargs = {})
    %_safe_softmax_13 : [num_users=1] = call_function[target=torch.ops.aten._safe_softmax.default](args = (%add_88, -1), kwargs = {})
    %expand_54 : [num_users=1] = call_function[target=torch.ops.aten.expand.default](args = (%_safe_softmax_13, [1, 16, 149, 149]), kwargs = {})
    %view_394 : [num_users=1] = call_function[target=torch.ops.aten.view.default](args = (%expand_54, [16, 149, 149]), kwargs = {})
    %expand_55 : [num_users=1] = call_function[target=torch.ops.aten.expand.default](args = (%view_180, [1, 16, 149, 64]), kwargs = {})
    %view_395 : [num_users=1] = call_function[target=torch.ops.aten.view.default](args = (%expand_55, [16, 149, 64]), kwargs = {})
    %bmm_27 : [num_users=1] = call_function[target=torch.ops.aten.bmm.default](args = (%view_394, %view_395), kwargs = {})
    %view_396 : [num_users=1] = call_function[target=torch.ops.aten.view.default](args = (%bmm_27, [1, 16, 149, 64]), kwargs = {})
    %permute_75 : [num_users=1] = call_function[target=torch.ops.aten.permute.default](args = (%view_396, [2, 0, 1, 3]), kwargs = {})
    %clone_13 : [num_users=1] = call_function[target=torch.ops.aten.clone.default](args = (%permute_75,), kwargs = {memory_format: torch.contiguous_format})
    %permute_76 : [num_users=1] = call_function[target=torch.ops.aten.permute.default](args = (%clone_13, [1, 2, 0, 3]), kwargs = {})
    %permute_28 : [num_users=1] = call_function[target=torch.ops.aten.permute.default](args = (%permute_76, [2, 0, 1, 3]), kwargs = {})
    %view_181 : [num_users=1] = call_function[target=torch.ops.aten.view.default](args = (%permute_28, [149, 1024]), kwargs = {})
    %linear_96 : [num_users=1] = call_function[target=torch.ops.aten.linear.default](args = (%view_181, %p_encoder_encoder_layers_13_attention_out_proj_weight, %p_encoder_encoder_layers_13_attention_out_proj_bias), kwargs = {})
    %view_182 : [num_users=1] = call_function[target=torch.ops.aten.view.default](args = (%linear_96, [149, 1, 1024]), kwargs = {})
    %transpose_86 : [num_users=1] = call_function[target=torch.ops.aten.transpose.int](args = (%view_182, 0, 1), kwargs = {})
    %dropout_41 : [num_users=1] = call_function[target=torch.ops.aten.dropout.default](args = (%transpose_86, 0.1, False), kwargs = {})
    %add_43 : [num_users=2] = call_function[target=torch.ops.aten.add.Tensor](args = (%add_41, %dropout_41), kwargs = {})
    %layer_norm_35 : [num_users=1] = call_function[target=torch.ops.aten.layer_norm.default](args = (%add_43, [1024], %p_encoder_encoder_layers_13_final_layer_norm_weight, %p_encoder_encoder_layers_13_final_layer_norm_bias, 1e-05, False), kwargs = {})
    %linear_97 : [num_users=1] = call_function[target=torch.ops.aten.linear.default](args = (%layer_norm_35, %p_encoder_encoder_layers_13_feed_forward_intermediate_dense_weight, %p_encoder_encoder_layers_13_feed_forward_intermediate_dense_bias), kwargs = {})
    %gelu_21 : [num_users=1] = call_function[target=torch.ops.aten.gelu.default](args = (%linear_97,), kwargs = {})
    %dropout_42 : [num_users=1] = call_function[target=torch.ops.aten.dropout.default](args = (%gelu_21, 0.0, False), kwargs = {})
    %linear_98 : [num_users=1] = call_function[target=torch.ops.aten.linear.default](args = (%dropout_42, %p_encoder_encoder_layers_13_feed_forward_output_dense_weight, %p_encoder_encoder_layers_13_feed_forward_output_dense_bias), kwargs = {})
    %dropout_43 : [num_users=1] = call_function[target=torch.ops.aten.dropout.default](args = (%linear_98, 0.1, False), kwargs = {})
    %add_44 : [num_users=2] = call_function[target=torch.ops.aten.add.Tensor](args = (%add_43, %dropout_43), kwargs = {})
    %rand_14 : [num_users=0] = call_function[target=torch.ops.aten.rand.default](args = ([],), kwargs = {device: cpu, pin_memory: False})
    %layer_norm_36 : [num_users=2] = call_function[target=torch.ops.aten.layer_norm.default](args = (%add_44, [1024], %p_encoder_encoder_layers_14_layer_norm_weight, %p_encoder_encoder_layers_14_layer_norm_bias, 1e-05, False), kwargs = {})
    %view_183 : [num_users=1] = call_function[target=torch.ops.aten.view.default](args = (%layer_norm_36, [1, 149, 16, -1]), kwargs = {})
    %permute_29 : [num_users=1] = call_function[target=torch.ops.aten.permute.default](args = (%view_183, [0, 2, 1, 3]), kwargs = {})
    %linear_99 : [num_users=1] = call_function[target=torch.ops.aten.linear.default](args = (%permute_29, %p_encoder_encoder_layers_14_attention_gru_rel_pos_linear_weight, %p_encoder_encoder_layers_14_attention_gru_rel_pos_linear_bias), kwargs = {})
    %view_184 : [num_users=1] = call_function[target=torch.ops.aten.view.default](args = (%linear_99, [1, 16, 149, 2, 4]), kwargs = {})
    %sum_15 : [num_users=1] = call_function[target=torch.ops.aten.sum.dim_IntList](args = (%view_184, [-1]), kwargs = {})
    %sigmoid_14 : [num_users=1] = call_function[target=torch.ops.aten.sigmoid.default](args = (%sum_15,), kwargs = {})
    %chunk_28 : [num_users=2] = call_function[target=torch.ops.aten.chunk.default](args = (%sigmoid_14, 2, -1), kwargs = {})
    %getitem_70 : [num_users=1] = call_function[target=operator.getitem](args = (%chunk_28, 0), kwargs = {})
    %getitem_71 : [num_users=1] = call_function[target=operator.getitem](args = (%chunk_28, 1), kwargs = {})
    %mul_44 : [num_users=1] = call_function[target=torch.ops.aten.mul.Tensor](args = (%getitem_71, %p_encoder_encoder_layers_14_attention_gru_rel_pos_const), kwargs = {})
    %sub_16 : [num_users=1] = call_function[target=torch.ops.aten.sub.Tensor](args = (%mul_44, 1.0), kwargs = {})
    %mul_45 : [num_users=1] = call_function[target=torch.ops.aten.mul.Tensor](args = (%getitem_70, %sub_16), kwargs = {})
    %add_45 : [num_users=1] = call_function[target=torch.ops.aten.add.Tensor](args = (%mul_45, 2.0), kwargs = {})
    %view_185 : [num_users=1] = call_function[target=torch.ops.aten.view.default](args = (%add_45, [16, -1, 1]), kwargs = {})
    %mul_46 : [num_users=1] = call_function[target=torch.ops.aten.mul.Tensor](args = (%view_185, %view), kwargs = {})
    %view_186 : [num_users=1] = call_function[target=torch.ops.aten.view.default](args = (%mul_46, [-1, 149, 149]), kwargs = {})
    %transpose_87 : [num_users=3] = call_function[target=torch.ops.aten.transpose.int](args = (%layer_norm_36, 0, 1), kwargs = {})
    %cat_14 : [num_users=1] = call_function[target=torch.ops.aten.cat.default](args = ([%p_encoder_encoder_layers_14_attention_q_proj_bias, %p_encoder_encoder_layers_14_attention_k_proj_bias, %p_encoder_encoder_layers_14_attention_v_proj_bias],), kwargs = {})
    %chunk_29 : [num_users=3] = call_function[target=torch.ops.aten.chunk.default](args = (%cat_14, 3), kwargs = {})
    %getitem_72 : [num_users=1] = call_function[target=operator.getitem](args = (%chunk_29, 0), kwargs = {})
    %getitem_73 : [num_users=1] = call_function[target=operator.getitem](args = (%chunk_29, 1), kwargs = {})
    %getitem_74 : [num_users=1] = call_function[target=operator.getitem](args = (%chunk_29, 2), kwargs = {})
    %linear_100 : [num_users=1] = call_function[target=torch.ops.aten.linear.default](args = (%transpose_87, %p_encoder_encoder_layers_14_attention_q_proj_weight, %getitem_72), kwargs = {})
    %linear_101 : [num_users=1] = call_function[target=torch.ops.aten.linear.default](args = (%transpose_87, %p_encoder_encoder_layers_14_attention_k_proj_weight, %getitem_73), kwargs = {})
    %linear_102 : [num_users=1] = call_function[target=torch.ops.aten.linear.default](args = (%transpose_87, %p_encoder_encoder_layers_14_attention_v_proj_weight, %getitem_74), kwargs = {})
    %view_187 : [num_users=1] = call_function[target=torch.ops.aten.view.default](args = (%linear_100, [149, 16, 64]), kwargs = {})
    %transpose_88 : [num_users=1] = call_function[target=torch.ops.aten.transpose.int](args = (%view_187, 0, 1), kwargs = {})
    %view_188 : [num_users=1] = call_function[target=torch.ops.aten.view.default](args = (%linear_101, [149, 16, 64]), kwargs = {})
    %transpose_89 : [num_users=1] = call_function[target=torch.ops.aten.transpose.int](args = (%view_188, 0, 1), kwargs = {})
    %view_189 : [num_users=1] = call_function[target=torch.ops.aten.view.default](args = (%linear_102, [149, 16, 64]), kwargs = {})
    %transpose_90 : [num_users=1] = call_function[target=torch.ops.aten.transpose.int](args = (%view_189, 0, 1), kwargs = {})
    %view_190 : [num_users=1] = call_function[target=torch.ops.aten.view.default](args = (%view_186, [1, 16, -1, 149]), kwargs = {})
    %view_191 : [num_users=1] = call_function[target=torch.ops.aten.view.default](args = (%transpose_88, [1, 16, 149, 64]), kwargs = {})
    %view_192 : [num_users=1] = call_function[target=torch.ops.aten.view.default](args = (%transpose_89, [1, 16, 149, 64]), kwargs = {})
    %view_193 : [num_users=1] = call_function[target=torch.ops.aten.view.default](args = (%transpose_90, [1, 16, 149, 64]), kwargs = {})
    %mul_102 : [num_users=1] = call_function[target=torch.ops.aten.mul.Scalar](args = (%view_191, 0.3535533905932738), kwargs = {})
    %transpose_151 : [num_users=1] = call_function[target=torch.ops.aten.transpose.int](args = (%view_192, -2, -1), kwargs = {})
    %mul_103 : [num_users=1] = call_function[target=torch.ops.aten.mul.Scalar](args = (%transpose_151, 0.3535533905932738), kwargs = {})
    %expand_56 : [num_users=1] = call_function[target=torch.ops.aten.expand.default](args = (%mul_102, [1, 16, 149, 64]), kwargs = {})
    %view_397 : [num_users=1] = call_function[target=torch.ops.aten.view.default](args = (%expand_56, [16, 149, 64]), kwargs = {})
    %expand_57 : [num_users=1] = call_function[target=torch.ops.aten.expand.default](args = (%mul_103, [1, 16, 64, 149]), kwargs = {})
    %view_398 : [num_users=1] = call_function[target=torch.ops.aten.view.default](args = (%expand_57, [16, 64, 149]), kwargs = {})
    %bmm_28 : [num_users=1] = call_function[target=torch.ops.aten.bmm.default](args = (%view_397, %view_398), kwargs = {})
    %view_399 : [num_users=1] = call_function[target=torch.ops.aten.view.default](args = (%bmm_28, [1, 16, 149, 149]), kwargs = {})
    %add_89 : [num_users=1] = call_function[target=torch.ops.aten.add.Tensor](args = (%view_399, %view_190), kwargs = {})
    %_safe_softmax_14 : [num_users=1] = call_function[target=torch.ops.aten._safe_softmax.default](args = (%add_89, -1), kwargs = {})
    %expand_58 : [num_users=1] = call_function[target=torch.ops.aten.expand.default](args = (%_safe_softmax_14, [1, 16, 149, 149]), kwargs = {})
    %view_400 : [num_users=1] = call_function[target=torch.ops.aten.view.default](args = (%expand_58, [16, 149, 149]), kwargs = {})
    %expand_59 : [num_users=1] = call_function[target=torch.ops.aten.expand.default](args = (%view_193, [1, 16, 149, 64]), kwargs = {})
    %view_401 : [num_users=1] = call_function[target=torch.ops.aten.view.default](args = (%expand_59, [16, 149, 64]), kwargs = {})
    %bmm_29 : [num_users=1] = call_function[target=torch.ops.aten.bmm.default](args = (%view_400, %view_401), kwargs = {})
    %view_402 : [num_users=1] = call_function[target=torch.ops.aten.view.default](args = (%bmm_29, [1, 16, 149, 64]), kwargs = {})
    %permute_77 : [num_users=1] = call_function[target=torch.ops.aten.permute.default](args = (%view_402, [2, 0, 1, 3]), kwargs = {})
    %clone_14 : [num_users=1] = call_function[target=torch.ops.aten.clone.default](args = (%permute_77,), kwargs = {memory_format: torch.contiguous_format})
    %permute_78 : [num_users=1] = call_function[target=torch.ops.aten.permute.default](args = (%clone_14, [1, 2, 0, 3]), kwargs = {})
    %permute_30 : [num_users=1] = call_function[target=torch.ops.aten.permute.default](args = (%permute_78, [2, 0, 1, 3]), kwargs = {})
    %view_194 : [num_users=1] = call_function[target=torch.ops.aten.view.default](args = (%permute_30, [149, 1024]), kwargs = {})
    %linear_103 : [num_users=1] = call_function[target=torch.ops.aten.linear.default](args = (%view_194, %p_encoder_encoder_layers_14_attention_out_proj_weight, %p_encoder_encoder_layers_14_attention_out_proj_bias), kwargs = {})
    %view_195 : [num_users=1] = call_function[target=torch.ops.aten.view.default](args = (%linear_103, [149, 1, 1024]), kwargs = {})
    %transpose_91 : [num_users=1] = call_function[target=torch.ops.aten.transpose.int](args = (%view_195, 0, 1), kwargs = {})
    %dropout_44 : [num_users=1] = call_function[target=torch.ops.aten.dropout.default](args = (%transpose_91, 0.1, False), kwargs = {})
    %add_46 : [num_users=2] = call_function[target=torch.ops.aten.add.Tensor](args = (%add_44, %dropout_44), kwargs = {})
    %layer_norm_37 : [num_users=1] = call_function[target=torch.ops.aten.layer_norm.default](args = (%add_46, [1024], %p_encoder_encoder_layers_14_final_layer_norm_weight, %p_encoder_encoder_layers_14_final_layer_norm_bias, 1e-05, False), kwargs = {})
    %linear_104 : [num_users=1] = call_function[target=torch.ops.aten.linear.default](args = (%layer_norm_37, %p_encoder_encoder_layers_14_feed_forward_intermediate_dense_weight, %p_encoder_encoder_layers_14_feed_forward_intermediate_dense_bias), kwargs = {})
    %gelu_22 : [num_users=1] = call_function[target=torch.ops.aten.gelu.default](args = (%linear_104,), kwargs = {})
    %dropout_45 : [num_users=1] = call_function[target=torch.ops.aten.dropout.default](args = (%gelu_22, 0.0, False), kwargs = {})
    %linear_105 : [num_users=1] = call_function[target=torch.ops.aten.linear.default](args = (%dropout_45, %p_encoder_encoder_layers_14_feed_forward_output_dense_weight, %p_encoder_encoder_layers_14_feed_forward_output_dense_bias), kwargs = {})
    %dropout_46 : [num_users=1] = call_function[target=torch.ops.aten.dropout.default](args = (%linear_105, 0.1, False), kwargs = {})
    %add_47 : [num_users=2] = call_function[target=torch.ops.aten.add.Tensor](args = (%add_46, %dropout_46), kwargs = {})
    %rand_15 : [num_users=0] = call_function[target=torch.ops.aten.rand.default](args = ([],), kwargs = {device: cpu, pin_memory: False})
    %layer_norm_38 : [num_users=2] = call_function[target=torch.ops.aten.layer_norm.default](args = (%add_47, [1024], %p_encoder_encoder_layers_15_layer_norm_weight, %p_encoder_encoder_layers_15_layer_norm_bias, 1e-05, False), kwargs = {})
    %view_196 : [num_users=1] = call_function[target=torch.ops.aten.view.default](args = (%layer_norm_38, [1, 149, 16, -1]), kwargs = {})
    %permute_31 : [num_users=1] = call_function[target=torch.ops.aten.permute.default](args = (%view_196, [0, 2, 1, 3]), kwargs = {})
    %linear_106 : [num_users=1] = call_function[target=torch.ops.aten.linear.default](args = (%permute_31, %p_encoder_encoder_layers_15_attention_gru_rel_pos_linear_weight, %p_encoder_encoder_layers_15_attention_gru_rel_pos_linear_bias), kwargs = {})
    %view_197 : [num_users=1] = call_function[target=torch.ops.aten.view.default](args = (%linear_106, [1, 16, 149, 2, 4]), kwargs = {})
    %sum_16 : [num_users=1] = call_function[target=torch.ops.aten.sum.dim_IntList](args = (%view_197, [-1]), kwargs = {})
    %sigmoid_15 : [num_users=1] = call_function[target=torch.ops.aten.sigmoid.default](args = (%sum_16,), kwargs = {})
    %chunk_30 : [num_users=2] = call_function[target=torch.ops.aten.chunk.default](args = (%sigmoid_15, 2, -1), kwargs = {})
    %getitem_75 : [num_users=1] = call_function[target=operator.getitem](args = (%chunk_30, 0), kwargs = {})
    %getitem_76 : [num_users=1] = call_function[target=operator.getitem](args = (%chunk_30, 1), kwargs = {})
    %mul_47 : [num_users=1] = call_function[target=torch.ops.aten.mul.Tensor](args = (%getitem_76, %p_encoder_encoder_layers_15_attention_gru_rel_pos_const), kwargs = {})
    %sub_17 : [num_users=1] = call_function[target=torch.ops.aten.sub.Tensor](args = (%mul_47, 1.0), kwargs = {})
    %mul_48 : [num_users=1] = call_function[target=torch.ops.aten.mul.Tensor](args = (%getitem_75, %sub_17), kwargs = {})
    %add_48 : [num_users=1] = call_function[target=torch.ops.aten.add.Tensor](args = (%mul_48, 2.0), kwargs = {})
    %view_198 : [num_users=1] = call_function[target=torch.ops.aten.view.default](args = (%add_48, [16, -1, 1]), kwargs = {})
    %mul_49 : [num_users=1] = call_function[target=torch.ops.aten.mul.Tensor](args = (%view_198, %view), kwargs = {})
    %view_199 : [num_users=1] = call_function[target=torch.ops.aten.view.default](args = (%mul_49, [-1, 149, 149]), kwargs = {})
    %transpose_92 : [num_users=3] = call_function[target=torch.ops.aten.transpose.int](args = (%layer_norm_38, 0, 1), kwargs = {})
    %cat_15 : [num_users=1] = call_function[target=torch.ops.aten.cat.default](args = ([%p_encoder_encoder_layers_15_attention_q_proj_bias, %p_encoder_encoder_layers_15_attention_k_proj_bias, %p_encoder_encoder_layers_15_attention_v_proj_bias],), kwargs = {})
    %chunk_31 : [num_users=3] = call_function[target=torch.ops.aten.chunk.default](args = (%cat_15, 3), kwargs = {})
    %getitem_77 : [num_users=1] = call_function[target=operator.getitem](args = (%chunk_31, 0), kwargs = {})
    %getitem_78 : [num_users=1] = call_function[target=operator.getitem](args = (%chunk_31, 1), kwargs = {})
    %getitem_79 : [num_users=1] = call_function[target=operator.getitem](args = (%chunk_31, 2), kwargs = {})
    %linear_107 : [num_users=1] = call_function[target=torch.ops.aten.linear.default](args = (%transpose_92, %p_encoder_encoder_layers_15_attention_q_proj_weight, %getitem_77), kwargs = {})
    %linear_108 : [num_users=1] = call_function[target=torch.ops.aten.linear.default](args = (%transpose_92, %p_encoder_encoder_layers_15_attention_k_proj_weight, %getitem_78), kwargs = {})
    %linear_109 : [num_users=1] = call_function[target=torch.ops.aten.linear.default](args = (%transpose_92, %p_encoder_encoder_layers_15_attention_v_proj_weight, %getitem_79), kwargs = {})
    %view_200 : [num_users=1] = call_function[target=torch.ops.aten.view.default](args = (%linear_107, [149, 16, 64]), kwargs = {})
    %transpose_93 : [num_users=1] = call_function[target=torch.ops.aten.transpose.int](args = (%view_200, 0, 1), kwargs = {})
    %view_201 : [num_users=1] = call_function[target=torch.ops.aten.view.default](args = (%linear_108, [149, 16, 64]), kwargs = {})
    %transpose_94 : [num_users=1] = call_function[target=torch.ops.aten.transpose.int](args = (%view_201, 0, 1), kwargs = {})
    %view_202 : [num_users=1] = call_function[target=torch.ops.aten.view.default](args = (%linear_109, [149, 16, 64]), kwargs = {})
    %transpose_95 : [num_users=1] = call_function[target=torch.ops.aten.transpose.int](args = (%view_202, 0, 1), kwargs = {})
    %view_203 : [num_users=1] = call_function[target=torch.ops.aten.view.default](args = (%view_199, [1, 16, -1, 149]), kwargs = {})
    %view_204 : [num_users=1] = call_function[target=torch.ops.aten.view.default](args = (%transpose_93, [1, 16, 149, 64]), kwargs = {})
    %view_205 : [num_users=1] = call_function[target=torch.ops.aten.view.default](args = (%transpose_94, [1, 16, 149, 64]), kwargs = {})
    %view_206 : [num_users=1] = call_function[target=torch.ops.aten.view.default](args = (%transpose_95, [1, 16, 149, 64]), kwargs = {})
    %mul_104 : [num_users=1] = call_function[target=torch.ops.aten.mul.Scalar](args = (%view_204, 0.3535533905932738), kwargs = {})
    %transpose_152 : [num_users=1] = call_function[target=torch.ops.aten.transpose.int](args = (%view_205, -2, -1), kwargs = {})
    %mul_105 : [num_users=1] = call_function[target=torch.ops.aten.mul.Scalar](args = (%transpose_152, 0.3535533905932738), kwargs = {})
    %expand_60 : [num_users=1] = call_function[target=torch.ops.aten.expand.default](args = (%mul_104, [1, 16, 149, 64]), kwargs = {})
    %view_403 : [num_users=1] = call_function[target=torch.ops.aten.view.default](args = (%expand_60, [16, 149, 64]), kwargs = {})
    %expand_61 : [num_users=1] = call_function[target=torch.ops.aten.expand.default](args = (%mul_105, [1, 16, 64, 149]), kwargs = {})
    %view_404 : [num_users=1] = call_function[target=torch.ops.aten.view.default](args = (%expand_61, [16, 64, 149]), kwargs = {})
    %bmm_30 : [num_users=1] = call_function[target=torch.ops.aten.bmm.default](args = (%view_403, %view_404), kwargs = {})
    %view_405 : [num_users=1] = call_function[target=torch.ops.aten.view.default](args = (%bmm_30, [1, 16, 149, 149]), kwargs = {})
    %add_90 : [num_users=1] = call_function[target=torch.ops.aten.add.Tensor](args = (%view_405, %view_203), kwargs = {})
    %_safe_softmax_15 : [num_users=1] = call_function[target=torch.ops.aten._safe_softmax.default](args = (%add_90, -1), kwargs = {})
    %expand_62 : [num_users=1] = call_function[target=torch.ops.aten.expand.default](args = (%_safe_softmax_15, [1, 16, 149, 149]), kwargs = {})
    %view_406 : [num_users=1] = call_function[target=torch.ops.aten.view.default](args = (%expand_62, [16, 149, 149]), kwargs = {})
    %expand_63 : [num_users=1] = call_function[target=torch.ops.aten.expand.default](args = (%view_206, [1, 16, 149, 64]), kwargs = {})
    %view_407 : [num_users=1] = call_function[target=torch.ops.aten.view.default](args = (%expand_63, [16, 149, 64]), kwargs = {})
    %bmm_31 : [num_users=1] = call_function[target=torch.ops.aten.bmm.default](args = (%view_406, %view_407), kwargs = {})
    %view_408 : [num_users=1] = call_function[target=torch.ops.aten.view.default](args = (%bmm_31, [1, 16, 149, 64]), kwargs = {})
    %permute_79 : [num_users=1] = call_function[target=torch.ops.aten.permute.default](args = (%view_408, [2, 0, 1, 3]), kwargs = {})
    %clone_15 : [num_users=1] = call_function[target=torch.ops.aten.clone.default](args = (%permute_79,), kwargs = {memory_format: torch.contiguous_format})
    %permute_80 : [num_users=1] = call_function[target=torch.ops.aten.permute.default](args = (%clone_15, [1, 2, 0, 3]), kwargs = {})
    %permute_32 : [num_users=1] = call_function[target=torch.ops.aten.permute.default](args = (%permute_80, [2, 0, 1, 3]), kwargs = {})
    %view_207 : [num_users=1] = call_function[target=torch.ops.aten.view.default](args = (%permute_32, [149, 1024]), kwargs = {})
    %linear_110 : [num_users=1] = call_function[target=torch.ops.aten.linear.default](args = (%view_207, %p_encoder_encoder_layers_15_attention_out_proj_weight, %p_encoder_encoder_layers_15_attention_out_proj_bias), kwargs = {})
    %view_208 : [num_users=1] = call_function[target=torch.ops.aten.view.default](args = (%linear_110, [149, 1, 1024]), kwargs = {})
    %transpose_96 : [num_users=1] = call_function[target=torch.ops.aten.transpose.int](args = (%view_208, 0, 1), kwargs = {})
    %dropout_47 : [num_users=1] = call_function[target=torch.ops.aten.dropout.default](args = (%transpose_96, 0.1, False), kwargs = {})
    %add_49 : [num_users=2] = call_function[target=torch.ops.aten.add.Tensor](args = (%add_47, %dropout_47), kwargs = {})
    %layer_norm_39 : [num_users=1] = call_function[target=torch.ops.aten.layer_norm.default](args = (%add_49, [1024], %p_encoder_encoder_layers_15_final_layer_norm_weight, %p_encoder_encoder_layers_15_final_layer_norm_bias, 1e-05, False), kwargs = {})
    %linear_111 : [num_users=1] = call_function[target=torch.ops.aten.linear.default](args = (%layer_norm_39, %p_encoder_encoder_layers_15_feed_forward_intermediate_dense_weight, %p_encoder_encoder_layers_15_feed_forward_intermediate_dense_bias), kwargs = {})
    %gelu_23 : [num_users=1] = call_function[target=torch.ops.aten.gelu.default](args = (%linear_111,), kwargs = {})
    %dropout_48 : [num_users=1] = call_function[target=torch.ops.aten.dropout.default](args = (%gelu_23, 0.0, False), kwargs = {})
    %linear_112 : [num_users=1] = call_function[target=torch.ops.aten.linear.default](args = (%dropout_48, %p_encoder_encoder_layers_15_feed_forward_output_dense_weight, %p_encoder_encoder_layers_15_feed_forward_output_dense_bias), kwargs = {})
    %dropout_49 : [num_users=1] = call_function[target=torch.ops.aten.dropout.default](args = (%linear_112, 0.1, False), kwargs = {})
    %add_50 : [num_users=2] = call_function[target=torch.ops.aten.add.Tensor](args = (%add_49, %dropout_49), kwargs = {})
    %rand_16 : [num_users=0] = call_function[target=torch.ops.aten.rand.default](args = ([],), kwargs = {device: cpu, pin_memory: False})
    %layer_norm_40 : [num_users=2] = call_function[target=torch.ops.aten.layer_norm.default](args = (%add_50, [1024], %p_encoder_encoder_layers_16_layer_norm_weight, %p_encoder_encoder_layers_16_layer_norm_bias, 1e-05, False), kwargs = {})
    %view_209 : [num_users=1] = call_function[target=torch.ops.aten.view.default](args = (%layer_norm_40, [1, 149, 16, -1]), kwargs = {})
    %permute_33 : [num_users=1] = call_function[target=torch.ops.aten.permute.default](args = (%view_209, [0, 2, 1, 3]), kwargs = {})
    %linear_113 : [num_users=1] = call_function[target=torch.ops.aten.linear.default](args = (%permute_33, %p_encoder_encoder_layers_16_attention_gru_rel_pos_linear_weight, %p_encoder_encoder_layers_16_attention_gru_rel_pos_linear_bias), kwargs = {})
    %view_210 : [num_users=1] = call_function[target=torch.ops.aten.view.default](args = (%linear_113, [1, 16, 149, 2, 4]), kwargs = {})
    %sum_17 : [num_users=1] = call_function[target=torch.ops.aten.sum.dim_IntList](args = (%view_210, [-1]), kwargs = {})
    %sigmoid_16 : [num_users=1] = call_function[target=torch.ops.aten.sigmoid.default](args = (%sum_17,), kwargs = {})
    %chunk_32 : [num_users=2] = call_function[target=torch.ops.aten.chunk.default](args = (%sigmoid_16, 2, -1), kwargs = {})
    %getitem_80 : [num_users=1] = call_function[target=operator.getitem](args = (%chunk_32, 0), kwargs = {})
    %getitem_81 : [num_users=1] = call_function[target=operator.getitem](args = (%chunk_32, 1), kwargs = {})
    %mul_50 : [num_users=1] = call_function[target=torch.ops.aten.mul.Tensor](args = (%getitem_81, %p_encoder_encoder_layers_16_attention_gru_rel_pos_const), kwargs = {})
    %sub_18 : [num_users=1] = call_function[target=torch.ops.aten.sub.Tensor](args = (%mul_50, 1.0), kwargs = {})
    %mul_51 : [num_users=1] = call_function[target=torch.ops.aten.mul.Tensor](args = (%getitem_80, %sub_18), kwargs = {})
    %add_51 : [num_users=1] = call_function[target=torch.ops.aten.add.Tensor](args = (%mul_51, 2.0), kwargs = {})
    %view_211 : [num_users=1] = call_function[target=torch.ops.aten.view.default](args = (%add_51, [16, -1, 1]), kwargs = {})
    %mul_52 : [num_users=1] = call_function[target=torch.ops.aten.mul.Tensor](args = (%view_211, %view), kwargs = {})
    %view_212 : [num_users=1] = call_function[target=torch.ops.aten.view.default](args = (%mul_52, [-1, 149, 149]), kwargs = {})
    %transpose_97 : [num_users=3] = call_function[target=torch.ops.aten.transpose.int](args = (%layer_norm_40, 0, 1), kwargs = {})
    %cat_16 : [num_users=1] = call_function[target=torch.ops.aten.cat.default](args = ([%p_encoder_encoder_layers_16_attention_q_proj_bias, %p_encoder_encoder_layers_16_attention_k_proj_bias, %p_encoder_encoder_layers_16_attention_v_proj_bias],), kwargs = {})
    %chunk_33 : [num_users=3] = call_function[target=torch.ops.aten.chunk.default](args = (%cat_16, 3), kwargs = {})
    %getitem_82 : [num_users=1] = call_function[target=operator.getitem](args = (%chunk_33, 0), kwargs = {})
    %getitem_83 : [num_users=1] = call_function[target=operator.getitem](args = (%chunk_33, 1), kwargs = {})
    %getitem_84 : [num_users=1] = call_function[target=operator.getitem](args = (%chunk_33, 2), kwargs = {})
    %linear_114 : [num_users=1] = call_function[target=torch.ops.aten.linear.default](args = (%transpose_97, %p_encoder_encoder_layers_16_attention_q_proj_weight, %getitem_82), kwargs = {})
    %linear_115 : [num_users=1] = call_function[target=torch.ops.aten.linear.default](args = (%transpose_97, %p_encoder_encoder_layers_16_attention_k_proj_weight, %getitem_83), kwargs = {})
    %linear_116 : [num_users=1] = call_function[target=torch.ops.aten.linear.default](args = (%transpose_97, %p_encoder_encoder_layers_16_attention_v_proj_weight, %getitem_84), kwargs = {})
    %view_213 : [num_users=1] = call_function[target=torch.ops.aten.view.default](args = (%linear_114, [149, 16, 64]), kwargs = {})
    %transpose_98 : [num_users=1] = call_function[target=torch.ops.aten.transpose.int](args = (%view_213, 0, 1), kwargs = {})
    %view_214 : [num_users=1] = call_function[target=torch.ops.aten.view.default](args = (%linear_115, [149, 16, 64]), kwargs = {})
    %transpose_99 : [num_users=1] = call_function[target=torch.ops.aten.transpose.int](args = (%view_214, 0, 1), kwargs = {})
    %view_215 : [num_users=1] = call_function[target=torch.ops.aten.view.default](args = (%linear_116, [149, 16, 64]), kwargs = {})
    %transpose_100 : [num_users=1] = call_function[target=torch.ops.aten.transpose.int](args = (%view_215, 0, 1), kwargs = {})
    %view_216 : [num_users=1] = call_function[target=torch.ops.aten.view.default](args = (%view_212, [1, 16, -1, 149]), kwargs = {})
    %view_217 : [num_users=1] = call_function[target=torch.ops.aten.view.default](args = (%transpose_98, [1, 16, 149, 64]), kwargs = {})
    %view_218 : [num_users=1] = call_function[target=torch.ops.aten.view.default](args = (%transpose_99, [1, 16, 149, 64]), kwargs = {})
    %view_219 : [num_users=1] = call_function[target=torch.ops.aten.view.default](args = (%transpose_100, [1, 16, 149, 64]), kwargs = {})
    %mul_106 : [num_users=1] = call_function[target=torch.ops.aten.mul.Scalar](args = (%view_217, 0.3535533905932738), kwargs = {})
    %transpose_153 : [num_users=1] = call_function[target=torch.ops.aten.transpose.int](args = (%view_218, -2, -1), kwargs = {})
    %mul_107 : [num_users=1] = call_function[target=torch.ops.aten.mul.Scalar](args = (%transpose_153, 0.3535533905932738), kwargs = {})
    %expand_64 : [num_users=1] = call_function[target=torch.ops.aten.expand.default](args = (%mul_106, [1, 16, 149, 64]), kwargs = {})
    %view_409 : [num_users=1] = call_function[target=torch.ops.aten.view.default](args = (%expand_64, [16, 149, 64]), kwargs = {})
    %expand_65 : [num_users=1] = call_function[target=torch.ops.aten.expand.default](args = (%mul_107, [1, 16, 64, 149]), kwargs = {})
    %view_410 : [num_users=1] = call_function[target=torch.ops.aten.view.default](args = (%expand_65, [16, 64, 149]), kwargs = {})
    %bmm_32 : [num_users=1] = call_function[target=torch.ops.aten.bmm.default](args = (%view_409, %view_410), kwargs = {})
    %view_411 : [num_users=1] = call_function[target=torch.ops.aten.view.default](args = (%bmm_32, [1, 16, 149, 149]), kwargs = {})
    %add_91 : [num_users=1] = call_function[target=torch.ops.aten.add.Tensor](args = (%view_411, %view_216), kwargs = {})
    %_safe_softmax_16 : [num_users=1] = call_function[target=torch.ops.aten._safe_softmax.default](args = (%add_91, -1), kwargs = {})
    %expand_66 : [num_users=1] = call_function[target=torch.ops.aten.expand.default](args = (%_safe_softmax_16, [1, 16, 149, 149]), kwargs = {})
    %view_412 : [num_users=1] = call_function[target=torch.ops.aten.view.default](args = (%expand_66, [16, 149, 149]), kwargs = {})
    %expand_67 : [num_users=1] = call_function[target=torch.ops.aten.expand.default](args = (%view_219, [1, 16, 149, 64]), kwargs = {})
    %view_413 : [num_users=1] = call_function[target=torch.ops.aten.view.default](args = (%expand_67, [16, 149, 64]), kwargs = {})
    %bmm_33 : [num_users=1] = call_function[target=torch.ops.aten.bmm.default](args = (%view_412, %view_413), kwargs = {})
    %view_414 : [num_users=1] = call_function[target=torch.ops.aten.view.default](args = (%bmm_33, [1, 16, 149, 64]), kwargs = {})
    %permute_81 : [num_users=1] = call_function[target=torch.ops.aten.permute.default](args = (%view_414, [2, 0, 1, 3]), kwargs = {})
    %clone_16 : [num_users=1] = call_function[target=torch.ops.aten.clone.default](args = (%permute_81,), kwargs = {memory_format: torch.contiguous_format})
    %permute_82 : [num_users=1] = call_function[target=torch.ops.aten.permute.default](args = (%clone_16, [1, 2, 0, 3]), kwargs = {})
    %permute_34 : [num_users=1] = call_function[target=torch.ops.aten.permute.default](args = (%permute_82, [2, 0, 1, 3]), kwargs = {})
    %view_220 : [num_users=1] = call_function[target=torch.ops.aten.view.default](args = (%permute_34, [149, 1024]), kwargs = {})
    %linear_117 : [num_users=1] = call_function[target=torch.ops.aten.linear.default](args = (%view_220, %p_encoder_encoder_layers_16_attention_out_proj_weight, %p_encoder_encoder_layers_16_attention_out_proj_bias), kwargs = {})
    %view_221 : [num_users=1] = call_function[target=torch.ops.aten.view.default](args = (%linear_117, [149, 1, 1024]), kwargs = {})
    %transpose_101 : [num_users=1] = call_function[target=torch.ops.aten.transpose.int](args = (%view_221, 0, 1), kwargs = {})
    %dropout_50 : [num_users=1] = call_function[target=torch.ops.aten.dropout.default](args = (%transpose_101, 0.1, False), kwargs = {})
    %add_52 : [num_users=2] = call_function[target=torch.ops.aten.add.Tensor](args = (%add_50, %dropout_50), kwargs = {})
    %layer_norm_41 : [num_users=1] = call_function[target=torch.ops.aten.layer_norm.default](args = (%add_52, [1024], %p_encoder_encoder_layers_16_final_layer_norm_weight, %p_encoder_encoder_layers_16_final_layer_norm_bias, 1e-05, False), kwargs = {})
    %linear_118 : [num_users=1] = call_function[target=torch.ops.aten.linear.default](args = (%layer_norm_41, %p_encoder_encoder_layers_16_feed_forward_intermediate_dense_weight, %p_encoder_encoder_layers_16_feed_forward_intermediate_dense_bias), kwargs = {})
    %gelu_24 : [num_users=1] = call_function[target=torch.ops.aten.gelu.default](args = (%linear_118,), kwargs = {})
    %dropout_51 : [num_users=1] = call_function[target=torch.ops.aten.dropout.default](args = (%gelu_24, 0.0, False), kwargs = {})
    %linear_119 : [num_users=1] = call_function[target=torch.ops.aten.linear.default](args = (%dropout_51, %p_encoder_encoder_layers_16_feed_forward_output_dense_weight, %p_encoder_encoder_layers_16_feed_forward_output_dense_bias), kwargs = {})
    %dropout_52 : [num_users=1] = call_function[target=torch.ops.aten.dropout.default](args = (%linear_119, 0.1, False), kwargs = {})
    %add_53 : [num_users=2] = call_function[target=torch.ops.aten.add.Tensor](args = (%add_52, %dropout_52), kwargs = {})
    %rand_17 : [num_users=0] = call_function[target=torch.ops.aten.rand.default](args = ([],), kwargs = {device: cpu, pin_memory: False})
    %layer_norm_42 : [num_users=2] = call_function[target=torch.ops.aten.layer_norm.default](args = (%add_53, [1024], %p_encoder_encoder_layers_17_layer_norm_weight, %p_encoder_encoder_layers_17_layer_norm_bias, 1e-05, False), kwargs = {})
    %view_222 : [num_users=1] = call_function[target=torch.ops.aten.view.default](args = (%layer_norm_42, [1, 149, 16, -1]), kwargs = {})
    %permute_35 : [num_users=1] = call_function[target=torch.ops.aten.permute.default](args = (%view_222, [0, 2, 1, 3]), kwargs = {})
    %linear_120 : [num_users=1] = call_function[target=torch.ops.aten.linear.default](args = (%permute_35, %p_encoder_encoder_layers_17_attention_gru_rel_pos_linear_weight, %p_encoder_encoder_layers_17_attention_gru_rel_pos_linear_bias), kwargs = {})
    %view_223 : [num_users=1] = call_function[target=torch.ops.aten.view.default](args = (%linear_120, [1, 16, 149, 2, 4]), kwargs = {})
    %sum_18 : [num_users=1] = call_function[target=torch.ops.aten.sum.dim_IntList](args = (%view_223, [-1]), kwargs = {})
    %sigmoid_17 : [num_users=1] = call_function[target=torch.ops.aten.sigmoid.default](args = (%sum_18,), kwargs = {})
    %chunk_34 : [num_users=2] = call_function[target=torch.ops.aten.chunk.default](args = (%sigmoid_17, 2, -1), kwargs = {})
    %getitem_85 : [num_users=1] = call_function[target=operator.getitem](args = (%chunk_34, 0), kwargs = {})
    %getitem_86 : [num_users=1] = call_function[target=operator.getitem](args = (%chunk_34, 1), kwargs = {})
    %mul_53 : [num_users=1] = call_function[target=torch.ops.aten.mul.Tensor](args = (%getitem_86, %p_encoder_encoder_layers_17_attention_gru_rel_pos_const), kwargs = {})
    %sub_19 : [num_users=1] = call_function[target=torch.ops.aten.sub.Tensor](args = (%mul_53, 1.0), kwargs = {})
    %mul_54 : [num_users=1] = call_function[target=torch.ops.aten.mul.Tensor](args = (%getitem_85, %sub_19), kwargs = {})
    %add_54 : [num_users=1] = call_function[target=torch.ops.aten.add.Tensor](args = (%mul_54, 2.0), kwargs = {})
    %view_224 : [num_users=1] = call_function[target=torch.ops.aten.view.default](args = (%add_54, [16, -1, 1]), kwargs = {})
    %mul_55 : [num_users=1] = call_function[target=torch.ops.aten.mul.Tensor](args = (%view_224, %view), kwargs = {})
    %view_225 : [num_users=1] = call_function[target=torch.ops.aten.view.default](args = (%mul_55, [-1, 149, 149]), kwargs = {})
    %transpose_102 : [num_users=3] = call_function[target=torch.ops.aten.transpose.int](args = (%layer_norm_42, 0, 1), kwargs = {})
    %cat_17 : [num_users=1] = call_function[target=torch.ops.aten.cat.default](args = ([%p_encoder_encoder_layers_17_attention_q_proj_bias, %p_encoder_encoder_layers_17_attention_k_proj_bias, %p_encoder_encoder_layers_17_attention_v_proj_bias],), kwargs = {})
    %chunk_35 : [num_users=3] = call_function[target=torch.ops.aten.chunk.default](args = (%cat_17, 3), kwargs = {})
    %getitem_87 : [num_users=1] = call_function[target=operator.getitem](args = (%chunk_35, 0), kwargs = {})
    %getitem_88 : [num_users=1] = call_function[target=operator.getitem](args = (%chunk_35, 1), kwargs = {})
    %getitem_89 : [num_users=1] = call_function[target=operator.getitem](args = (%chunk_35, 2), kwargs = {})
    %linear_121 : [num_users=1] = call_function[target=torch.ops.aten.linear.default](args = (%transpose_102, %p_encoder_encoder_layers_17_attention_q_proj_weight, %getitem_87), kwargs = {})
    %linear_122 : [num_users=1] = call_function[target=torch.ops.aten.linear.default](args = (%transpose_102, %p_encoder_encoder_layers_17_attention_k_proj_weight, %getitem_88), kwargs = {})
    %linear_123 : [num_users=1] = call_function[target=torch.ops.aten.linear.default](args = (%transpose_102, %p_encoder_encoder_layers_17_attention_v_proj_weight, %getitem_89), kwargs = {})
    %view_226 : [num_users=1] = call_function[target=torch.ops.aten.view.default](args = (%linear_121, [149, 16, 64]), kwargs = {})
    %transpose_103 : [num_users=1] = call_function[target=torch.ops.aten.transpose.int](args = (%view_226, 0, 1), kwargs = {})
    %view_227 : [num_users=1] = call_function[target=torch.ops.aten.view.default](args = (%linear_122, [149, 16, 64]), kwargs = {})
    %transpose_104 : [num_users=1] = call_function[target=torch.ops.aten.transpose.int](args = (%view_227, 0, 1), kwargs = {})
    %view_228 : [num_users=1] = call_function[target=torch.ops.aten.view.default](args = (%linear_123, [149, 16, 64]), kwargs = {})
    %transpose_105 : [num_users=1] = call_function[target=torch.ops.aten.transpose.int](args = (%view_228, 0, 1), kwargs = {})
    %view_229 : [num_users=1] = call_function[target=torch.ops.aten.view.default](args = (%view_225, [1, 16, -1, 149]), kwargs = {})
    %view_230 : [num_users=1] = call_function[target=torch.ops.aten.view.default](args = (%transpose_103, [1, 16, 149, 64]), kwargs = {})
    %view_231 : [num_users=1] = call_function[target=torch.ops.aten.view.default](args = (%transpose_104, [1, 16, 149, 64]), kwargs = {})
    %view_232 : [num_users=1] = call_function[target=torch.ops.aten.view.default](args = (%transpose_105, [1, 16, 149, 64]), kwargs = {})
    %mul_108 : [num_users=1] = call_function[target=torch.ops.aten.mul.Scalar](args = (%view_230, 0.3535533905932738), kwargs = {})
    %transpose_154 : [num_users=1] = call_function[target=torch.ops.aten.transpose.int](args = (%view_231, -2, -1), kwargs = {})
    %mul_109 : [num_users=1] = call_function[target=torch.ops.aten.mul.Scalar](args = (%transpose_154, 0.3535533905932738), kwargs = {})
    %expand_68 : [num_users=1] = call_function[target=torch.ops.aten.expand.default](args = (%mul_108, [1, 16, 149, 64]), kwargs = {})
    %view_415 : [num_users=1] = call_function[target=torch.ops.aten.view.default](args = (%expand_68, [16, 149, 64]), kwargs = {})
    %expand_69 : [num_users=1] = call_function[target=torch.ops.aten.expand.default](args = (%mul_109, [1, 16, 64, 149]), kwargs = {})
    %view_416 : [num_users=1] = call_function[target=torch.ops.aten.view.default](args = (%expand_69, [16, 64, 149]), kwargs = {})
    %bmm_34 : [num_users=1] = call_function[target=torch.ops.aten.bmm.default](args = (%view_415, %view_416), kwargs = {})
    %view_417 : [num_users=1] = call_function[target=torch.ops.aten.view.default](args = (%bmm_34, [1, 16, 149, 149]), kwargs = {})
    %add_92 : [num_users=1] = call_function[target=torch.ops.aten.add.Tensor](args = (%view_417, %view_229), kwargs = {})
    %_safe_softmax_17 : [num_users=1] = call_function[target=torch.ops.aten._safe_softmax.default](args = (%add_92, -1), kwargs = {})
    %expand_70 : [num_users=1] = call_function[target=torch.ops.aten.expand.default](args = (%_safe_softmax_17, [1, 16, 149, 149]), kwargs = {})
    %view_418 : [num_users=1] = call_function[target=torch.ops.aten.view.default](args = (%expand_70, [16, 149, 149]), kwargs = {})
    %expand_71 : [num_users=1] = call_function[target=torch.ops.aten.expand.default](args = (%view_232, [1, 16, 149, 64]), kwargs = {})
    %view_419 : [num_users=1] = call_function[target=torch.ops.aten.view.default](args = (%expand_71, [16, 149, 64]), kwargs = {})
    %bmm_35 : [num_users=1] = call_function[target=torch.ops.aten.bmm.default](args = (%view_418, %view_419), kwargs = {})
    %view_420 : [num_users=1] = call_function[target=torch.ops.aten.view.default](args = (%bmm_35, [1, 16, 149, 64]), kwargs = {})
    %permute_83 : [num_users=1] = call_function[target=torch.ops.aten.permute.default](args = (%view_420, [2, 0, 1, 3]), kwargs = {})
    %clone_17 : [num_users=1] = call_function[target=torch.ops.aten.clone.default](args = (%permute_83,), kwargs = {memory_format: torch.contiguous_format})
    %permute_84 : [num_users=1] = call_function[target=torch.ops.aten.permute.default](args = (%clone_17, [1, 2, 0, 3]), kwargs = {})
    %permute_36 : [num_users=1] = call_function[target=torch.ops.aten.permute.default](args = (%permute_84, [2, 0, 1, 3]), kwargs = {})
    %view_233 : [num_users=1] = call_function[target=torch.ops.aten.view.default](args = (%permute_36, [149, 1024]), kwargs = {})
    %linear_124 : [num_users=1] = call_function[target=torch.ops.aten.linear.default](args = (%view_233, %p_encoder_encoder_layers_17_attention_out_proj_weight, %p_encoder_encoder_layers_17_attention_out_proj_bias), kwargs = {})
    %view_234 : [num_users=1] = call_function[target=torch.ops.aten.view.default](args = (%linear_124, [149, 1, 1024]), kwargs = {})
    %transpose_106 : [num_users=1] = call_function[target=torch.ops.aten.transpose.int](args = (%view_234, 0, 1), kwargs = {})
    %dropout_53 : [num_users=1] = call_function[target=torch.ops.aten.dropout.default](args = (%transpose_106, 0.1, False), kwargs = {})
    %add_55 : [num_users=2] = call_function[target=torch.ops.aten.add.Tensor](args = (%add_53, %dropout_53), kwargs = {})
    %layer_norm_43 : [num_users=1] = call_function[target=torch.ops.aten.layer_norm.default](args = (%add_55, [1024], %p_encoder_encoder_layers_17_final_layer_norm_weight, %p_encoder_encoder_layers_17_final_layer_norm_bias, 1e-05, False), kwargs = {})
    %linear_125 : [num_users=1] = call_function[target=torch.ops.aten.linear.default](args = (%layer_norm_43, %p_encoder_encoder_layers_17_feed_forward_intermediate_dense_weight, %p_encoder_encoder_layers_17_feed_forward_intermediate_dense_bias), kwargs = {})
    %gelu_25 : [num_users=1] = call_function[target=torch.ops.aten.gelu.default](args = (%linear_125,), kwargs = {})
    %dropout_54 : [num_users=1] = call_function[target=torch.ops.aten.dropout.default](args = (%gelu_25, 0.0, False), kwargs = {})
    %linear_126 : [num_users=1] = call_function[target=torch.ops.aten.linear.default](args = (%dropout_54, %p_encoder_encoder_layers_17_feed_forward_output_dense_weight, %p_encoder_encoder_layers_17_feed_forward_output_dense_bias), kwargs = {})
    %dropout_55 : [num_users=1] = call_function[target=torch.ops.aten.dropout.default](args = (%linear_126, 0.1, False), kwargs = {})
    %add_56 : [num_users=2] = call_function[target=torch.ops.aten.add.Tensor](args = (%add_55, %dropout_55), kwargs = {})
    %rand_18 : [num_users=0] = call_function[target=torch.ops.aten.rand.default](args = ([],), kwargs = {device: cpu, pin_memory: False})
    %layer_norm_44 : [num_users=2] = call_function[target=torch.ops.aten.layer_norm.default](args = (%add_56, [1024], %p_encoder_encoder_layers_18_layer_norm_weight, %p_encoder_encoder_layers_18_layer_norm_bias, 1e-05, False), kwargs = {})
    %view_235 : [num_users=1] = call_function[target=torch.ops.aten.view.default](args = (%layer_norm_44, [1, 149, 16, -1]), kwargs = {})
    %permute_37 : [num_users=1] = call_function[target=torch.ops.aten.permute.default](args = (%view_235, [0, 2, 1, 3]), kwargs = {})
    %linear_127 : [num_users=1] = call_function[target=torch.ops.aten.linear.default](args = (%permute_37, %p_encoder_encoder_layers_18_attention_gru_rel_pos_linear_weight, %p_encoder_encoder_layers_18_attention_gru_rel_pos_linear_bias), kwargs = {})
    %view_236 : [num_users=1] = call_function[target=torch.ops.aten.view.default](args = (%linear_127, [1, 16, 149, 2, 4]), kwargs = {})
    %sum_19 : [num_users=1] = call_function[target=torch.ops.aten.sum.dim_IntList](args = (%view_236, [-1]), kwargs = {})
    %sigmoid_18 : [num_users=1] = call_function[target=torch.ops.aten.sigmoid.default](args = (%sum_19,), kwargs = {})
    %chunk_36 : [num_users=2] = call_function[target=torch.ops.aten.chunk.default](args = (%sigmoid_18, 2, -1), kwargs = {})
    %getitem_90 : [num_users=1] = call_function[target=operator.getitem](args = (%chunk_36, 0), kwargs = {})
    %getitem_91 : [num_users=1] = call_function[target=operator.getitem](args = (%chunk_36, 1), kwargs = {})
    %mul_56 : [num_users=1] = call_function[target=torch.ops.aten.mul.Tensor](args = (%getitem_91, %p_encoder_encoder_layers_18_attention_gru_rel_pos_const), kwargs = {})
    %sub_20 : [num_users=1] = call_function[target=torch.ops.aten.sub.Tensor](args = (%mul_56, 1.0), kwargs = {})
    %mul_57 : [num_users=1] = call_function[target=torch.ops.aten.mul.Tensor](args = (%getitem_90, %sub_20), kwargs = {})
    %add_57 : [num_users=1] = call_function[target=torch.ops.aten.add.Tensor](args = (%mul_57, 2.0), kwargs = {})
    %view_237 : [num_users=1] = call_function[target=torch.ops.aten.view.default](args = (%add_57, [16, -1, 1]), kwargs = {})
    %mul_58 : [num_users=1] = call_function[target=torch.ops.aten.mul.Tensor](args = (%view_237, %view), kwargs = {})
    %view_238 : [num_users=1] = call_function[target=torch.ops.aten.view.default](args = (%mul_58, [-1, 149, 149]), kwargs = {})
    %transpose_107 : [num_users=3] = call_function[target=torch.ops.aten.transpose.int](args = (%layer_norm_44, 0, 1), kwargs = {})
    %cat_18 : [num_users=1] = call_function[target=torch.ops.aten.cat.default](args = ([%p_encoder_encoder_layers_18_attention_q_proj_bias, %p_encoder_encoder_layers_18_attention_k_proj_bias, %p_encoder_encoder_layers_18_attention_v_proj_bias],), kwargs = {})
    %chunk_37 : [num_users=3] = call_function[target=torch.ops.aten.chunk.default](args = (%cat_18, 3), kwargs = {})
    %getitem_92 : [num_users=1] = call_function[target=operator.getitem](args = (%chunk_37, 0), kwargs = {})
    %getitem_93 : [num_users=1] = call_function[target=operator.getitem](args = (%chunk_37, 1), kwargs = {})
    %getitem_94 : [num_users=1] = call_function[target=operator.getitem](args = (%chunk_37, 2), kwargs = {})
    %linear_128 : [num_users=1] = call_function[target=torch.ops.aten.linear.default](args = (%transpose_107, %p_encoder_encoder_layers_18_attention_q_proj_weight, %getitem_92), kwargs = {})
    %linear_129 : [num_users=1] = call_function[target=torch.ops.aten.linear.default](args = (%transpose_107, %p_encoder_encoder_layers_18_attention_k_proj_weight, %getitem_93), kwargs = {})
    %linear_130 : [num_users=1] = call_function[target=torch.ops.aten.linear.default](args = (%transpose_107, %p_encoder_encoder_layers_18_attention_v_proj_weight, %getitem_94), kwargs = {})
    %view_239 : [num_users=1] = call_function[target=torch.ops.aten.view.default](args = (%linear_128, [149, 16, 64]), kwargs = {})
    %transpose_108 : [num_users=1] = call_function[target=torch.ops.aten.transpose.int](args = (%view_239, 0, 1), kwargs = {})
    %view_240 : [num_users=1] = call_function[target=torch.ops.aten.view.default](args = (%linear_129, [149, 16, 64]), kwargs = {})
    %transpose_109 : [num_users=1] = call_function[target=torch.ops.aten.transpose.int](args = (%view_240, 0, 1), kwargs = {})
    %view_241 : [num_users=1] = call_function[target=torch.ops.aten.view.default](args = (%linear_130, [149, 16, 64]), kwargs = {})
    %transpose_110 : [num_users=1] = call_function[target=torch.ops.aten.transpose.int](args = (%view_241, 0, 1), kwargs = {})
    %view_242 : [num_users=1] = call_function[target=torch.ops.aten.view.default](args = (%view_238, [1, 16, -1, 149]), kwargs = {})
    %view_243 : [num_users=1] = call_function[target=torch.ops.aten.view.default](args = (%transpose_108, [1, 16, 149, 64]), kwargs = {})
    %view_244 : [num_users=1] = call_function[target=torch.ops.aten.view.default](args = (%transpose_109, [1, 16, 149, 64]), kwargs = {})
    %view_245 : [num_users=1] = call_function[target=torch.ops.aten.view.default](args = (%transpose_110, [1, 16, 149, 64]), kwargs = {})
    %mul_110 : [num_users=1] = call_function[target=torch.ops.aten.mul.Scalar](args = (%view_243, 0.3535533905932738), kwargs = {})
    %transpose_155 : [num_users=1] = call_function[target=torch.ops.aten.transpose.int](args = (%view_244, -2, -1), kwargs = {})
    %mul_111 : [num_users=1] = call_function[target=torch.ops.aten.mul.Scalar](args = (%transpose_155, 0.3535533905932738), kwargs = {})
    %expand_72 : [num_users=1] = call_function[target=torch.ops.aten.expand.default](args = (%mul_110, [1, 16, 149, 64]), kwargs = {})
    %view_421 : [num_users=1] = call_function[target=torch.ops.aten.view.default](args = (%expand_72, [16, 149, 64]), kwargs = {})
    %expand_73 : [num_users=1] = call_function[target=torch.ops.aten.expand.default](args = (%mul_111, [1, 16, 64, 149]), kwargs = {})
    %view_422 : [num_users=1] = call_function[target=torch.ops.aten.view.default](args = (%expand_73, [16, 64, 149]), kwargs = {})
    %bmm_36 : [num_users=1] = call_function[target=torch.ops.aten.bmm.default](args = (%view_421, %view_422), kwargs = {})
    %view_423 : [num_users=1] = call_function[target=torch.ops.aten.view.default](args = (%bmm_36, [1, 16, 149, 149]), kwargs = {})
    %add_93 : [num_users=1] = call_function[target=torch.ops.aten.add.Tensor](args = (%view_423, %view_242), kwargs = {})
    %_safe_softmax_18 : [num_users=1] = call_function[target=torch.ops.aten._safe_softmax.default](args = (%add_93, -1), kwargs = {})
    %expand_74 : [num_users=1] = call_function[target=torch.ops.aten.expand.default](args = (%_safe_softmax_18, [1, 16, 149, 149]), kwargs = {})
    %view_424 : [num_users=1] = call_function[target=torch.ops.aten.view.default](args = (%expand_74, [16, 149, 149]), kwargs = {})
    %expand_75 : [num_users=1] = call_function[target=torch.ops.aten.expand.default](args = (%view_245, [1, 16, 149, 64]), kwargs = {})
    %view_425 : [num_users=1] = call_function[target=torch.ops.aten.view.default](args = (%expand_75, [16, 149, 64]), kwargs = {})
    %bmm_37 : [num_users=1] = call_function[target=torch.ops.aten.bmm.default](args = (%view_424, %view_425), kwargs = {})
    %view_426 : [num_users=1] = call_function[target=torch.ops.aten.view.default](args = (%bmm_37, [1, 16, 149, 64]), kwargs = {})
    %permute_85 : [num_users=1] = call_function[target=torch.ops.aten.permute.default](args = (%view_426, [2, 0, 1, 3]), kwargs = {})
    %clone_18 : [num_users=1] = call_function[target=torch.ops.aten.clone.default](args = (%permute_85,), kwargs = {memory_format: torch.contiguous_format})
    %permute_86 : [num_users=1] = call_function[target=torch.ops.aten.permute.default](args = (%clone_18, [1, 2, 0, 3]), kwargs = {})
    %permute_38 : [num_users=1] = call_function[target=torch.ops.aten.permute.default](args = (%permute_86, [2, 0, 1, 3]), kwargs = {})
    %view_246 : [num_users=1] = call_function[target=torch.ops.aten.view.default](args = (%permute_38, [149, 1024]), kwargs = {})
    %linear_131 : [num_users=1] = call_function[target=torch.ops.aten.linear.default](args = (%view_246, %p_encoder_encoder_layers_18_attention_out_proj_weight, %p_encoder_encoder_layers_18_attention_out_proj_bias), kwargs = {})
    %view_247 : [num_users=1] = call_function[target=torch.ops.aten.view.default](args = (%linear_131, [149, 1, 1024]), kwargs = {})
    %transpose_111 : [num_users=1] = call_function[target=torch.ops.aten.transpose.int](args = (%view_247, 0, 1), kwargs = {})
    %dropout_56 : [num_users=1] = call_function[target=torch.ops.aten.dropout.default](args = (%transpose_111, 0.1, False), kwargs = {})
    %add_58 : [num_users=2] = call_function[target=torch.ops.aten.add.Tensor](args = (%add_56, %dropout_56), kwargs = {})
    %layer_norm_45 : [num_users=1] = call_function[target=torch.ops.aten.layer_norm.default](args = (%add_58, [1024], %p_encoder_encoder_layers_18_final_layer_norm_weight, %p_encoder_encoder_layers_18_final_layer_norm_bias, 1e-05, False), kwargs = {})
    %linear_132 : [num_users=1] = call_function[target=torch.ops.aten.linear.default](args = (%layer_norm_45, %p_encoder_encoder_layers_18_feed_forward_intermediate_dense_weight, %p_encoder_encoder_layers_18_feed_forward_intermediate_dense_bias), kwargs = {})
    %gelu_26 : [num_users=1] = call_function[target=torch.ops.aten.gelu.default](args = (%linear_132,), kwargs = {})
    %dropout_57 : [num_users=1] = call_function[target=torch.ops.aten.dropout.default](args = (%gelu_26, 0.0, False), kwargs = {})
    %linear_133 : [num_users=1] = call_function[target=torch.ops.aten.linear.default](args = (%dropout_57, %p_encoder_encoder_layers_18_feed_forward_output_dense_weight, %p_encoder_encoder_layers_18_feed_forward_output_dense_bias), kwargs = {})
    %dropout_58 : [num_users=1] = call_function[target=torch.ops.aten.dropout.default](args = (%linear_133, 0.1, False), kwargs = {})
    %add_59 : [num_users=2] = call_function[target=torch.ops.aten.add.Tensor](args = (%add_58, %dropout_58), kwargs = {})
    %rand_19 : [num_users=0] = call_function[target=torch.ops.aten.rand.default](args = ([],), kwargs = {device: cpu, pin_memory: False})
    %layer_norm_46 : [num_users=2] = call_function[target=torch.ops.aten.layer_norm.default](args = (%add_59, [1024], %p_encoder_encoder_layers_19_layer_norm_weight, %p_encoder_encoder_layers_19_layer_norm_bias, 1e-05, False), kwargs = {})
    %view_248 : [num_users=1] = call_function[target=torch.ops.aten.view.default](args = (%layer_norm_46, [1, 149, 16, -1]), kwargs = {})
    %permute_39 : [num_users=1] = call_function[target=torch.ops.aten.permute.default](args = (%view_248, [0, 2, 1, 3]), kwargs = {})
    %linear_134 : [num_users=1] = call_function[target=torch.ops.aten.linear.default](args = (%permute_39, %p_encoder_encoder_layers_19_attention_gru_rel_pos_linear_weight, %p_encoder_encoder_layers_19_attention_gru_rel_pos_linear_bias), kwargs = {})
    %view_249 : [num_users=1] = call_function[target=torch.ops.aten.view.default](args = (%linear_134, [1, 16, 149, 2, 4]), kwargs = {})
    %sum_20 : [num_users=1] = call_function[target=torch.ops.aten.sum.dim_IntList](args = (%view_249, [-1]), kwargs = {})
    %sigmoid_19 : [num_users=1] = call_function[target=torch.ops.aten.sigmoid.default](args = (%sum_20,), kwargs = {})
    %chunk_38 : [num_users=2] = call_function[target=torch.ops.aten.chunk.default](args = (%sigmoid_19, 2, -1), kwargs = {})
    %getitem_95 : [num_users=1] = call_function[target=operator.getitem](args = (%chunk_38, 0), kwargs = {})
    %getitem_96 : [num_users=1] = call_function[target=operator.getitem](args = (%chunk_38, 1), kwargs = {})
    %mul_59 : [num_users=1] = call_function[target=torch.ops.aten.mul.Tensor](args = (%getitem_96, %p_encoder_encoder_layers_19_attention_gru_rel_pos_const), kwargs = {})
    %sub_21 : [num_users=1] = call_function[target=torch.ops.aten.sub.Tensor](args = (%mul_59, 1.0), kwargs = {})
    %mul_60 : [num_users=1] = call_function[target=torch.ops.aten.mul.Tensor](args = (%getitem_95, %sub_21), kwargs = {})
    %add_60 : [num_users=1] = call_function[target=torch.ops.aten.add.Tensor](args = (%mul_60, 2.0), kwargs = {})
    %view_250 : [num_users=1] = call_function[target=torch.ops.aten.view.default](args = (%add_60, [16, -1, 1]), kwargs = {})
    %mul_61 : [num_users=1] = call_function[target=torch.ops.aten.mul.Tensor](args = (%view_250, %view), kwargs = {})
    %view_251 : [num_users=1] = call_function[target=torch.ops.aten.view.default](args = (%mul_61, [-1, 149, 149]), kwargs = {})
    %transpose_112 : [num_users=3] = call_function[target=torch.ops.aten.transpose.int](args = (%layer_norm_46, 0, 1), kwargs = {})
    %cat_19 : [num_users=1] = call_function[target=torch.ops.aten.cat.default](args = ([%p_encoder_encoder_layers_19_attention_q_proj_bias, %p_encoder_encoder_layers_19_attention_k_proj_bias, %p_encoder_encoder_layers_19_attention_v_proj_bias],), kwargs = {})
    %chunk_39 : [num_users=3] = call_function[target=torch.ops.aten.chunk.default](args = (%cat_19, 3), kwargs = {})
    %getitem_97 : [num_users=1] = call_function[target=operator.getitem](args = (%chunk_39, 0), kwargs = {})
    %getitem_98 : [num_users=1] = call_function[target=operator.getitem](args = (%chunk_39, 1), kwargs = {})
    %getitem_99 : [num_users=1] = call_function[target=operator.getitem](args = (%chunk_39, 2), kwargs = {})
    %linear_135 : [num_users=1] = call_function[target=torch.ops.aten.linear.default](args = (%transpose_112, %p_encoder_encoder_layers_19_attention_q_proj_weight, %getitem_97), kwargs = {})
    %linear_136 : [num_users=1] = call_function[target=torch.ops.aten.linear.default](args = (%transpose_112, %p_encoder_encoder_layers_19_attention_k_proj_weight, %getitem_98), kwargs = {})
    %linear_137 : [num_users=1] = call_function[target=torch.ops.aten.linear.default](args = (%transpose_112, %p_encoder_encoder_layers_19_attention_v_proj_weight, %getitem_99), kwargs = {})
    %view_252 : [num_users=1] = call_function[target=torch.ops.aten.view.default](args = (%linear_135, [149, 16, 64]), kwargs = {})
    %transpose_113 : [num_users=1] = call_function[target=torch.ops.aten.transpose.int](args = (%view_252, 0, 1), kwargs = {})
    %view_253 : [num_users=1] = call_function[target=torch.ops.aten.view.default](args = (%linear_136, [149, 16, 64]), kwargs = {})
    %transpose_114 : [num_users=1] = call_function[target=torch.ops.aten.transpose.int](args = (%view_253, 0, 1), kwargs = {})
    %view_254 : [num_users=1] = call_function[target=torch.ops.aten.view.default](args = (%linear_137, [149, 16, 64]), kwargs = {})
    %transpose_115 : [num_users=1] = call_function[target=torch.ops.aten.transpose.int](args = (%view_254, 0, 1), kwargs = {})
    %view_255 : [num_users=1] = call_function[target=torch.ops.aten.view.default](args = (%view_251, [1, 16, -1, 149]), kwargs = {})
    %view_256 : [num_users=1] = call_function[target=torch.ops.aten.view.default](args = (%transpose_113, [1, 16, 149, 64]), kwargs = {})
    %view_257 : [num_users=1] = call_function[target=torch.ops.aten.view.default](args = (%transpose_114, [1, 16, 149, 64]), kwargs = {})
    %view_258 : [num_users=1] = call_function[target=torch.ops.aten.view.default](args = (%transpose_115, [1, 16, 149, 64]), kwargs = {})
    %mul_112 : [num_users=1] = call_function[target=torch.ops.aten.mul.Scalar](args = (%view_256, 0.3535533905932738), kwargs = {})
    %transpose_156 : [num_users=1] = call_function[target=torch.ops.aten.transpose.int](args = (%view_257, -2, -1), kwargs = {})
    %mul_113 : [num_users=1] = call_function[target=torch.ops.aten.mul.Scalar](args = (%transpose_156, 0.3535533905932738), kwargs = {})
    %expand_76 : [num_users=1] = call_function[target=torch.ops.aten.expand.default](args = (%mul_112, [1, 16, 149, 64]), kwargs = {})
    %view_427 : [num_users=1] = call_function[target=torch.ops.aten.view.default](args = (%expand_76, [16, 149, 64]), kwargs = {})
    %expand_77 : [num_users=1] = call_function[target=torch.ops.aten.expand.default](args = (%mul_113, [1, 16, 64, 149]), kwargs = {})
    %view_428 : [num_users=1] = call_function[target=torch.ops.aten.view.default](args = (%expand_77, [16, 64, 149]), kwargs = {})
    %bmm_38 : [num_users=1] = call_function[target=torch.ops.aten.bmm.default](args = (%view_427, %view_428), kwargs = {})
    %view_429 : [num_users=1] = call_function[target=torch.ops.aten.view.default](args = (%bmm_38, [1, 16, 149, 149]), kwargs = {})
    %add_94 : [num_users=1] = call_function[target=torch.ops.aten.add.Tensor](args = (%view_429, %view_255), kwargs = {})
    %_safe_softmax_19 : [num_users=1] = call_function[target=torch.ops.aten._safe_softmax.default](args = (%add_94, -1), kwargs = {})
    %expand_78 : [num_users=1] = call_function[target=torch.ops.aten.expand.default](args = (%_safe_softmax_19, [1, 16, 149, 149]), kwargs = {})
    %view_430 : [num_users=1] = call_function[target=torch.ops.aten.view.default](args = (%expand_78, [16, 149, 149]), kwargs = {})
    %expand_79 : [num_users=1] = call_function[target=torch.ops.aten.expand.default](args = (%view_258, [1, 16, 149, 64]), kwargs = {})
    %view_431 : [num_users=1] = call_function[target=torch.ops.aten.view.default](args = (%expand_79, [16, 149, 64]), kwargs = {})
    %bmm_39 : [num_users=1] = call_function[target=torch.ops.aten.bmm.default](args = (%view_430, %view_431), kwargs = {})
    %view_432 : [num_users=1] = call_function[target=torch.ops.aten.view.default](args = (%bmm_39, [1, 16, 149, 64]), kwargs = {})
    %permute_87 : [num_users=1] = call_function[target=torch.ops.aten.permute.default](args = (%view_432, [2, 0, 1, 3]), kwargs = {})
    %clone_19 : [num_users=1] = call_function[target=torch.ops.aten.clone.default](args = (%permute_87,), kwargs = {memory_format: torch.contiguous_format})
    %permute_88 : [num_users=1] = call_function[target=torch.ops.aten.permute.default](args = (%clone_19, [1, 2, 0, 3]), kwargs = {})
    %permute_40 : [num_users=1] = call_function[target=torch.ops.aten.permute.default](args = (%permute_88, [2, 0, 1, 3]), kwargs = {})
    %view_259 : [num_users=1] = call_function[target=torch.ops.aten.view.default](args = (%permute_40, [149, 1024]), kwargs = {})
    %linear_138 : [num_users=1] = call_function[target=torch.ops.aten.linear.default](args = (%view_259, %p_encoder_encoder_layers_19_attention_out_proj_weight, %p_encoder_encoder_layers_19_attention_out_proj_bias), kwargs = {})
    %view_260 : [num_users=1] = call_function[target=torch.ops.aten.view.default](args = (%linear_138, [149, 1, 1024]), kwargs = {})
    %transpose_116 : [num_users=1] = call_function[target=torch.ops.aten.transpose.int](args = (%view_260, 0, 1), kwargs = {})
    %dropout_59 : [num_users=1] = call_function[target=torch.ops.aten.dropout.default](args = (%transpose_116, 0.1, False), kwargs = {})
    %add_61 : [num_users=2] = call_function[target=torch.ops.aten.add.Tensor](args = (%add_59, %dropout_59), kwargs = {})
    %layer_norm_47 : [num_users=1] = call_function[target=torch.ops.aten.layer_norm.default](args = (%add_61, [1024], %p_encoder_encoder_layers_19_final_layer_norm_weight, %p_encoder_encoder_layers_19_final_layer_norm_bias, 1e-05, False), kwargs = {})
    %linear_139 : [num_users=1] = call_function[target=torch.ops.aten.linear.default](args = (%layer_norm_47, %p_encoder_encoder_layers_19_feed_forward_intermediate_dense_weight, %p_encoder_encoder_layers_19_feed_forward_intermediate_dense_bias), kwargs = {})
    %gelu_27 : [num_users=1] = call_function[target=torch.ops.aten.gelu.default](args = (%linear_139,), kwargs = {})
    %dropout_60 : [num_users=1] = call_function[target=torch.ops.aten.dropout.default](args = (%gelu_27, 0.0, False), kwargs = {})
    %linear_140 : [num_users=1] = call_function[target=torch.ops.aten.linear.default](args = (%dropout_60, %p_encoder_encoder_layers_19_feed_forward_output_dense_weight, %p_encoder_encoder_layers_19_feed_forward_output_dense_bias), kwargs = {})
    %dropout_61 : [num_users=1] = call_function[target=torch.ops.aten.dropout.default](args = (%linear_140, 0.1, False), kwargs = {})
    %add_62 : [num_users=2] = call_function[target=torch.ops.aten.add.Tensor](args = (%add_61, %dropout_61), kwargs = {})
    %rand_20 : [num_users=0] = call_function[target=torch.ops.aten.rand.default](args = ([],), kwargs = {device: cpu, pin_memory: False})
    %layer_norm_48 : [num_users=2] = call_function[target=torch.ops.aten.layer_norm.default](args = (%add_62, [1024], %p_encoder_encoder_layers_20_layer_norm_weight, %p_encoder_encoder_layers_20_layer_norm_bias, 1e-05, False), kwargs = {})
    %view_261 : [num_users=1] = call_function[target=torch.ops.aten.view.default](args = (%layer_norm_48, [1, 149, 16, -1]), kwargs = {})
    %permute_41 : [num_users=1] = call_function[target=torch.ops.aten.permute.default](args = (%view_261, [0, 2, 1, 3]), kwargs = {})
    %linear_141 : [num_users=1] = call_function[target=torch.ops.aten.linear.default](args = (%permute_41, %p_encoder_encoder_layers_20_attention_gru_rel_pos_linear_weight, %p_encoder_encoder_layers_20_attention_gru_rel_pos_linear_bias), kwargs = {})
    %view_262 : [num_users=1] = call_function[target=torch.ops.aten.view.default](args = (%linear_141, [1, 16, 149, 2, 4]), kwargs = {})
    %sum_21 : [num_users=1] = call_function[target=torch.ops.aten.sum.dim_IntList](args = (%view_262, [-1]), kwargs = {})
    %sigmoid_20 : [num_users=1] = call_function[target=torch.ops.aten.sigmoid.default](args = (%sum_21,), kwargs = {})
    %chunk_40 : [num_users=2] = call_function[target=torch.ops.aten.chunk.default](args = (%sigmoid_20, 2, -1), kwargs = {})
    %getitem_100 : [num_users=1] = call_function[target=operator.getitem](args = (%chunk_40, 0), kwargs = {})
    %getitem_101 : [num_users=1] = call_function[target=operator.getitem](args = (%chunk_40, 1), kwargs = {})
    %mul_62 : [num_users=1] = call_function[target=torch.ops.aten.mul.Tensor](args = (%getitem_101, %p_encoder_encoder_layers_20_attention_gru_rel_pos_const), kwargs = {})
    %sub_22 : [num_users=1] = call_function[target=torch.ops.aten.sub.Tensor](args = (%mul_62, 1.0), kwargs = {})
    %mul_63 : [num_users=1] = call_function[target=torch.ops.aten.mul.Tensor](args = (%getitem_100, %sub_22), kwargs = {})
    %add_63 : [num_users=1] = call_function[target=torch.ops.aten.add.Tensor](args = (%mul_63, 2.0), kwargs = {})
    %view_263 : [num_users=1] = call_function[target=torch.ops.aten.view.default](args = (%add_63, [16, -1, 1]), kwargs = {})
    %mul_64 : [num_users=1] = call_function[target=torch.ops.aten.mul.Tensor](args = (%view_263, %view), kwargs = {})
    %view_264 : [num_users=1] = call_function[target=torch.ops.aten.view.default](args = (%mul_64, [-1, 149, 149]), kwargs = {})
    %transpose_117 : [num_users=3] = call_function[target=torch.ops.aten.transpose.int](args = (%layer_norm_48, 0, 1), kwargs = {})
    %cat_20 : [num_users=1] = call_function[target=torch.ops.aten.cat.default](args = ([%p_encoder_encoder_layers_20_attention_q_proj_bias, %p_encoder_encoder_layers_20_attention_k_proj_bias, %p_encoder_encoder_layers_20_attention_v_proj_bias],), kwargs = {})
    %chunk_41 : [num_users=3] = call_function[target=torch.ops.aten.chunk.default](args = (%cat_20, 3), kwargs = {})
    %getitem_102 : [num_users=1] = call_function[target=operator.getitem](args = (%chunk_41, 0), kwargs = {})
    %getitem_103 : [num_users=1] = call_function[target=operator.getitem](args = (%chunk_41, 1), kwargs = {})
    %getitem_104 : [num_users=1] = call_function[target=operator.getitem](args = (%chunk_41, 2), kwargs = {})
    %linear_142 : [num_users=1] = call_function[target=torch.ops.aten.linear.default](args = (%transpose_117, %p_encoder_encoder_layers_20_attention_q_proj_weight, %getitem_102), kwargs = {})
    %linear_143 : [num_users=1] = call_function[target=torch.ops.aten.linear.default](args = (%transpose_117, %p_encoder_encoder_layers_20_attention_k_proj_weight, %getitem_103), kwargs = {})
    %linear_144 : [num_users=1] = call_function[target=torch.ops.aten.linear.default](args = (%transpose_117, %p_encoder_encoder_layers_20_attention_v_proj_weight, %getitem_104), kwargs = {})
    %view_265 : [num_users=1] = call_function[target=torch.ops.aten.view.default](args = (%linear_142, [149, 16, 64]), kwargs = {})
    %transpose_118 : [num_users=1] = call_function[target=torch.ops.aten.transpose.int](args = (%view_265, 0, 1), kwargs = {})
    %view_266 : [num_users=1] = call_function[target=torch.ops.aten.view.default](args = (%linear_143, [149, 16, 64]), kwargs = {})
    %transpose_119 : [num_users=1] = call_function[target=torch.ops.aten.transpose.int](args = (%view_266, 0, 1), kwargs = {})
    %view_267 : [num_users=1] = call_function[target=torch.ops.aten.view.default](args = (%linear_144, [149, 16, 64]), kwargs = {})
    %transpose_120 : [num_users=1] = call_function[target=torch.ops.aten.transpose.int](args = (%view_267, 0, 1), kwargs = {})
    %view_268 : [num_users=1] = call_function[target=torch.ops.aten.view.default](args = (%view_264, [1, 16, -1, 149]), kwargs = {})
    %view_269 : [num_users=1] = call_function[target=torch.ops.aten.view.default](args = (%transpose_118, [1, 16, 149, 64]), kwargs = {})
    %view_270 : [num_users=1] = call_function[target=torch.ops.aten.view.default](args = (%transpose_119, [1, 16, 149, 64]), kwargs = {})
    %view_271 : [num_users=1] = call_function[target=torch.ops.aten.view.default](args = (%transpose_120, [1, 16, 149, 64]), kwargs = {})
    %mul_114 : [num_users=1] = call_function[target=torch.ops.aten.mul.Scalar](args = (%view_269, 0.3535533905932738), kwargs = {})
    %transpose_157 : [num_users=1] = call_function[target=torch.ops.aten.transpose.int](args = (%view_270, -2, -1), kwargs = {})
    %mul_115 : [num_users=1] = call_function[target=torch.ops.aten.mul.Scalar](args = (%transpose_157, 0.3535533905932738), kwargs = {})
    %expand_80 : [num_users=1] = call_function[target=torch.ops.aten.expand.default](args = (%mul_114, [1, 16, 149, 64]), kwargs = {})
    %view_433 : [num_users=1] = call_function[target=torch.ops.aten.view.default](args = (%expand_80, [16, 149, 64]), kwargs = {})
    %expand_81 : [num_users=1] = call_function[target=torch.ops.aten.expand.default](args = (%mul_115, [1, 16, 64, 149]), kwargs = {})
    %view_434 : [num_users=1] = call_function[target=torch.ops.aten.view.default](args = (%expand_81, [16, 64, 149]), kwargs = {})
    %bmm_40 : [num_users=1] = call_function[target=torch.ops.aten.bmm.default](args = (%view_433, %view_434), kwargs = {})
    %view_435 : [num_users=1] = call_function[target=torch.ops.aten.view.default](args = (%bmm_40, [1, 16, 149, 149]), kwargs = {})
    %add_95 : [num_users=1] = call_function[target=torch.ops.aten.add.Tensor](args = (%view_435, %view_268), kwargs = {})
    %_safe_softmax_20 : [num_users=1] = call_function[target=torch.ops.aten._safe_softmax.default](args = (%add_95, -1), kwargs = {})
    %expand_82 : [num_users=1] = call_function[target=torch.ops.aten.expand.default](args = (%_safe_softmax_20, [1, 16, 149, 149]), kwargs = {})
    %view_436 : [num_users=1] = call_function[target=torch.ops.aten.view.default](args = (%expand_82, [16, 149, 149]), kwargs = {})
    %expand_83 : [num_users=1] = call_function[target=torch.ops.aten.expand.default](args = (%view_271, [1, 16, 149, 64]), kwargs = {})
    %view_437 : [num_users=1] = call_function[target=torch.ops.aten.view.default](args = (%expand_83, [16, 149, 64]), kwargs = {})
    %bmm_41 : [num_users=1] = call_function[target=torch.ops.aten.bmm.default](args = (%view_436, %view_437), kwargs = {})
    %view_438 : [num_users=1] = call_function[target=torch.ops.aten.view.default](args = (%bmm_41, [1, 16, 149, 64]), kwargs = {})
    %permute_89 : [num_users=1] = call_function[target=torch.ops.aten.permute.default](args = (%view_438, [2, 0, 1, 3]), kwargs = {})
    %clone_20 : [num_users=1] = call_function[target=torch.ops.aten.clone.default](args = (%permute_89,), kwargs = {memory_format: torch.contiguous_format})
    %permute_90 : [num_users=1] = call_function[target=torch.ops.aten.permute.default](args = (%clone_20, [1, 2, 0, 3]), kwargs = {})
    %permute_42 : [num_users=1] = call_function[target=torch.ops.aten.permute.default](args = (%permute_90, [2, 0, 1, 3]), kwargs = {})
    %view_272 : [num_users=1] = call_function[target=torch.ops.aten.view.default](args = (%permute_42, [149, 1024]), kwargs = {})
    %linear_145 : [num_users=1] = call_function[target=torch.ops.aten.linear.default](args = (%view_272, %p_encoder_encoder_layers_20_attention_out_proj_weight, %p_encoder_encoder_layers_20_attention_out_proj_bias), kwargs = {})
    %view_273 : [num_users=1] = call_function[target=torch.ops.aten.view.default](args = (%linear_145, [149, 1, 1024]), kwargs = {})
    %transpose_121 : [num_users=1] = call_function[target=torch.ops.aten.transpose.int](args = (%view_273, 0, 1), kwargs = {})
    %dropout_62 : [num_users=1] = call_function[target=torch.ops.aten.dropout.default](args = (%transpose_121, 0.1, False), kwargs = {})
    %add_64 : [num_users=2] = call_function[target=torch.ops.aten.add.Tensor](args = (%add_62, %dropout_62), kwargs = {})
    %layer_norm_49 : [num_users=1] = call_function[target=torch.ops.aten.layer_norm.default](args = (%add_64, [1024], %p_encoder_encoder_layers_20_final_layer_norm_weight, %p_encoder_encoder_layers_20_final_layer_norm_bias, 1e-05, False), kwargs = {})
    %linear_146 : [num_users=1] = call_function[target=torch.ops.aten.linear.default](args = (%layer_norm_49, %p_encoder_encoder_layers_20_feed_forward_intermediate_dense_weight, %p_encoder_encoder_layers_20_feed_forward_intermediate_dense_bias), kwargs = {})
    %gelu_28 : [num_users=1] = call_function[target=torch.ops.aten.gelu.default](args = (%linear_146,), kwargs = {})
    %dropout_63 : [num_users=1] = call_function[target=torch.ops.aten.dropout.default](args = (%gelu_28, 0.0, False), kwargs = {})
    %linear_147 : [num_users=1] = call_function[target=torch.ops.aten.linear.default](args = (%dropout_63, %p_encoder_encoder_layers_20_feed_forward_output_dense_weight, %p_encoder_encoder_layers_20_feed_forward_output_dense_bias), kwargs = {})
    %dropout_64 : [num_users=1] = call_function[target=torch.ops.aten.dropout.default](args = (%linear_147, 0.1, False), kwargs = {})
    %add_65 : [num_users=2] = call_function[target=torch.ops.aten.add.Tensor](args = (%add_64, %dropout_64), kwargs = {})
    %rand_21 : [num_users=0] = call_function[target=torch.ops.aten.rand.default](args = ([],), kwargs = {device: cpu, pin_memory: False})
    %layer_norm_50 : [num_users=2] = call_function[target=torch.ops.aten.layer_norm.default](args = (%add_65, [1024], %p_encoder_encoder_layers_21_layer_norm_weight, %p_encoder_encoder_layers_21_layer_norm_bias, 1e-05, False), kwargs = {})
    %view_274 : [num_users=1] = call_function[target=torch.ops.aten.view.default](args = (%layer_norm_50, [1, 149, 16, -1]), kwargs = {})
    %permute_43 : [num_users=1] = call_function[target=torch.ops.aten.permute.default](args = (%view_274, [0, 2, 1, 3]), kwargs = {})
    %linear_148 : [num_users=1] = call_function[target=torch.ops.aten.linear.default](args = (%permute_43, %p_encoder_encoder_layers_21_attention_gru_rel_pos_linear_weight, %p_encoder_encoder_layers_21_attention_gru_rel_pos_linear_bias), kwargs = {})
    %view_275 : [num_users=1] = call_function[target=torch.ops.aten.view.default](args = (%linear_148, [1, 16, 149, 2, 4]), kwargs = {})
    %sum_22 : [num_users=1] = call_function[target=torch.ops.aten.sum.dim_IntList](args = (%view_275, [-1]), kwargs = {})
    %sigmoid_21 : [num_users=1] = call_function[target=torch.ops.aten.sigmoid.default](args = (%sum_22,), kwargs = {})
    %chunk_42 : [num_users=2] = call_function[target=torch.ops.aten.chunk.default](args = (%sigmoid_21, 2, -1), kwargs = {})
    %getitem_105 : [num_users=1] = call_function[target=operator.getitem](args = (%chunk_42, 0), kwargs = {})
    %getitem_106 : [num_users=1] = call_function[target=operator.getitem](args = (%chunk_42, 1), kwargs = {})
    %mul_65 : [num_users=1] = call_function[target=torch.ops.aten.mul.Tensor](args = (%getitem_106, %p_encoder_encoder_layers_21_attention_gru_rel_pos_const), kwargs = {})
    %sub_23 : [num_users=1] = call_function[target=torch.ops.aten.sub.Tensor](args = (%mul_65, 1.0), kwargs = {})
    %mul_66 : [num_users=1] = call_function[target=torch.ops.aten.mul.Tensor](args = (%getitem_105, %sub_23), kwargs = {})
    %add_66 : [num_users=1] = call_function[target=torch.ops.aten.add.Tensor](args = (%mul_66, 2.0), kwargs = {})
    %view_276 : [num_users=1] = call_function[target=torch.ops.aten.view.default](args = (%add_66, [16, -1, 1]), kwargs = {})
    %mul_67 : [num_users=1] = call_function[target=torch.ops.aten.mul.Tensor](args = (%view_276, %view), kwargs = {})
    %view_277 : [num_users=1] = call_function[target=torch.ops.aten.view.default](args = (%mul_67, [-1, 149, 149]), kwargs = {})
    %transpose_122 : [num_users=3] = call_function[target=torch.ops.aten.transpose.int](args = (%layer_norm_50, 0, 1), kwargs = {})
    %cat_21 : [num_users=1] = call_function[target=torch.ops.aten.cat.default](args = ([%p_encoder_encoder_layers_21_attention_q_proj_bias, %p_encoder_encoder_layers_21_attention_k_proj_bias, %p_encoder_encoder_layers_21_attention_v_proj_bias],), kwargs = {})
    %chunk_43 : [num_users=3] = call_function[target=torch.ops.aten.chunk.default](args = (%cat_21, 3), kwargs = {})
    %getitem_107 : [num_users=1] = call_function[target=operator.getitem](args = (%chunk_43, 0), kwargs = {})
    %getitem_108 : [num_users=1] = call_function[target=operator.getitem](args = (%chunk_43, 1), kwargs = {})
    %getitem_109 : [num_users=1] = call_function[target=operator.getitem](args = (%chunk_43, 2), kwargs = {})
    %linear_149 : [num_users=1] = call_function[target=torch.ops.aten.linear.default](args = (%transpose_122, %p_encoder_encoder_layers_21_attention_q_proj_weight, %getitem_107), kwargs = {})
    %linear_150 : [num_users=1] = call_function[target=torch.ops.aten.linear.default](args = (%transpose_122, %p_encoder_encoder_layers_21_attention_k_proj_weight, %getitem_108), kwargs = {})
    %linear_151 : [num_users=1] = call_function[target=torch.ops.aten.linear.default](args = (%transpose_122, %p_encoder_encoder_layers_21_attention_v_proj_weight, %getitem_109), kwargs = {})
    %view_278 : [num_users=1] = call_function[target=torch.ops.aten.view.default](args = (%linear_149, [149, 16, 64]), kwargs = {})
    %transpose_123 : [num_users=1] = call_function[target=torch.ops.aten.transpose.int](args = (%view_278, 0, 1), kwargs = {})
    %view_279 : [num_users=1] = call_function[target=torch.ops.aten.view.default](args = (%linear_150, [149, 16, 64]), kwargs = {})
    %transpose_124 : [num_users=1] = call_function[target=torch.ops.aten.transpose.int](args = (%view_279, 0, 1), kwargs = {})
    %view_280 : [num_users=1] = call_function[target=torch.ops.aten.view.default](args = (%linear_151, [149, 16, 64]), kwargs = {})
    %transpose_125 : [num_users=1] = call_function[target=torch.ops.aten.transpose.int](args = (%view_280, 0, 1), kwargs = {})
    %view_281 : [num_users=1] = call_function[target=torch.ops.aten.view.default](args = (%view_277, [1, 16, -1, 149]), kwargs = {})
    %view_282 : [num_users=1] = call_function[target=torch.ops.aten.view.default](args = (%transpose_123, [1, 16, 149, 64]), kwargs = {})
    %view_283 : [num_users=1] = call_function[target=torch.ops.aten.view.default](args = (%transpose_124, [1, 16, 149, 64]), kwargs = {})
    %view_284 : [num_users=1] = call_function[target=torch.ops.aten.view.default](args = (%transpose_125, [1, 16, 149, 64]), kwargs = {})
    %mul_116 : [num_users=1] = call_function[target=torch.ops.aten.mul.Scalar](args = (%view_282, 0.3535533905932738), kwargs = {})
    %transpose_158 : [num_users=1] = call_function[target=torch.ops.aten.transpose.int](args = (%view_283, -2, -1), kwargs = {})
    %mul_117 : [num_users=1] = call_function[target=torch.ops.aten.mul.Scalar](args = (%transpose_158, 0.3535533905932738), kwargs = {})
    %expand_84 : [num_users=1] = call_function[target=torch.ops.aten.expand.default](args = (%mul_116, [1, 16, 149, 64]), kwargs = {})
    %view_439 : [num_users=1] = call_function[target=torch.ops.aten.view.default](args = (%expand_84, [16, 149, 64]), kwargs = {})
    %expand_85 : [num_users=1] = call_function[target=torch.ops.aten.expand.default](args = (%mul_117, [1, 16, 64, 149]), kwargs = {})
    %view_440 : [num_users=1] = call_function[target=torch.ops.aten.view.default](args = (%expand_85, [16, 64, 149]), kwargs = {})
    %bmm_42 : [num_users=1] = call_function[target=torch.ops.aten.bmm.default](args = (%view_439, %view_440), kwargs = {})
    %view_441 : [num_users=1] = call_function[target=torch.ops.aten.view.default](args = (%bmm_42, [1, 16, 149, 149]), kwargs = {})
    %add_96 : [num_users=1] = call_function[target=torch.ops.aten.add.Tensor](args = (%view_441, %view_281), kwargs = {})
    %_safe_softmax_21 : [num_users=1] = call_function[target=torch.ops.aten._safe_softmax.default](args = (%add_96, -1), kwargs = {})
    %expand_86 : [num_users=1] = call_function[target=torch.ops.aten.expand.default](args = (%_safe_softmax_21, [1, 16, 149, 149]), kwargs = {})
    %view_442 : [num_users=1] = call_function[target=torch.ops.aten.view.default](args = (%expand_86, [16, 149, 149]), kwargs = {})
    %expand_87 : [num_users=1] = call_function[target=torch.ops.aten.expand.default](args = (%view_284, [1, 16, 149, 64]), kwargs = {})
    %view_443 : [num_users=1] = call_function[target=torch.ops.aten.view.default](args = (%expand_87, [16, 149, 64]), kwargs = {})
    %bmm_43 : [num_users=1] = call_function[target=torch.ops.aten.bmm.default](args = (%view_442, %view_443), kwargs = {})
    %view_444 : [num_users=1] = call_function[target=torch.ops.aten.view.default](args = (%bmm_43, [1, 16, 149, 64]), kwargs = {})
    %permute_91 : [num_users=1] = call_function[target=torch.ops.aten.permute.default](args = (%view_444, [2, 0, 1, 3]), kwargs = {})
    %clone_21 : [num_users=1] = call_function[target=torch.ops.aten.clone.default](args = (%permute_91,), kwargs = {memory_format: torch.contiguous_format})
    %permute_92 : [num_users=1] = call_function[target=torch.ops.aten.permute.default](args = (%clone_21, [1, 2, 0, 3]), kwargs = {})
    %permute_44 : [num_users=1] = call_function[target=torch.ops.aten.permute.default](args = (%permute_92, [2, 0, 1, 3]), kwargs = {})
    %view_285 : [num_users=1] = call_function[target=torch.ops.aten.view.default](args = (%permute_44, [149, 1024]), kwargs = {})
    %linear_152 : [num_users=1] = call_function[target=torch.ops.aten.linear.default](args = (%view_285, %p_encoder_encoder_layers_21_attention_out_proj_weight, %p_encoder_encoder_layers_21_attention_out_proj_bias), kwargs = {})
    %view_286 : [num_users=1] = call_function[target=torch.ops.aten.view.default](args = (%linear_152, [149, 1, 1024]), kwargs = {})
    %transpose_126 : [num_users=1] = call_function[target=torch.ops.aten.transpose.int](args = (%view_286, 0, 1), kwargs = {})
    %dropout_65 : [num_users=1] = call_function[target=torch.ops.aten.dropout.default](args = (%transpose_126, 0.1, False), kwargs = {})
    %add_67 : [num_users=2] = call_function[target=torch.ops.aten.add.Tensor](args = (%add_65, %dropout_65), kwargs = {})
    %layer_norm_51 : [num_users=1] = call_function[target=torch.ops.aten.layer_norm.default](args = (%add_67, [1024], %p_encoder_encoder_layers_21_final_layer_norm_weight, %p_encoder_encoder_layers_21_final_layer_norm_bias, 1e-05, False), kwargs = {})
    %linear_153 : [num_users=1] = call_function[target=torch.ops.aten.linear.default](args = (%layer_norm_51, %p_encoder_encoder_layers_21_feed_forward_intermediate_dense_weight, %p_encoder_encoder_layers_21_feed_forward_intermediate_dense_bias), kwargs = {})
    %gelu_29 : [num_users=1] = call_function[target=torch.ops.aten.gelu.default](args = (%linear_153,), kwargs = {})
    %dropout_66 : [num_users=1] = call_function[target=torch.ops.aten.dropout.default](args = (%gelu_29, 0.0, False), kwargs = {})
    %linear_154 : [num_users=1] = call_function[target=torch.ops.aten.linear.default](args = (%dropout_66, %p_encoder_encoder_layers_21_feed_forward_output_dense_weight, %p_encoder_encoder_layers_21_feed_forward_output_dense_bias), kwargs = {})
    %dropout_67 : [num_users=1] = call_function[target=torch.ops.aten.dropout.default](args = (%linear_154, 0.1, False), kwargs = {})
    %add_68 : [num_users=2] = call_function[target=torch.ops.aten.add.Tensor](args = (%add_67, %dropout_67), kwargs = {})
    %rand_22 : [num_users=0] = call_function[target=torch.ops.aten.rand.default](args = ([],), kwargs = {device: cpu, pin_memory: False})
    %layer_norm_52 : [num_users=2] = call_function[target=torch.ops.aten.layer_norm.default](args = (%add_68, [1024], %p_encoder_encoder_layers_22_layer_norm_weight, %p_encoder_encoder_layers_22_layer_norm_bias, 1e-05, False), kwargs = {})
    %view_287 : [num_users=1] = call_function[target=torch.ops.aten.view.default](args = (%layer_norm_52, [1, 149, 16, -1]), kwargs = {})
    %permute_45 : [num_users=1] = call_function[target=torch.ops.aten.permute.default](args = (%view_287, [0, 2, 1, 3]), kwargs = {})
    %linear_155 : [num_users=1] = call_function[target=torch.ops.aten.linear.default](args = (%permute_45, %p_encoder_encoder_layers_22_attention_gru_rel_pos_linear_weight, %p_encoder_encoder_layers_22_attention_gru_rel_pos_linear_bias), kwargs = {})
    %view_288 : [num_users=1] = call_function[target=torch.ops.aten.view.default](args = (%linear_155, [1, 16, 149, 2, 4]), kwargs = {})
    %sum_23 : [num_users=1] = call_function[target=torch.ops.aten.sum.dim_IntList](args = (%view_288, [-1]), kwargs = {})
    %sigmoid_22 : [num_users=1] = call_function[target=torch.ops.aten.sigmoid.default](args = (%sum_23,), kwargs = {})
    %chunk_44 : [num_users=2] = call_function[target=torch.ops.aten.chunk.default](args = (%sigmoid_22, 2, -1), kwargs = {})
    %getitem_110 : [num_users=1] = call_function[target=operator.getitem](args = (%chunk_44, 0), kwargs = {})
    %getitem_111 : [num_users=1] = call_function[target=operator.getitem](args = (%chunk_44, 1), kwargs = {})
    %mul_68 : [num_users=1] = call_function[target=torch.ops.aten.mul.Tensor](args = (%getitem_111, %p_encoder_encoder_layers_22_attention_gru_rel_pos_const), kwargs = {})
    %sub_24 : [num_users=1] = call_function[target=torch.ops.aten.sub.Tensor](args = (%mul_68, 1.0), kwargs = {})
    %mul_69 : [num_users=1] = call_function[target=torch.ops.aten.mul.Tensor](args = (%getitem_110, %sub_24), kwargs = {})
    %add_69 : [num_users=1] = call_function[target=torch.ops.aten.add.Tensor](args = (%mul_69, 2.0), kwargs = {})
    %view_289 : [num_users=1] = call_function[target=torch.ops.aten.view.default](args = (%add_69, [16, -1, 1]), kwargs = {})
    %mul_70 : [num_users=1] = call_function[target=torch.ops.aten.mul.Tensor](args = (%view_289, %view), kwargs = {})
    %view_290 : [num_users=1] = call_function[target=torch.ops.aten.view.default](args = (%mul_70, [-1, 149, 149]), kwargs = {})
    %transpose_127 : [num_users=3] = call_function[target=torch.ops.aten.transpose.int](args = (%layer_norm_52, 0, 1), kwargs = {})
    %cat_22 : [num_users=1] = call_function[target=torch.ops.aten.cat.default](args = ([%p_encoder_encoder_layers_22_attention_q_proj_bias, %p_encoder_encoder_layers_22_attention_k_proj_bias, %p_encoder_encoder_layers_22_attention_v_proj_bias],), kwargs = {})
    %chunk_45 : [num_users=3] = call_function[target=torch.ops.aten.chunk.default](args = (%cat_22, 3), kwargs = {})
    %getitem_112 : [num_users=1] = call_function[target=operator.getitem](args = (%chunk_45, 0), kwargs = {})
    %getitem_113 : [num_users=1] = call_function[target=operator.getitem](args = (%chunk_45, 1), kwargs = {})
    %getitem_114 : [num_users=1] = call_function[target=operator.getitem](args = (%chunk_45, 2), kwargs = {})
    %linear_156 : [num_users=1] = call_function[target=torch.ops.aten.linear.default](args = (%transpose_127, %p_encoder_encoder_layers_22_attention_q_proj_weight, %getitem_112), kwargs = {})
    %linear_157 : [num_users=1] = call_function[target=torch.ops.aten.linear.default](args = (%transpose_127, %p_encoder_encoder_layers_22_attention_k_proj_weight, %getitem_113), kwargs = {})
    %linear_158 : [num_users=1] = call_function[target=torch.ops.aten.linear.default](args = (%transpose_127, %p_encoder_encoder_layers_22_attention_v_proj_weight, %getitem_114), kwargs = {})
    %view_291 : [num_users=1] = call_function[target=torch.ops.aten.view.default](args = (%linear_156, [149, 16, 64]), kwargs = {})
    %transpose_128 : [num_users=1] = call_function[target=torch.ops.aten.transpose.int](args = (%view_291, 0, 1), kwargs = {})
    %view_292 : [num_users=1] = call_function[target=torch.ops.aten.view.default](args = (%linear_157, [149, 16, 64]), kwargs = {})
    %transpose_129 : [num_users=1] = call_function[target=torch.ops.aten.transpose.int](args = (%view_292, 0, 1), kwargs = {})
    %view_293 : [num_users=1] = call_function[target=torch.ops.aten.view.default](args = (%linear_158, [149, 16, 64]), kwargs = {})
    %transpose_130 : [num_users=1] = call_function[target=torch.ops.aten.transpose.int](args = (%view_293, 0, 1), kwargs = {})
    %view_294 : [num_users=1] = call_function[target=torch.ops.aten.view.default](args = (%view_290, [1, 16, -1, 149]), kwargs = {})
    %view_295 : [num_users=1] = call_function[target=torch.ops.aten.view.default](args = (%transpose_128, [1, 16, 149, 64]), kwargs = {})
    %view_296 : [num_users=1] = call_function[target=torch.ops.aten.view.default](args = (%transpose_129, [1, 16, 149, 64]), kwargs = {})
    %view_297 : [num_users=1] = call_function[target=torch.ops.aten.view.default](args = (%transpose_130, [1, 16, 149, 64]), kwargs = {})
    %mul_118 : [num_users=1] = call_function[target=torch.ops.aten.mul.Scalar](args = (%view_295, 0.3535533905932738), kwargs = {})
    %transpose_159 : [num_users=1] = call_function[target=torch.ops.aten.transpose.int](args = (%view_296, -2, -1), kwargs = {})
    %mul_119 : [num_users=1] = call_function[target=torch.ops.aten.mul.Scalar](args = (%transpose_159, 0.3535533905932738), kwargs = {})
    %expand_88 : [num_users=1] = call_function[target=torch.ops.aten.expand.default](args = (%mul_118, [1, 16, 149, 64]), kwargs = {})
    %view_445 : [num_users=1] = call_function[target=torch.ops.aten.view.default](args = (%expand_88, [16, 149, 64]), kwargs = {})
    %expand_89 : [num_users=1] = call_function[target=torch.ops.aten.expand.default](args = (%mul_119, [1, 16, 64, 149]), kwargs = {})
    %view_446 : [num_users=1] = call_function[target=torch.ops.aten.view.default](args = (%expand_89, [16, 64, 149]), kwargs = {})
    %bmm_44 : [num_users=1] = call_function[target=torch.ops.aten.bmm.default](args = (%view_445, %view_446), kwargs = {})
    %view_447 : [num_users=1] = call_function[target=torch.ops.aten.view.default](args = (%bmm_44, [1, 16, 149, 149]), kwargs = {})
    %add_97 : [num_users=1] = call_function[target=torch.ops.aten.add.Tensor](args = (%view_447, %view_294), kwargs = {})
    %_safe_softmax_22 : [num_users=1] = call_function[target=torch.ops.aten._safe_softmax.default](args = (%add_97, -1), kwargs = {})
    %expand_90 : [num_users=1] = call_function[target=torch.ops.aten.expand.default](args = (%_safe_softmax_22, [1, 16, 149, 149]), kwargs = {})
    %view_448 : [num_users=1] = call_function[target=torch.ops.aten.view.default](args = (%expand_90, [16, 149, 149]), kwargs = {})
    %expand_91 : [num_users=1] = call_function[target=torch.ops.aten.expand.default](args = (%view_297, [1, 16, 149, 64]), kwargs = {})
    %view_449 : [num_users=1] = call_function[target=torch.ops.aten.view.default](args = (%expand_91, [16, 149, 64]), kwargs = {})
    %bmm_45 : [num_users=1] = call_function[target=torch.ops.aten.bmm.default](args = (%view_448, %view_449), kwargs = {})
    %view_450 : [num_users=1] = call_function[target=torch.ops.aten.view.default](args = (%bmm_45, [1, 16, 149, 64]), kwargs = {})
    %permute_93 : [num_users=1] = call_function[target=torch.ops.aten.permute.default](args = (%view_450, [2, 0, 1, 3]), kwargs = {})
    %clone_22 : [num_users=1] = call_function[target=torch.ops.aten.clone.default](args = (%permute_93,), kwargs = {memory_format: torch.contiguous_format})
    %permute_94 : [num_users=1] = call_function[target=torch.ops.aten.permute.default](args = (%clone_22, [1, 2, 0, 3]), kwargs = {})
    %permute_46 : [num_users=1] = call_function[target=torch.ops.aten.permute.default](args = (%permute_94, [2, 0, 1, 3]), kwargs = {})
    %view_298 : [num_users=1] = call_function[target=torch.ops.aten.view.default](args = (%permute_46, [149, 1024]), kwargs = {})
    %linear_159 : [num_users=1] = call_function[target=torch.ops.aten.linear.default](args = (%view_298, %p_encoder_encoder_layers_22_attention_out_proj_weight, %p_encoder_encoder_layers_22_attention_out_proj_bias), kwargs = {})
    %view_299 : [num_users=1] = call_function[target=torch.ops.aten.view.default](args = (%linear_159, [149, 1, 1024]), kwargs = {})
    %transpose_131 : [num_users=1] = call_function[target=torch.ops.aten.transpose.int](args = (%view_299, 0, 1), kwargs = {})
    %dropout_68 : [num_users=1] = call_function[target=torch.ops.aten.dropout.default](args = (%transpose_131, 0.1, False), kwargs = {})
    %add_70 : [num_users=2] = call_function[target=torch.ops.aten.add.Tensor](args = (%add_68, %dropout_68), kwargs = {})
    %layer_norm_53 : [num_users=1] = call_function[target=torch.ops.aten.layer_norm.default](args = (%add_70, [1024], %p_encoder_encoder_layers_22_final_layer_norm_weight, %p_encoder_encoder_layers_22_final_layer_norm_bias, 1e-05, False), kwargs = {})
    %linear_160 : [num_users=1] = call_function[target=torch.ops.aten.linear.default](args = (%layer_norm_53, %p_encoder_encoder_layers_22_feed_forward_intermediate_dense_weight, %p_encoder_encoder_layers_22_feed_forward_intermediate_dense_bias), kwargs = {})
    %gelu_30 : [num_users=1] = call_function[target=torch.ops.aten.gelu.default](args = (%linear_160,), kwargs = {})
    %dropout_69 : [num_users=1] = call_function[target=torch.ops.aten.dropout.default](args = (%gelu_30, 0.0, False), kwargs = {})
    %linear_161 : [num_users=1] = call_function[target=torch.ops.aten.linear.default](args = (%dropout_69, %p_encoder_encoder_layers_22_feed_forward_output_dense_weight, %p_encoder_encoder_layers_22_feed_forward_output_dense_bias), kwargs = {})
    %dropout_70 : [num_users=1] = call_function[target=torch.ops.aten.dropout.default](args = (%linear_161, 0.1, False), kwargs = {})
    %add_71 : [num_users=2] = call_function[target=torch.ops.aten.add.Tensor](args = (%add_70, %dropout_70), kwargs = {})
    %rand_23 : [num_users=0] = call_function[target=torch.ops.aten.rand.default](args = ([],), kwargs = {device: cpu, pin_memory: False})
    %layer_norm_54 : [num_users=2] = call_function[target=torch.ops.aten.layer_norm.default](args = (%add_71, [1024], %p_encoder_encoder_layers_23_layer_norm_weight, %p_encoder_encoder_layers_23_layer_norm_bias, 1e-05, False), kwargs = {})
    %view_300 : [num_users=1] = call_function[target=torch.ops.aten.view.default](args = (%layer_norm_54, [1, 149, 16, -1]), kwargs = {})
    %permute_47 : [num_users=1] = call_function[target=torch.ops.aten.permute.default](args = (%view_300, [0, 2, 1, 3]), kwargs = {})
    %linear_162 : [num_users=1] = call_function[target=torch.ops.aten.linear.default](args = (%permute_47, %p_encoder_encoder_layers_23_attention_gru_rel_pos_linear_weight, %p_encoder_encoder_layers_23_attention_gru_rel_pos_linear_bias), kwargs = {})
    %view_301 : [num_users=1] = call_function[target=torch.ops.aten.view.default](args = (%linear_162, [1, 16, 149, 2, 4]), kwargs = {})
    %sum_24 : [num_users=1] = call_function[target=torch.ops.aten.sum.dim_IntList](args = (%view_301, [-1]), kwargs = {})
    %sigmoid_23 : [num_users=1] = call_function[target=torch.ops.aten.sigmoid.default](args = (%sum_24,), kwargs = {})
    %chunk_46 : [num_users=2] = call_function[target=torch.ops.aten.chunk.default](args = (%sigmoid_23, 2, -1), kwargs = {})
    %getitem_115 : [num_users=1] = call_function[target=operator.getitem](args = (%chunk_46, 0), kwargs = {})
    %getitem_116 : [num_users=1] = call_function[target=operator.getitem](args = (%chunk_46, 1), kwargs = {})
    %mul_71 : [num_users=1] = call_function[target=torch.ops.aten.mul.Tensor](args = (%getitem_116, %p_encoder_encoder_layers_23_attention_gru_rel_pos_const), kwargs = {})
    %sub_25 : [num_users=1] = call_function[target=torch.ops.aten.sub.Tensor](args = (%mul_71, 1.0), kwargs = {})
    %mul_72 : [num_users=1] = call_function[target=torch.ops.aten.mul.Tensor](args = (%getitem_115, %sub_25), kwargs = {})
    %add_72 : [num_users=1] = call_function[target=torch.ops.aten.add.Tensor](args = (%mul_72, 2.0), kwargs = {})
    %view_302 : [num_users=1] = call_function[target=torch.ops.aten.view.default](args = (%add_72, [16, -1, 1]), kwargs = {})
    %mul_73 : [num_users=1] = call_function[target=torch.ops.aten.mul.Tensor](args = (%view_302, %view), kwargs = {})
    %view_303 : [num_users=1] = call_function[target=torch.ops.aten.view.default](args = (%mul_73, [-1, 149, 149]), kwargs = {})
    %transpose_132 : [num_users=3] = call_function[target=torch.ops.aten.transpose.int](args = (%layer_norm_54, 0, 1), kwargs = {})
    %cat_23 : [num_users=1] = call_function[target=torch.ops.aten.cat.default](args = ([%p_encoder_encoder_layers_23_attention_q_proj_bias, %p_encoder_encoder_layers_23_attention_k_proj_bias, %p_encoder_encoder_layers_23_attention_v_proj_bias],), kwargs = {})
    %chunk_47 : [num_users=3] = call_function[target=torch.ops.aten.chunk.default](args = (%cat_23, 3), kwargs = {})
    %getitem_117 : [num_users=1] = call_function[target=operator.getitem](args = (%chunk_47, 0), kwargs = {})
    %getitem_118 : [num_users=1] = call_function[target=operator.getitem](args = (%chunk_47, 1), kwargs = {})
    %getitem_119 : [num_users=1] = call_function[target=operator.getitem](args = (%chunk_47, 2), kwargs = {})
    %linear_163 : [num_users=1] = call_function[target=torch.ops.aten.linear.default](args = (%transpose_132, %p_encoder_encoder_layers_23_attention_q_proj_weight, %getitem_117), kwargs = {})
    %linear_164 : [num_users=1] = call_function[target=torch.ops.aten.linear.default](args = (%transpose_132, %p_encoder_encoder_layers_23_attention_k_proj_weight, %getitem_118), kwargs = {})
    %linear_165 : [num_users=1] = call_function[target=torch.ops.aten.linear.default](args = (%transpose_132, %p_encoder_encoder_layers_23_attention_v_proj_weight, %getitem_119), kwargs = {})
    %view_304 : [num_users=1] = call_function[target=torch.ops.aten.view.default](args = (%linear_163, [149, 16, 64]), kwargs = {})
    %transpose_133 : [num_users=1] = call_function[target=torch.ops.aten.transpose.int](args = (%view_304, 0, 1), kwargs = {})
    %view_305 : [num_users=1] = call_function[target=torch.ops.aten.view.default](args = (%linear_164, [149, 16, 64]), kwargs = {})
    %transpose_134 : [num_users=1] = call_function[target=torch.ops.aten.transpose.int](args = (%view_305, 0, 1), kwargs = {})
    %view_306 : [num_users=1] = call_function[target=torch.ops.aten.view.default](args = (%linear_165, [149, 16, 64]), kwargs = {})
    %transpose_135 : [num_users=1] = call_function[target=torch.ops.aten.transpose.int](args = (%view_306, 0, 1), kwargs = {})
    %view_307 : [num_users=1] = call_function[target=torch.ops.aten.view.default](args = (%view_303, [1, 16, -1, 149]), kwargs = {})
    %view_308 : [num_users=1] = call_function[target=torch.ops.aten.view.default](args = (%transpose_133, [1, 16, 149, 64]), kwargs = {})
    %view_309 : [num_users=1] = call_function[target=torch.ops.aten.view.default](args = (%transpose_134, [1, 16, 149, 64]), kwargs = {})
    %view_310 : [num_users=1] = call_function[target=torch.ops.aten.view.default](args = (%transpose_135, [1, 16, 149, 64]), kwargs = {})
    %mul_120 : [num_users=1] = call_function[target=torch.ops.aten.mul.Scalar](args = (%view_308, 0.3535533905932738), kwargs = {})
    %transpose_160 : [num_users=1] = call_function[target=torch.ops.aten.transpose.int](args = (%view_309, -2, -1), kwargs = {})
    %mul_121 : [num_users=1] = call_function[target=torch.ops.aten.mul.Scalar](args = (%transpose_160, 0.3535533905932738), kwargs = {})
    %expand_92 : [num_users=1] = call_function[target=torch.ops.aten.expand.default](args = (%mul_120, [1, 16, 149, 64]), kwargs = {})
    %view_451 : [num_users=1] = call_function[target=torch.ops.aten.view.default](args = (%expand_92, [16, 149, 64]), kwargs = {})
    %expand_93 : [num_users=1] = call_function[target=torch.ops.aten.expand.default](args = (%mul_121, [1, 16, 64, 149]), kwargs = {})
    %view_452 : [num_users=1] = call_function[target=torch.ops.aten.view.default](args = (%expand_93, [16, 64, 149]), kwargs = {})
    %bmm_46 : [num_users=1] = call_function[target=torch.ops.aten.bmm.default](args = (%view_451, %view_452), kwargs = {})
    %view_453 : [num_users=1] = call_function[target=torch.ops.aten.view.default](args = (%bmm_46, [1, 16, 149, 149]), kwargs = {})
    %add_98 : [num_users=1] = call_function[target=torch.ops.aten.add.Tensor](args = (%view_453, %view_307), kwargs = {})
    %_safe_softmax_23 : [num_users=1] = call_function[target=torch.ops.aten._safe_softmax.default](args = (%add_98, -1), kwargs = {})
    %expand_94 : [num_users=1] = call_function[target=torch.ops.aten.expand.default](args = (%_safe_softmax_23, [1, 16, 149, 149]), kwargs = {})
    %view_454 : [num_users=1] = call_function[target=torch.ops.aten.view.default](args = (%expand_94, [16, 149, 149]), kwargs = {})
    %expand_95 : [num_users=1] = call_function[target=torch.ops.aten.expand.default](args = (%view_310, [1, 16, 149, 64]), kwargs = {})
    %view_455 : [num_users=1] = call_function[target=torch.ops.aten.view.default](args = (%expand_95, [16, 149, 64]), kwargs = {})
    %bmm_47 : [num_users=1] = call_function[target=torch.ops.aten.bmm.default](args = (%view_454, %view_455), kwargs = {})
    %view_456 : [num_users=1] = call_function[target=torch.ops.aten.view.default](args = (%bmm_47, [1, 16, 149, 64]), kwargs = {})
    %permute_95 : [num_users=1] = call_function[target=torch.ops.aten.permute.default](args = (%view_456, [2, 0, 1, 3]), kwargs = {})
    %clone_23 : [num_users=1] = call_function[target=torch.ops.aten.clone.default](args = (%permute_95,), kwargs = {memory_format: torch.contiguous_format})
    %permute_96 : [num_users=1] = call_function[target=torch.ops.aten.permute.default](args = (%clone_23, [1, 2, 0, 3]), kwargs = {})
    %permute_48 : [num_users=1] = call_function[target=torch.ops.aten.permute.default](args = (%permute_96, [2, 0, 1, 3]), kwargs = {})
    %view_311 : [num_users=1] = call_function[target=torch.ops.aten.view.default](args = (%permute_48, [149, 1024]), kwargs = {})
    %linear_166 : [num_users=1] = call_function[target=torch.ops.aten.linear.default](args = (%view_311, %p_encoder_encoder_layers_23_attention_out_proj_weight, %p_encoder_encoder_layers_23_attention_out_proj_bias), kwargs = {})
    %view_312 : [num_users=1] = call_function[target=torch.ops.aten.view.default](args = (%linear_166, [149, 1, 1024]), kwargs = {})
    %transpose_136 : [num_users=1] = call_function[target=torch.ops.aten.transpose.int](args = (%view_312, 0, 1), kwargs = {})
    %dropout_71 : [num_users=1] = call_function[target=torch.ops.aten.dropout.default](args = (%transpose_136, 0.1, False), kwargs = {})
    %add_73 : [num_users=2] = call_function[target=torch.ops.aten.add.Tensor](args = (%add_71, %dropout_71), kwargs = {})
    %layer_norm_55 : [num_users=1] = call_function[target=torch.ops.aten.layer_norm.default](args = (%add_73, [1024], %p_encoder_encoder_layers_23_final_layer_norm_weight, %p_encoder_encoder_layers_23_final_layer_norm_bias, 1e-05, False), kwargs = {})
    %linear_167 : [num_users=1] = call_function[target=torch.ops.aten.linear.default](args = (%layer_norm_55, %p_encoder_encoder_layers_23_feed_forward_intermediate_dense_weight, %p_encoder_encoder_layers_23_feed_forward_intermediate_dense_bias), kwargs = {})
    %gelu_31 : [num_users=1] = call_function[target=torch.ops.aten.gelu.default](args = (%linear_167,), kwargs = {})
    %dropout_72 : [num_users=1] = call_function[target=torch.ops.aten.dropout.default](args = (%gelu_31, 0.0, False), kwargs = {})
    %linear_168 : [num_users=1] = call_function[target=torch.ops.aten.linear.default](args = (%dropout_72, %p_encoder_encoder_layers_23_feed_forward_output_dense_weight, %p_encoder_encoder_layers_23_feed_forward_output_dense_bias), kwargs = {})
    %dropout_73 : [num_users=1] = call_function[target=torch.ops.aten.dropout.default](args = (%linear_168, 0.1, False), kwargs = {})
    %add_74 : [num_users=1] = call_function[target=torch.ops.aten.add.Tensor](args = (%add_73, %dropout_73), kwargs = {})
    %layer_norm_56 : [num_users=1] = call_function[target=torch.ops.aten.layer_norm.default](args = (%add_74, [1024], %p_encoder_encoder_layer_norm_weight, %p_encoder_encoder_layer_norm_bias, 1e-05, False), kwargs = {})
    %mean_1 : [num_users=1] = call_function[target=torch.ops.aten.mean.dim](args = (%layer_norm_56, [1]), kwargs = {})
    %linear_169 : [num_users=1] = call_function[target=torch.ops.aten.linear.default](args = (%mean_1, %p_head_0_weight, %p_head_0_bias), kwargs = {})
    %relu_ : [num_users=1] = call_function[target=torch.ops.aten.relu_.default](args = (%linear_169,), kwargs = {})
    %dropout_74 : [num_users=1] = call_function[target=torch.ops.aten.dropout.default](args = (%relu_, 0.3, False), kwargs = {})
    %linear_170 : [num_users=1] = call_function[target=torch.ops.aten.linear.default](args = (%dropout_74, %p_head_3_weight, %p_head_3_bias), kwargs = {})
    return (linear_170,)

The above exception was the direct cause of the following exception:

Traceback (most recent call last):
  File "/work/scratchpad/export_wavlm_qnn_pte.py", line 194, in <module>
    sys.exit(main())
             ^^^^^^
  File "/work/scratchpad/export_wavlm_qnn_pte.py", line 144, in main
    edge = to_edge_transform_and_lower_to_qnn(model_to_lower, example, compiler_specs)
           ^^^^^^^^^^^^^^^^^^^^^^^^^^^^^^^^^^^^^^^^^^^^^^^^^^^^^^^^^^^^^^^^^^^^^^^^^^^
  File "/usr/local/lib/python3.11/site-packages/executorch/backends/qualcomm/utils/utils.py", line 442, in to_edge_transform_and_lower_to_qnn
    aten_programs[graph_name] = QnnPassManager().transform_for_export_pipeline(
                                ^^^^^^^^^^^^^^^^^^^^^^^^^^^^^^^^^^^^^^^^^^^^^^^
  File "/usr/local/lib/python3.11/site-packages/executorch/backends/qualcomm/_passes/qnn_pass_manager.py", line 249, in transform_for_export_pipeline
    self._transform(exported_program.graph_module)
  File "/usr/local/lib/python3.11/site-packages/executorch/backends/qualcomm/_passes/qnn_pass_manager.py", line 136, in _transform
    return self(graph_module).graph_module
           ^^^^^^^^^^^^^^^^^^
  File "/usr/local/lib/python3.11/site-packages/torch/fx/passes/infra/pass_manager.py", line 303, in __call__
    raise Exception(msg) from e  # noqa: TRY002
    ^^^^^^^^^^^^^^^^^^^^^^^^^^^
Exception: An error occurred when running the 'CanonicalizeConv' pass after the following passes: ['DecomposeBinaryAlpha', 'DecomposeCDist', 'DecomposeScaledDotProductAttention', 'DecomposeRoll', 'DecomposeThreshold', 'DecomposeTriu', 'DecomposeLinalgVectorNorm', 'DecomposeExpM1', 'DecomposeFloorDivide', 'DecomposeWrapWithAutocast']
