mounting HF cache: /Users/chinnu/.cache/huggingface (skips wavlm-large download)
using pre-downloaded QAIRT SDK: .qairt/qairt/2.37.0.250724
[deps] system
debconf: unable to initialize frontend: Dialog
debconf: (TERM is not set, so the dialog frontend is not usable.)
debconf: falling back to frontend: Readline
debconf: unable to initialize frontend: Readline
debconf: (Can't locate Term/ReadLine.pm in @INC (you may need to install the Term::ReadLine module) (@INC entries checked: /etc/perl /usr/local/lib/x86_64-linux-gnu/perl/5.40.1 /usr/local/share/perl/5.40.1 /usr/lib/x86_64-linux-gnu/perl5/5.40 /usr/share/perl5 /usr/lib/x86_64-linux-gnu/perl-base /usr/lib/x86_64-linux-gnu/perl/5.40 /usr/share/perl/5.40 /usr/local/lib/site_perl) at /usr/share/perl5/Debconf/FrontEnd/Readline.pm line 8, <STDIN> line 14.)
debconf: falling back to frontend: Teletype
debconf: unable to initialize frontend: Teletype
debconf: (This frontend requires a controlling tty.)
debconf: falling back to frontend: Noninteractive
[deps] pip executorch 1.2.0 + torch 2.11.0 + transformers + peft (emulated x86 — slow, cached after first run)
[notice] A new release of pip is available: 24.0 -> 26.1.2
[notice] To update, run: pip install --upgrade pip
[run] export WavLM QNN .pte
[1/5] rebuild + merge LoRA into WavLM (from HF cache) ...
Loading weights:   0%|          | 0/488 [00:00<?, ?it/s]Loading weights: 100%|██████████| 488/488 [00:00<00:00, 45771.73it/s]
[patch] export-safe transformers guards -> ['transformers.models.wavlm.modeling_wavlm.is_fsdp_managed_module', 'transformers.models.wavlm.modeling_wavlm.is_deepspeed_zero3_enabled', 'transformers.integrations.fsdp.is_fsdp_managed_module', 'transformers.integrations.deepspeed.is_deepspeed_zero3_enabled', 'transformers.modeling_utils.is_deepspeed_zero3_enabled']
[wn] folded weight_norm in 1 conv module(s)
[calib] 1 real normalized waveforms (shape (32, 48000))
      DeployTeacher ready, example (1, 48000) (3s)
[2/5] torch.export capture (strict=False) ...
      captured graph (4s)
[3/5] FP16_ONLY=1 -> skip INT8, lower captured graph as FP16 on HTP
[4/5] lower to QNN (SM8750 / HTP V79, fp16) ...
[INFO] [Qnn ExecuTorch]: Creating new backend bundle.
[INFO] [Qnn ExecuTorch]: create QNN Logger with log_level 1
/usr/local/lib/python3.11/copyreg.py:105: FutureWarning: `isinstance(treespec, LeafSpec)` is deprecated, use `isinstance(treespec, TreeSpec) and treespec.is_leaf()` instead.
  return cls.__new__(cls, *args)
[WARNING 2026-06-27 10:40:11,780 _program.py:1089] Op aten.unbind.int was requested for preservation by partitioner.  This request is ignored because it is in a blocklist.
/usr/local/lib/python3.11/copyreg.py:105: FutureWarning: `isinstance(treespec, LeafSpec)` is deprecated, use `isinstance(treespec, TreeSpec) and treespec.is_leaf()` instead.
  return cls.__new__(cls, *args)
[WARNING 2026-06-27 10:40:15,613 _program.py:1089] Op aten.unbind.int was requested for preservation by partitioner.  This request is ignored because it is in a blocklist.
/usr/local/lib/python3.11/copyreg.py:105: FutureWarning: `isinstance(treespec, LeafSpec)` is deprecated, use `isinstance(treespec, TreeSpec) and treespec.is_leaf()` instead.
  return cls.__new__(cls, *args)
[QNN Partitioner Op Support]: aten.linear.default | True
[QNN Partitioner Op Support]: aten.relu.default | True
[QNN Partitioner Op Support]: aten.linear.default | True
[QNN Partitioner Op Support]: aten.mean.dim | True
[QNN Partitioner Op Support]: aten.native_layer_norm.default | True
[QNN Partitioner Op Support]: aten.add.Tensor | True
[QNN Partitioner Op Support]: aten.view_copy.default | True
[QNN Partitioner Op Support]: aten.linear.default | True
[QNN Partitioner Op Support]: aten.view_copy.default | True
[QNN Partitioner Op Support]: aten.gelu.default | True
[QNN Partitioner Op Support]: aten.view_copy.default | True
[QNN Partitioner Op Support]: aten.linear.default | True
[QNN Partitioner Op Support]: aten.view_copy.default | True
[QNN Partitioner Op Support]: aten.native_layer_norm.default | True
[QNN Partitioner Op Support]: aten.add.Tensor | True
[QNN Partitioner Op Support]: aten.permute_copy.default | True
[QNN Partitioner Op Support]: aten.view_copy.default | True
[QNN Partitioner Op Support]: aten.linear.default | True
[QNN Partitioner Op Support]: aten.view_copy.default | True
[QNN Partitioner Op Support]: aten.permute_copy.default | True
[QNN Partitioner Op Support]: aten.permute_copy.default | True
[QNN Partitioner Op Support]: aten.permute_copy.default | True
[QNN Partitioner Op Support]: aten.view_copy.default | True
[QNN Partitioner Op Support]: aten.bmm.default | True
[QNN Partitioner Op Support]: aten.view_copy.default | True
[QNN Partitioner Op Support]: aten.view_copy.default | True
[QNN Partitioner Op Support]: aten._safe_softmax.default | True
[QNN Partitioner Op Support]: aten.add.Tensor | True
[QNN Partitioner Op Support]: aten.view_copy.default | True
[QNN Partitioner Op Support]: aten.bmm.default | True
[QNN Partitioner Op Support]: aten.view_copy.default | True
[QNN Partitioner Op Support]: aten.view_copy.default | True
[QNN Partitioner Op Support]: aten.mul.Tensor | True
[QNN Partitioner Op Support]: aten.permute_copy.default | True
[QNN Partitioner Op Support]: aten.mul.Tensor | True
[QNN Partitioner Op Support]: aten.view_copy.default | True
[QNN Partitioner Op Support]: aten.view_copy.default | True
[QNN Partitioner Op Support]: aten.view_copy.default | True
[QNN Partitioner Op Support]: aten.view_copy.default | True
[QNN Partitioner Op Support]: aten.permute_copy.default | True
[QNN Partitioner Op Support]: aten.view_copy.default | True
[QNN Partitioner Op Support]: aten.permute_copy.default | True
[QNN Partitioner Op Support]: aten.view_copy.default | True
[QNN Partitioner Op Support]: aten.permute_copy.default | True
[QNN Partitioner Op Support]: aten.view_copy.default | True
[QNN Partitioner Op Support]: aten.view_copy.default | True
[QNN Partitioner Op Support]: aten.linear.default | True
[QNN Partitioner Op Support]: aten.view_copy.default | True
[QNN Partitioner Op Support]: aten.linear.default | True
[QNN Partitioner Op Support]: aten.view_copy.default | True
[QNN Partitioner Op Support]: aten.linear.default | True
[QNN Partitioner Op Support]: aten.split_with_sizes_copy.default | True
[QNN Partitioner Op Support]: aten.cat.default | True
[QNN Partitioner Op Support]: aten.view_copy.default | True
[QNN Partitioner Op Support]: aten.view_copy.default | True
[QNN Partitioner Op Support]: aten.view_copy.default | True
[QNN Partitioner Op Support]: aten.permute_copy.default | True
[QNN Partitioner Op Support]: aten.view_copy.default | True
[QNN Partitioner Op Support]: aten.mul.Tensor | True
[QNN Partitioner Op Support]: aten.view_copy.default | True
[QNN Partitioner Op Support]: aten.add.Tensor | True
[QNN Partitioner Op Support]: aten.mul.Tensor | True
[QNN Partitioner Op Support]: aten.sub.Tensor | True
[QNN Partitioner Op Support]: aten.mul.Tensor | True
[QNN Partitioner Op Support]: aten.split_with_sizes_copy.default | True
[QNN Partitioner Op Support]: aten.sigmoid.default | True
[QNN Partitioner Op Support]: aten.sum.dim_IntList | True
[QNN Partitioner Op Support]: aten.view_copy.default | True
[QNN Partitioner Op Support]: aten.view_copy.default | True
[QNN Partitioner Op Support]: aten.linear.default | True
[QNN Partitioner Op Support]: aten.view_copy.default | True
[QNN Partitioner Op Support]: aten.permute_copy.default | True
[QNN Partitioner Op Support]: aten.view_copy.default | True
[QNN Partitioner Op Support]: aten.native_layer_norm.default | True
[QNN Partitioner Op Support]: aten.add.Tensor | True
[QNN Partitioner Op Support]: aten.view_copy.default | True
[QNN Partitioner Op Support]: aten.linear.default | True
[QNN Partitioner Op Support]: aten.view_copy.default | True
[QNN Partitioner Op Support]: aten.gelu.default | True
[QNN Partitioner Op Support]: aten.view_copy.default | True
[QNN Partitioner Op Support]: aten.linear.default | True
[QNN Partitioner Op Support]: aten.view_copy.default | True
[QNN Partitioner Op Support]: aten.native_layer_norm.default | True
[QNN Partitioner Op Support]: aten.add.Tensor | True
[QNN Partitioner Op Support]: aten.permute_copy.default | True
[QNN Partitioner Op Support]: aten.view_copy.default | True
[QNN Partitioner Op Support]: aten.linear.default | True
[QNN Partitioner Op Support]: aten.view_copy.default | True
[QNN Partitioner Op Support]: aten.permute_copy.default | True
[QNN Partitioner Op Support]: aten.permute_copy.default | True
[QNN Partitioner Op Support]: aten.permute_copy.default | True
[QNN Partitioner Op Support]: aten.view_copy.default | True
[QNN Partitioner Op Support]: aten.bmm.default | True
[QNN Partitioner Op Support]: aten.view_copy.default | True
[QNN Partitioner Op Support]: aten.view_copy.default | True
[QNN Partitioner Op Support]: aten._safe_softmax.default | True
[QNN Partitioner Op Support]: aten.add.Tensor | True
[QNN Partitioner Op Support]: aten.view_copy.default | True
[QNN Partitioner Op Support]: aten.bmm.default | True
[QNN Partitioner Op Support]: aten.view_copy.default | True
[QNN Partitioner Op Support]: aten.view_copy.default | True
[QNN Partitioner Op Support]: aten.mul.Tensor | True
[QNN Partitioner Op Support]: aten.permute_copy.default | True
[QNN Partitioner Op Support]: aten.mul.Tensor | True
[QNN Partitioner Op Support]: aten.view_copy.default | True
[QNN Partitioner Op Support]: aten.view_copy.default | True
[QNN Partitioner Op Support]: aten.view_copy.default | True
[QNN Partitioner Op Support]: aten.view_copy.default | True
[QNN Partitioner Op Support]: aten.permute_copy.default | True
[QNN Partitioner Op Support]: aten.view_copy.default | True
[QNN Partitioner Op Support]: aten.permute_copy.default | True
[QNN Partitioner Op Support]: aten.view_copy.default | True
[QNN Partitioner Op Support]: aten.permute_copy.default | True
[QNN Partitioner Op Support]: aten.view_copy.default | True
[QNN Partitioner Op Support]: aten.view_copy.default | True
[QNN Partitioner Op Support]: aten.linear.default | True
[QNN Partitioner Op Support]: aten.view_copy.default | True
[QNN Partitioner Op Support]: aten.linear.default | True
[QNN Partitioner Op Support]: aten.view_copy.default | True
[QNN Partitioner Op Support]: aten.linear.default | True
[QNN Partitioner Op Support]: aten.split_with_sizes_copy.default | True
[QNN Partitioner Op Support]: aten.cat.default | True
[QNN Partitioner Op Support]: aten.view_copy.default | True
[QNN Partitioner Op Support]: aten.view_copy.default | True
[QNN Partitioner Op Support]: aten.view_copy.default | True
[QNN Partitioner Op Support]: aten.permute_copy.default | True
[QNN Partitioner Op Support]: aten.view_copy.default | True
[QNN Partitioner Op Support]: aten.mul.Tensor | True
[QNN Partitioner Op Support]: aten.view_copy.default | True
[QNN Partitioner Op Support]: aten.add.Tensor | True
[QNN Partitioner Op Support]: aten.mul.Tensor | True
[QNN Partitioner Op Support]: aten.sub.Tensor | True
[QNN Partitioner Op Support]: aten.mul.Tensor | True
[QNN Partitioner Op Support]: aten.split_with_sizes_copy.default | True
[QNN Partitioner Op Support]: aten.sigmoid.default | True
[QNN Partitioner Op Support]: aten.sum.dim_IntList | True
[QNN Partitioner Op Support]: aten.view_copy.default | True
[QNN Partitioner Op Support]: aten.view_copy.default | True
[QNN Partitioner Op Support]: aten.linear.default | True
[QNN Partitioner Op Support]: aten.view_copy.default | True
[QNN Partitioner Op Support]: aten.permute_copy.default | True
[QNN Partitioner Op Support]: aten.view_copy.default | True
[QNN Partitioner Op Support]: aten.native_layer_norm.default | True
[QNN Partitioner Op Support]: aten.add.Tensor | True
[QNN Partitioner Op Support]: aten.view_copy.default | True
[QNN Partitioner Op Support]: aten.linear.default | True
[QNN Partitioner Op Support]: aten.view_copy.default | True
[QNN Partitioner Op Support]: aten.gelu.default | True
[QNN Partitioner Op Support]: aten.view_copy.default | True
[QNN Partitioner Op Support]: aten.linear.default | True
[QNN Partitioner Op Support]: aten.view_copy.default | True
[QNN Partitioner Op Support]: aten.native_layer_norm.default | True
[QNN Partitioner Op Support]: aten.add.Tensor | True
[QNN Partitioner Op Support]: aten.permute_copy.default | True
[QNN Partitioner Op Support]: aten.view_copy.default | True
[QNN Partitioner Op Support]: aten.linear.default | True
[QNN Partitioner Op Support]: aten.view_copy.default | True
[QNN Partitioner Op Support]: aten.permute_copy.default | True
[QNN Partitioner Op Support]: aten.permute_copy.default | True
[QNN Partitioner Op Support]: aten.permute_copy.default | True
[QNN Partitioner Op Support]: aten.view_copy.default | True
[QNN Partitioner Op Support]: aten.bmm.default | True
[QNN Partitioner Op Support]: aten.view_copy.default | True
[QNN Partitioner Op Support]: aten.view_copy.default | True
[QNN Partitioner Op Support]: aten._safe_softmax.default | True
[QNN Partitioner Op Support]: aten.add.Tensor | True
[QNN Partitioner Op Support]: aten.view_copy.default | True
[QNN Partitioner Op Support]: aten.bmm.default | True
[QNN Partitioner Op Support]: aten.view_copy.default | True
[QNN Partitioner Op Support]: aten.view_copy.default | True
[QNN Partitioner Op Support]: aten.mul.Tensor | True
[QNN Partitioner Op Support]: aten.permute_copy.default | True
[QNN Partitioner Op Support]: aten.mul.Tensor | True
[QNN Partitioner Op Support]: aten.view_copy.default | True
[QNN Partitioner Op Support]: aten.view_copy.default | True
[QNN Partitioner Op Support]: aten.view_copy.default | True
[QNN Partitioner Op Support]: aten.view_copy.default | True
[QNN Partitioner Op Support]: aten.permute_copy.default | True
[QNN Partitioner Op Support]: aten.view_copy.default | True
[QNN Partitioner Op Support]: aten.permute_copy.default | True
[QNN Partitioner Op Support]: aten.view_copy.default | True
[QNN Partitioner Op Support]: aten.permute_copy.default | True
[QNN Partitioner Op Support]: aten.view_copy.default | True
[QNN Partitioner Op Support]: aten.view_copy.default | True
[QNN Partitioner Op Support]: aten.linear.default | True
[QNN Partitioner Op Support]: aten.view_copy.default | True
[QNN Partitioner Op Support]: aten.linear.default | True
[QNN Partitioner Op Support]: aten.view_copy.default | True
[QNN Partitioner Op Support]: aten.linear.default | True
[QNN Partitioner Op Support]: aten.split_with_sizes_copy.default | True
[QNN Partitioner Op Support]: aten.cat.default | True
[QNN Partitioner Op Support]: aten.view_copy.default | True
[QNN Partitioner Op Support]: aten.view_copy.default | True
[QNN Partitioner Op Support]: aten.view_copy.default | True
[QNN Partitioner Op Support]: aten.permute_copy.default | True
[QNN Partitioner Op Support]: aten.view_copy.default | True
[QNN Partitioner Op Support]: aten.mul.Tensor | True
[QNN Partitioner Op Support]: aten.view_copy.default | True
[QNN Partitioner Op Support]: aten.add.Tensor | True
[QNN Partitioner Op Support]: aten.mul.Tensor | True
[QNN Partitioner Op Support]: aten.sub.Tensor | True
[QNN Partitioner Op Support]: aten.mul.Tensor | True
[QNN Partitioner Op Support]: aten.split_with_sizes_copy.default | True
[QNN Partitioner Op Support]: aten.sigmoid.default | True
[QNN Partitioner Op Support]: aten.sum.dim_IntList | True
[QNN Partitioner Op Support]: aten.view_copy.default | True
[QNN Partitioner Op Support]: aten.view_copy.default | True
[QNN Partitioner Op Support]: aten.linear.default | True
[QNN Partitioner Op Support]: aten.view_copy.default | True
[QNN Partitioner Op Support]: aten.permute_copy.default | True
[QNN Partitioner Op Support]: aten.view_copy.default | True
[QNN Partitioner Op Support]: aten.native_layer_norm.default | True
[QNN Partitioner Op Support]: aten.add.Tensor | True
[QNN Partitioner Op Support]: aten.view_copy.default | True
[QNN Partitioner Op Support]: aten.linear.default | True
[QNN Partitioner Op Support]: aten.view_copy.default | True
[QNN Partitioner Op Support]: aten.gelu.default | True
[QNN Partitioner Op Support]: aten.view_copy.default | True
[QNN Partitioner Op Support]: aten.linear.default | True
[QNN Partitioner Op Support]: aten.view_copy.default | True
[QNN Partitioner Op Support]: aten.native_layer_norm.default | True
[QNN Partitioner Op Support]: aten.add.Tensor | True
[QNN Partitioner Op Support]: aten.permute_copy.default | True
[QNN Partitioner Op Support]: aten.view_copy.default | True
[QNN Partitioner Op Support]: aten.linear.default | True
[QNN Partitioner Op Support]: aten.view_copy.default | True
[QNN Partitioner Op Support]: aten.permute_copy.default | True
[QNN Partitioner Op Support]: aten.permute_copy.default | True
[QNN Partitioner Op Support]: aten.permute_copy.default | True
[QNN Partitioner Op Support]: aten.view_copy.default | True
[QNN Partitioner Op Support]: aten.bmm.default | True
[QNN Partitioner Op Support]: aten.view_copy.default | True
[QNN Partitioner Op Support]: aten.view_copy.default | True
[QNN Partitioner Op Support]: aten._safe_softmax.default | True
[QNN Partitioner Op Support]: aten.add.Tensor | True
[QNN Partitioner Op Support]: aten.view_copy.default | True
[QNN Partitioner Op Support]: aten.bmm.default | True
[QNN Partitioner Op Support]: aten.view_copy.default | True
[QNN Partitioner Op Support]: aten.view_copy.default | True
[QNN Partitioner Op Support]: aten.mul.Tensor | True
[QNN Partitioner Op Support]: aten.permute_copy.default | True
[QNN Partitioner Op Support]: aten.mul.Tensor | True
[QNN Partitioner Op Support]: aten.view_copy.default | True
[QNN Partitioner Op Support]: aten.view_copy.default | True
[QNN Partitioner Op Support]: aten.view_copy.default | True
[QNN Partitioner Op Support]: aten.view_copy.default | True
[QNN Partitioner Op Support]: aten.permute_copy.default | True
[QNN Partitioner Op Support]: aten.view_copy.default | True
[QNN Partitioner Op Support]: aten.permute_copy.default | True
[QNN Partitioner Op Support]: aten.view_copy.default | True
[QNN Partitioner Op Support]: aten.permute_copy.default | True
[QNN Partitioner Op Support]: aten.view_copy.default | True
[QNN Partitioner Op Support]: aten.view_copy.default | True
[QNN Partitioner Op Support]: aten.linear.default | True
[QNN Partitioner Op Support]: aten.view_copy.default | True
[QNN Partitioner Op Support]: aten.linear.default | True
[QNN Partitioner Op Support]: aten.view_copy.default | True
[QNN Partitioner Op Support]: aten.linear.default | True
[QNN Partitioner Op Support]: aten.split_with_sizes_copy.default | True
[QNN Partitioner Op Support]: aten.cat.default | True
[QNN Partitioner Op Support]: aten.view_copy.default | True
[QNN Partitioner Op Support]: aten.view_copy.default | True
[QNN Partitioner Op Support]: aten.view_copy.default | True
[QNN Partitioner Op Support]: aten.permute_copy.default | True
[QNN Partitioner Op Support]: aten.view_copy.default | True
[QNN Partitioner Op Support]: aten.mul.Tensor | True
[QNN Partitioner Op Support]: aten.view_copy.default | True
[QNN Partitioner Op Support]: aten.add.Tensor | True
[QNN Partitioner Op Support]: aten.mul.Tensor | True
[QNN Partitioner Op Support]: aten.sub.Tensor | True
[QNN Partitioner Op Support]: aten.mul.Tensor | True
[QNN Partitioner Op Support]: aten.split_with_sizes_copy.default | True
[QNN Partitioner Op Support]: aten.sigmoid.default | True
[QNN Partitioner Op Support]: aten.sum.dim_IntList | True
[QNN Partitioner Op Support]: aten.view_copy.default | True
[QNN Partitioner Op Support]: aten.view_copy.default | True
[QNN Partitioner Op Support]: aten.linear.default | True
[QNN Partitioner Op Support]: aten.view_copy.default | True
[QNN Partitioner Op Support]: aten.permute_copy.default | True
[QNN Partitioner Op Support]: aten.view_copy.default | True
[QNN Partitioner Op Support]: aten.native_layer_norm.default | True
[QNN Partitioner Op Support]: aten.add.Tensor | True
[QNN Partitioner Op Support]: aten.view_copy.default | True
[QNN Partitioner Op Support]: aten.linear.default | True
[QNN Partitioner Op Support]: aten.view_copy.default | True
[QNN Partitioner Op Support]: aten.gelu.default | True
[QNN Partitioner Op Support]: aten.view_copy.default | True
[QNN Partitioner Op Support]: aten.linear.default | True
[QNN Partitioner Op Support]: aten.view_copy.default | True
[QNN Partitioner Op Support]: aten.native_layer_norm.default | True
[QNN Partitioner Op Support]: aten.add.Tensor | True
[QNN Partitioner Op Support]: aten.permute_copy.default | True
[QNN Partitioner Op Support]: aten.view_copy.default | True
[QNN Partitioner Op Support]: aten.linear.default | True
[QNN Partitioner Op Support]: aten.view_copy.default | True
[QNN Partitioner Op Support]: aten.permute_copy.default | True
[QNN Partitioner Op Support]: aten.permute_copy.default | True
[QNN Partitioner Op Support]: aten.permute_copy.default | True
[QNN Partitioner Op Support]: aten.view_copy.default | True
[QNN Partitioner Op Support]: aten.bmm.default | True
[QNN Partitioner Op Support]: aten.view_copy.default | True
[QNN Partitioner Op Support]: aten.view_copy.default | True
[QNN Partitioner Op Support]: aten._safe_softmax.default | True
[QNN Partitioner Op Support]: aten.add.Tensor | True
[QNN Partitioner Op Support]: aten.view_copy.default | True
[QNN Partitioner Op Support]: aten.bmm.default | True
[QNN Partitioner Op Support]: aten.view_copy.default | True
[QNN Partitioner Op Support]: aten.view_copy.default | True
[QNN Partitioner Op Support]: aten.mul.Tensor | True
[QNN Partitioner Op Support]: aten.permute_copy.default | True
[QNN Partitioner Op Support]: aten.mul.Tensor | True
[QNN Partitioner Op Support]: aten.view_copy.default | True
[QNN Partitioner Op Support]: aten.view_copy.default | True
[QNN Partitioner Op Support]: aten.view_copy.default | True
[QNN Partitioner Op Support]: aten.view_copy.default | True
[QNN Partitioner Op Support]: aten.permute_copy.default | True
[QNN Partitioner Op Support]: aten.view_copy.default | True
[QNN Partitioner Op Support]: aten.permute_copy.default | True
[QNN Partitioner Op Support]: aten.view_copy.default | True
[QNN Partitioner Op Support]: aten.permute_copy.default | True
[QNN Partitioner Op Support]: aten.view_copy.default | True
[QNN Partitioner Op Support]: aten.view_copy.default | True
[QNN Partitioner Op Support]: aten.linear.default | True
[QNN Partitioner Op Support]: aten.view_copy.default | True
[QNN Partitioner Op Support]: aten.linear.default | True
[QNN Partitioner Op Support]: aten.view_copy.default | True
[QNN Partitioner Op Support]: aten.linear.default | True
[QNN Partitioner Op Support]: aten.split_with_sizes_copy.default | True
[QNN Partitioner Op Support]: aten.cat.default | True
[QNN Partitioner Op Support]: aten.view_copy.default | True
[QNN Partitioner Op Support]: aten.view_copy.default | True
[QNN Partitioner Op Support]: aten.view_copy.default | True
[QNN Partitioner Op Support]: aten.permute_copy.default | True
[QNN Partitioner Op Support]: aten.view_copy.default | True
[QNN Partitioner Op Support]: aten.mul.Tensor | True
[QNN Partitioner Op Support]: aten.view_copy.default | True
[QNN Partitioner Op Support]: aten.add.Tensor | True
[QNN Partitioner Op Support]: aten.mul.Tensor | True
[QNN Partitioner Op Support]: aten.sub.Tensor | True
[QNN Partitioner Op Support]: aten.mul.Tensor | True
[QNN Partitioner Op Support]: aten.split_with_sizes_copy.default | True
[QNN Partitioner Op Support]: aten.sigmoid.default | True
[QNN Partitioner Op Support]: aten.sum.dim_IntList | True
[QNN Partitioner Op Support]: aten.view_copy.default | True
[QNN Partitioner Op Support]: aten.view_copy.default | True
[QNN Partitioner Op Support]: aten.linear.default | True
[QNN Partitioner Op Support]: aten.view_copy.default | True
[QNN Partitioner Op Support]: aten.permute_copy.default | True
[QNN Partitioner Op Support]: aten.view_copy.default | True
[QNN Partitioner Op Support]: aten.native_layer_norm.default | True
[QNN Partitioner Op Support]: aten.add.Tensor | True
[QNN Partitioner Op Support]: aten.view_copy.default | True
[QNN Partitioner Op Support]: aten.linear.default | True
[QNN Partitioner Op Support]: aten.view_copy.default | True
[QNN Partitioner Op Support]: aten.gelu.default | True
[QNN Partitioner Op Support]: aten.view_copy.default | True
[QNN Partitioner Op Support]: aten.linear.default | True
[QNN Partitioner Op Support]: aten.view_copy.default | True
[QNN Partitioner Op Support]: aten.native_layer_norm.default | True
[QNN Partitioner Op Support]: aten.add.Tensor | True
[QNN Partitioner Op Support]: aten.permute_copy.default | True
[QNN Partitioner Op Support]: aten.view_copy.default | True
[QNN Partitioner Op Support]: aten.linear.default | True
[QNN Partitioner Op Support]: aten.view_copy.default | True
[QNN Partitioner Op Support]: aten.permute_copy.default | True
[QNN Partitioner Op Support]: aten.permute_copy.default | True
[QNN Partitioner Op Support]: aten.permute_copy.default | True
[QNN Partitioner Op Support]: aten.view_copy.default | True
[QNN Partitioner Op Support]: aten.bmm.default | True
[QNN Partitioner Op Support]: aten.view_copy.default | True
[QNN Partitioner Op Support]: aten.view_copy.default | True
[QNN Partitioner Op Support]: aten._safe_softmax.default | True
[QNN Partitioner Op Support]: aten.add.Tensor | True
[QNN Partitioner Op Support]: aten.view_copy.default | True
[QNN Partitioner Op Support]: aten.bmm.default | True
[QNN Partitioner Op Support]: aten.view_copy.default | True
[QNN Partitioner Op Support]: aten.view_copy.default | True
[QNN Partitioner Op Support]: aten.mul.Tensor | True
[QNN Partitioner Op Support]: aten.permute_copy.default | True
[QNN Partitioner Op Support]: aten.mul.Tensor | True
[QNN Partitioner Op Support]: aten.view_copy.default | True
[QNN Partitioner Op Support]: aten.view_copy.default | True
[QNN Partitioner Op Support]: aten.view_copy.default | True
[QNN Partitioner Op Support]: aten.view_copy.default | True
[QNN Partitioner Op Support]: aten.permute_copy.default | True
[QNN Partitioner Op Support]: aten.view_copy.default | True
[QNN Partitioner Op Support]: aten.permute_copy.default | True
[QNN Partitioner Op Support]: aten.view_copy.default | True
[QNN Partitioner Op Support]: aten.permute_copy.default | True
[QNN Partitioner Op Support]: aten.view_copy.default | True
[QNN Partitioner Op Support]: aten.view_copy.default | True
[QNN Partitioner Op Support]: aten.linear.default | True
[QNN Partitioner Op Support]: aten.view_copy.default | True
[QNN Partitioner Op Support]: aten.linear.default | True
[QNN Partitioner Op Support]: aten.view_copy.default | True
[QNN Partitioner Op Support]: aten.linear.default | True
[QNN Partitioner Op Support]: aten.split_with_sizes_copy.default | True
[QNN Partitioner Op Support]: aten.cat.default | True
[QNN Partitioner Op Support]: aten.view_copy.default | True
[QNN Partitioner Op Support]: aten.view_copy.default | True
[QNN Partitioner Op Support]: aten.view_copy.default | True
[QNN Partitioner Op Support]: aten.permute_copy.default | True
[QNN Partitioner Op Support]: aten.view_copy.default | True
[QNN Partitioner Op Support]: aten.mul.Tensor | True
[QNN Partitioner Op Support]: aten.view_copy.default | True
[QNN Partitioner Op Support]: aten.add.Tensor | True
[QNN Partitioner Op Support]: aten.mul.Tensor | True
[QNN Partitioner Op Support]: aten.sub.Tensor | True
[QNN Partitioner Op Support]: aten.mul.Tensor | True
[QNN Partitioner Op Support]: aten.split_with_sizes_copy.default | True
[QNN Partitioner Op Support]: aten.sigmoid.default | True
[QNN Partitioner Op Support]: aten.sum.dim_IntList | True
[QNN Partitioner Op Support]: aten.view_copy.default | True
[QNN Partitioner Op Support]: aten.view_copy.default | True
[QNN Partitioner Op Support]: aten.linear.default | True
[QNN Partitioner Op Support]: aten.view_copy.default | True
[QNN Partitioner Op Support]: aten.permute_copy.default | True
[QNN Partitioner Op Support]: aten.view_copy.default | True
[QNN Partitioner Op Support]: aten.native_layer_norm.default | True
[QNN Partitioner Op Support]: aten.add.Tensor | True
[QNN Partitioner Op Support]: aten.view_copy.default | True
[QNN Partitioner Op Support]: aten.linear.default | True
[QNN Partitioner Op Support]: aten.view_copy.default | True
[QNN Partitioner Op Support]: aten.gelu.default | True
[QNN Partitioner Op Support]: aten.view_copy.default | True
[QNN Partitioner Op Support]: aten.linear.default | True
[QNN Partitioner Op Support]: aten.view_copy.default | True
[QNN Partitioner Op Support]: aten.native_layer_norm.default | True
[QNN Partitioner Op Support]: aten.add.Tensor | True
[QNN Partitioner Op Support]: aten.permute_copy.default | True
[QNN Partitioner Op Support]: aten.view_copy.default | True
[QNN Partitioner Op Support]: aten.linear.default | True
[QNN Partitioner Op Support]: aten.view_copy.default | True
[QNN Partitioner Op Support]: aten.permute_copy.default | True
[QNN Partitioner Op Support]: aten.permute_copy.default | True
[QNN Partitioner Op Support]: aten.permute_copy.default | True
[QNN Partitioner Op Support]: aten.view_copy.default | True
[QNN Partitioner Op Support]: aten.bmm.default | True
[QNN Partitioner Op Support]: aten.view_copy.default | True
[QNN Partitioner Op Support]: aten.view_copy.default | True
[QNN Partitioner Op Support]: aten._safe_softmax.default | True
[QNN Partitioner Op Support]: aten.add.Tensor | True
[QNN Partitioner Op Support]: aten.view_copy.default | True
[QNN Partitioner Op Support]: aten.bmm.default | True
[QNN Partitioner Op Support]: aten.view_copy.default | True
[QNN Partitioner Op Support]: aten.view_copy.default | True
[QNN Partitioner Op Support]: aten.mul.Tensor | True
[QNN Partitioner Op Support]: aten.permute_copy.default | True
[QNN Partitioner Op Support]: aten.mul.Tensor | True
[QNN Partitioner Op Support]: aten.view_copy.default | True
[QNN Partitioner Op Support]: aten.view_copy.default | True
[QNN Partitioner Op Support]: aten.view_copy.default | True
[QNN Partitioner Op Support]: aten.view_copy.default | True
[QNN Partitioner Op Support]: aten.permute_copy.default | True
[QNN Partitioner Op Support]: aten.view_copy.default | True
[QNN Partitioner Op Support]: aten.permute_copy.default | True
[QNN Partitioner Op Support]: aten.view_copy.default | True
[QNN Partitioner Op Support]: aten.permute_copy.default | True
[QNN Partitioner Op Support]: aten.view_copy.default | True
[QNN Partitioner Op Support]: aten.view_copy.default | True
[QNN Partitioner Op Support]: aten.linear.default | True
[QNN Partitioner Op Support]: aten.view_copy.default | True
[QNN Partitioner Op Support]: aten.linear.default | True
[QNN Partitioner Op Support]: aten.view_copy.default | True
[QNN Partitioner Op Support]: aten.linear.default | True
[QNN Partitioner Op Support]: aten.split_with_sizes_copy.default | True
[QNN Partitioner Op Support]: aten.cat.default | True
[QNN Partitioner Op Support]: aten.view_copy.default | True
[QNN Partitioner Op Support]: aten.view_copy.default | True
[QNN Partitioner Op Support]: aten.view_copy.default | True
[QNN Partitioner Op Support]: aten.permute_copy.default | True
[QNN Partitioner Op Support]: aten.view_copy.default | True
[QNN Partitioner Op Support]: aten.mul.Tensor | True
[QNN Partitioner Op Support]: aten.view_copy.default | True
[QNN Partitioner Op Support]: aten.add.Tensor | True
[QNN Partitioner Op Support]: aten.mul.Tensor | True
[QNN Partitioner Op Support]: aten.sub.Tensor | True
[QNN Partitioner Op Support]: aten.mul.Tensor | True
[QNN Partitioner Op Support]: aten.split_with_sizes_copy.default | True
[QNN Partitioner Op Support]: aten.sigmoid.default | True
[QNN Partitioner Op Support]: aten.sum.dim_IntList | True
[QNN Partitioner Op Support]: aten.view_copy.default | True
[QNN Partitioner Op Support]: aten.view_copy.default | True
[QNN Partitioner Op Support]: aten.linear.default | True
[QNN Partitioner Op Support]: aten.view_copy.default | True
[QNN Partitioner Op Support]: aten.permute_copy.default | True
[QNN Partitioner Op Support]: aten.view_copy.default | True
[QNN Partitioner Op Support]: aten.native_layer_norm.default | True
[QNN Partitioner Op Support]: aten.add.Tensor | True
[QNN Partitioner Op Support]: aten.view_copy.default | True
[QNN Partitioner Op Support]: aten.linear.default | True
[QNN Partitioner Op Support]: aten.view_copy.default | True
[QNN Partitioner Op Support]: aten.gelu.default | True
[QNN Partitioner Op Support]: aten.view_copy.default | True
[QNN Partitioner Op Support]: aten.linear.default | True
[QNN Partitioner Op Support]: aten.view_copy.default | True
[QNN Partitioner Op Support]: aten.native_layer_norm.default | True
[QNN Partitioner Op Support]: aten.add.Tensor | True
[QNN Partitioner Op Support]: aten.permute_copy.default | True
[QNN Partitioner Op Support]: aten.view_copy.default | True
[QNN Partitioner Op Support]: aten.linear.default | True
[QNN Partitioner Op Support]: aten.view_copy.default | True
[QNN Partitioner Op Support]: aten.permute_copy.default | True
[QNN Partitioner Op Support]: aten.permute_copy.default | True
[QNN Partitioner Op Support]: aten.permute_copy.default | True
[QNN Partitioner Op Support]: aten.view_copy.default | True
[QNN Partitioner Op Support]: aten.bmm.default | True
[QNN Partitioner Op Support]: aten.view_copy.default | True
[QNN Partitioner Op Support]: aten.view_copy.default | True
[QNN Partitioner Op Support]: aten._safe_softmax.default | True
[QNN Partitioner Op Support]: aten.add.Tensor | True
[QNN Partitioner Op Support]: aten.view_copy.default | True
[QNN Partitioner Op Support]: aten.bmm.default | True
[QNN Partitioner Op Support]: aten.view_copy.default | True
[QNN Partitioner Op Support]: aten.view_copy.default | True
[QNN Partitioner Op Support]: aten.mul.Tensor | True
[QNN Partitioner Op Support]: aten.permute_copy.default | True
[QNN Partitioner Op Support]: aten.mul.Tensor | True
[QNN Partitioner Op Support]: aten.view_copy.default | True
[QNN Partitioner Op Support]: aten.view_copy.default | True
[QNN Partitioner Op Support]: aten.view_copy.default | True
[QNN Partitioner Op Support]: aten.view_copy.default | True
[QNN Partitioner Op Support]: aten.permute_copy.default | True
[QNN Partitioner Op Support]: aten.view_copy.default | True
[QNN Partitioner Op Support]: aten.permute_copy.default | True
[QNN Partitioner Op Support]: aten.view_copy.default | True
[QNN Partitioner Op Support]: aten.permute_copy.default | True
[QNN Partitioner Op Support]: aten.view_copy.default | True
[QNN Partitioner Op Support]: aten.view_copy.default | True
[QNN Partitioner Op Support]: aten.linear.default | True
[QNN Partitioner Op Support]: aten.view_copy.default | True
[QNN Partitioner Op Support]: aten.linear.default | True
[QNN Partitioner Op Support]: aten.view_copy.default | True
[QNN Partitioner Op Support]: aten.linear.default | True
[QNN Partitioner Op Support]: aten.split_with_sizes_copy.default | True
[QNN Partitioner Op Support]: aten.cat.default | True
[QNN Partitioner Op Support]: aten.view_copy.default | True
[QNN Partitioner Op Support]: aten.view_copy.default | True
[QNN Partitioner Op Support]: aten.view_copy.default | True
[QNN Partitioner Op Support]: aten.permute_copy.default | True
[QNN Partitioner Op Support]: aten.view_copy.default | True
[QNN Partitioner Op Support]: aten.mul.Tensor | True
[QNN Partitioner Op Support]: aten.view_copy.default | True
[QNN Partitioner Op Support]: aten.add.Tensor | True
[QNN Partitioner Op Support]: aten.mul.Tensor | True
[QNN Partitioner Op Support]: aten.sub.Tensor | True
[QNN Partitioner Op Support]: aten.mul.Tensor | True
[QNN Partitioner Op Support]: aten.split_with_sizes_copy.default | True
[QNN Partitioner Op Support]: aten.sigmoid.default | True
[QNN Partitioner Op Support]: aten.sum.dim_IntList | True
[QNN Partitioner Op Support]: aten.view_copy.default | True
[QNN Partitioner Op Support]: aten.view_copy.default | True
[QNN Partitioner Op Support]: aten.linear.default | True
[QNN Partitioner Op Support]: aten.view_copy.default | True
[QNN Partitioner Op Support]: aten.permute_copy.default | True
[QNN Partitioner Op Support]: aten.view_copy.default | True
[QNN Partitioner Op Support]: aten.native_layer_norm.default | True
[QNN Partitioner Op Support]: aten.add.Tensor | True
[QNN Partitioner Op Support]: aten.view_copy.default | True
[QNN Partitioner Op Support]: aten.linear.default | True
[QNN Partitioner Op Support]: aten.view_copy.default | True
[QNN Partitioner Op Support]: aten.gelu.default | True
[QNN Partitioner Op Support]: aten.view_copy.default | True
[QNN Partitioner Op Support]: aten.linear.default | True
[QNN Partitioner Op Support]: aten.view_copy.default | True
[QNN Partitioner Op Support]: aten.native_layer_norm.default | True
[QNN Partitioner Op Support]: aten.add.Tensor | True
[QNN Partitioner Op Support]: aten.permute_copy.default | True
[QNN Partitioner Op Support]: aten.view_copy.default | True
[QNN Partitioner Op Support]: aten.linear.default | True
[QNN Partitioner Op Support]: aten.view_copy.default | True
[QNN Partitioner Op Support]: aten.permute_copy.default | True
[QNN Partitioner Op Support]: aten.permute_copy.default | True
[QNN Partitioner Op Support]: aten.permute_copy.default | True
[QNN Partitioner Op Support]: aten.view_copy.default | True
[QNN Partitioner Op Support]: aten.bmm.default | True
[QNN Partitioner Op Support]: aten.view_copy.default | True
[QNN Partitioner Op Support]: aten.view_copy.default | True
[QNN Partitioner Op Support]: aten._safe_softmax.default | True
[QNN Partitioner Op Support]: aten.add.Tensor | True
[QNN Partitioner Op Support]: aten.view_copy.default | True
[QNN Partitioner Op Support]: aten.bmm.default | True
[QNN Partitioner Op Support]: aten.view_copy.default | True
[QNN Partitioner Op Support]: aten.view_copy.default | True
[QNN Partitioner Op Support]: aten.mul.Tensor | True
[QNN Partitioner Op Support]: aten.permute_copy.default | True
[QNN Partitioner Op Support]: aten.mul.Tensor | True
[QNN Partitioner Op Support]: aten.view_copy.default | True
[QNN Partitioner Op Support]: aten.view_copy.default | True
[QNN Partitioner Op Support]: aten.view_copy.default | True
[QNN Partitioner Op Support]: aten.view_copy.default | True
[QNN Partitioner Op Support]: aten.permute_copy.default | True
[QNN Partitioner Op Support]: aten.view_copy.default | True
[QNN Partitioner Op Support]: aten.permute_copy.default | True
[QNN Partitioner Op Support]: aten.view_copy.default | True
[QNN Partitioner Op Support]: aten.permute_copy.default | True
[QNN Partitioner Op Support]: aten.view_copy.default | True
[QNN Partitioner Op Support]: aten.view_copy.default | True
[QNN Partitioner Op Support]: aten.linear.default | True
[QNN Partitioner Op Support]: aten.view_copy.default | True
[QNN Partitioner Op Support]: aten.linear.default | True
[QNN Partitioner Op Support]: aten.view_copy.default | True
[QNN Partitioner Op Support]: aten.linear.default | True
[QNN Partitioner Op Support]: aten.split_with_sizes_copy.default | True
[QNN Partitioner Op Support]: aten.cat.default | True
[QNN Partitioner Op Support]: aten.view_copy.default | True
[QNN Partitioner Op Support]: aten.view_copy.default | True
[QNN Partitioner Op Support]: aten.view_copy.default | True
[QNN Partitioner Op Support]: aten.permute_copy.default | True
[QNN Partitioner Op Support]: aten.view_copy.default | True
[QNN Partitioner Op Support]: aten.mul.Tensor | True
[QNN Partitioner Op Support]: aten.view_copy.default | True
[QNN Partitioner Op Support]: aten.add.Tensor | True
[QNN Partitioner Op Support]: aten.mul.Tensor | True
[QNN Partitioner Op Support]: aten.sub.Tensor | True
[QNN Partitioner Op Support]: aten.mul.Tensor | True
[QNN Partitioner Op Support]: aten.split_with_sizes_copy.default | True
[QNN Partitioner Op Support]: aten.sigmoid.default | True
[QNN Partitioner Op Support]: aten.sum.dim_IntList | True
[QNN Partitioner Op Support]: aten.view_copy.default | True
[QNN Partitioner Op Support]: aten.view_copy.default | True
[QNN Partitioner Op Support]: aten.linear.default | True
[QNN Partitioner Op Support]: aten.view_copy.default | True
[QNN Partitioner Op Support]: aten.permute_copy.default | True
[QNN Partitioner Op Support]: aten.view_copy.default | True
[QNN Partitioner Op Support]: aten.native_layer_norm.default | True
[QNN Partitioner Op Support]: aten.add.Tensor | True
[QNN Partitioner Op Support]: aten.view_copy.default | True
[QNN Partitioner Op Support]: aten.linear.default | True
[QNN Partitioner Op Support]: aten.view_copy.default | True
[QNN Partitioner Op Support]: aten.gelu.default | True
[QNN Partitioner Op Support]: aten.view_copy.default | True
[QNN Partitioner Op Support]: aten.linear.default | True
[QNN Partitioner Op Support]: aten.view_copy.default | True
[QNN Partitioner Op Support]: aten.native_layer_norm.default | True
[QNN Partitioner Op Support]: aten.add.Tensor | True
[QNN Partitioner Op Support]: aten.permute_copy.default | True
[QNN Partitioner Op Support]: aten.view_copy.default | True
[QNN Partitioner Op Support]: aten.linear.default | True
[QNN Partitioner Op Support]: aten.view_copy.default | True
[QNN Partitioner Op Support]: aten.permute_copy.default | True
[QNN Partitioner Op Support]: aten.permute_copy.default | True
[QNN Partitioner Op Support]: aten.permute_copy.default | True
[QNN Partitioner Op Support]: aten.view_copy.default | True
[QNN Partitioner Op Support]: aten.bmm.default | True
[QNN Partitioner Op Support]: aten.view_copy.default | True
[QNN Partitioner Op Support]: aten.view_copy.default | True
[QNN Partitioner Op Support]: aten._safe_softmax.default | True
[QNN Partitioner Op Support]: aten.add.Tensor | True
[QNN Partitioner Op Support]: aten.view_copy.default | True
[QNN Partitioner Op Support]: aten.bmm.default | True
[QNN Partitioner Op Support]: aten.view_copy.default | True
[QNN Partitioner Op Support]: aten.view_copy.default | True
[QNN Partitioner Op Support]: aten.mul.Tensor | True
[QNN Partitioner Op Support]: aten.permute_copy.default | True
[QNN Partitioner Op Support]: aten.mul.Tensor | True
[QNN Partitioner Op Support]: aten.view_copy.default | True
[QNN Partitioner Op Support]: aten.view_copy.default | True
[QNN Partitioner Op Support]: aten.view_copy.default | True
[QNN Partitioner Op Support]: aten.view_copy.default | True
[QNN Partitioner Op Support]: aten.permute_copy.default | True
[QNN Partitioner Op Support]: aten.view_copy.default | True
[QNN Partitioner Op Support]: aten.permute_copy.default | True
[QNN Partitioner Op Support]: aten.view_copy.default | True
[QNN Partitioner Op Support]: aten.permute_copy.default | True
[QNN Partitioner Op Support]: aten.view_copy.default | True
[QNN Partitioner Op Support]: aten.view_copy.default | True
[QNN Partitioner Op Support]: aten.linear.default | True
[QNN Partitioner Op Support]: aten.view_copy.default | True
[QNN Partitioner Op Support]: aten.linear.default | True
[QNN Partitioner Op Support]: aten.view_copy.default | True
[QNN Partitioner Op Support]: aten.linear.default | True
[QNN Partitioner Op Support]: aten.split_with_sizes_copy.default | True
[QNN Partitioner Op Support]: aten.cat.default | True
[QNN Partitioner Op Support]: aten.view_copy.default | True
[QNN Partitioner Op Support]: aten.view_copy.default | True
[QNN Partitioner Op Support]: aten.view_copy.default | True
[QNN Partitioner Op Support]: aten.permute_copy.default | True
[QNN Partitioner Op Support]: aten.view_copy.default | True
[QNN Partitioner Op Support]: aten.mul.Tensor | True
[QNN Partitioner Op Support]: aten.view_copy.default | True
[QNN Partitioner Op Support]: aten.add.Tensor | True
[QNN Partitioner Op Support]: aten.mul.Tensor | True
[QNN Partitioner Op Support]: aten.sub.Tensor | True
[QNN Partitioner Op Support]: aten.mul.Tensor | True
[QNN Partitioner Op Support]: aten.split_with_sizes_copy.default | True
[QNN Partitioner Op Support]: aten.sigmoid.default | True
[QNN Partitioner Op Support]: aten.sum.dim_IntList | True
[QNN Partitioner Op Support]: aten.view_copy.default | True
[QNN Partitioner Op Support]: aten.view_copy.default | True
[QNN Partitioner Op Support]: aten.linear.default | True
[QNN Partitioner Op Support]: aten.view_copy.default | True
[QNN Partitioner Op Support]: aten.permute_copy.default | True
[QNN Partitioner Op Support]: aten.view_copy.default | True
[QNN Partitioner Op Support]: aten.native_layer_norm.default | True
[QNN Partitioner Op Support]: aten.add.Tensor | True
[QNN Partitioner Op Support]: aten.view_copy.default | True
[QNN Partitioner Op Support]: aten.linear.default | True
[QNN Partitioner Op Support]: aten.view_copy.default | True
[QNN Partitioner Op Support]: aten.gelu.default | True
[QNN Partitioner Op Support]: aten.view_copy.default | True
[QNN Partitioner Op Support]: aten.linear.default | True
[QNN Partitioner Op Support]: aten.view_copy.default | True
[QNN Partitioner Op Support]: aten.native_layer_norm.default | True
[QNN Partitioner Op Support]: aten.add.Tensor | True
[QNN Partitioner Op Support]: aten.permute_copy.default | True
[QNN Partitioner Op Support]: aten.view_copy.default | True
[QNN Partitioner Op Support]: aten.linear.default | True
[QNN Partitioner Op Support]: aten.view_copy.default | True
[QNN Partitioner Op Support]: aten.permute_copy.default | True
[QNN Partitioner Op Support]: aten.permute_copy.default | True
[QNN Partitioner Op Support]: aten.permute_copy.default | True
[QNN Partitioner Op Support]: aten.view_copy.default | True
[QNN Partitioner Op Support]: aten.bmm.default | True
[QNN Partitioner Op Support]: aten.view_copy.default | True
[QNN Partitioner Op Support]: aten.view_copy.default | True
[QNN Partitioner Op Support]: aten._safe_softmax.default | True
[QNN Partitioner Op Support]: aten.add.Tensor | True
[QNN Partitioner Op Support]: aten.view_copy.default | True
[QNN Partitioner Op Support]: aten.bmm.default | True
[QNN Partitioner Op Support]: aten.view_copy.default | True
[QNN Partitioner Op Support]: aten.view_copy.default | True
[QNN Partitioner Op Support]: aten.mul.Tensor | True
[QNN Partitioner Op Support]: aten.permute_copy.default | True
[QNN Partitioner Op Support]: aten.mul.Tensor | True
[QNN Partitioner Op Support]: aten.view_copy.default | True
[QNN Partitioner Op Support]: aten.view_copy.default | True
[QNN Partitioner Op Support]: aten.view_copy.default | True
[QNN Partitioner Op Support]: aten.view_copy.default | True
[QNN Partitioner Op Support]: aten.permute_copy.default | True
[QNN Partitioner Op Support]: aten.view_copy.default | True
[QNN Partitioner Op Support]: aten.permute_copy.default | True
[QNN Partitioner Op Support]: aten.view_copy.default | True
[QNN Partitioner Op Support]: aten.permute_copy.default | True
[QNN Partitioner Op Support]: aten.view_copy.default | True
[QNN Partitioner Op Support]: aten.view_copy.default | True
[QNN Partitioner Op Support]: aten.linear.default | True
[QNN Partitioner Op Support]: aten.view_copy.default | True
[QNN Partitioner Op Support]: aten.linear.default | True
[QNN Partitioner Op Support]: aten.view_copy.default | True
[QNN Partitioner Op Support]: aten.linear.default | True
[QNN Partitioner Op Support]: aten.split_with_sizes_copy.default | True
[QNN Partitioner Op Support]: aten.cat.default | True
[QNN Partitioner Op Support]: aten.view_copy.default | True
[QNN Partitioner Op Support]: aten.view_copy.default | True
[QNN Partitioner Op Support]: aten.view_copy.default | True
[QNN Partitioner Op Support]: aten.permute_copy.default | True
[QNN Partitioner Op Support]: aten.view_copy.default | True
[QNN Partitioner Op Support]: aten.mul.Tensor | True
[QNN Partitioner Op Support]: aten.view_copy.default | True
[QNN Partitioner Op Support]: aten.add.Tensor | True
[QNN Partitioner Op Support]: aten.mul.Tensor | True
[QNN Partitioner Op Support]: aten.sub.Tensor | True
[QNN Partitioner Op Support]: aten.mul.Tensor | True
[QNN Partitioner Op Support]: aten.split_with_sizes_copy.default | True
[QNN Partitioner Op Support]: aten.sigmoid.default | True
[QNN Partitioner Op Support]: aten.sum.dim_IntList | True
[QNN Partitioner Op Support]: aten.view_copy.default | True
[QNN Partitioner Op Support]: aten.view_copy.default | True
[QNN Partitioner Op Support]: aten.linear.default | True
[QNN Partitioner Op Support]: aten.view_copy.default | True
[QNN Partitioner Op Support]: aten.permute_copy.default | True
[QNN Partitioner Op Support]: aten.view_copy.default | True
[QNN Partitioner Op Support]: aten.native_layer_norm.default | True
[QNN Partitioner Op Support]: aten.add.Tensor | True
[QNN Partitioner Op Support]: aten.view_copy.default | True
[QNN Partitioner Op Support]: aten.linear.default | True
[QNN Partitioner Op Support]: aten.view_copy.default | True
[QNN Partitioner Op Support]: aten.gelu.default | True
[QNN Partitioner Op Support]: aten.view_copy.default | True
[QNN Partitioner Op Support]: aten.linear.default | True
[QNN Partitioner Op Support]: aten.view_copy.default | True
[QNN Partitioner Op Support]: aten.native_layer_norm.default | True
[QNN Partitioner Op Support]: aten.add.Tensor | True
[QNN Partitioner Op Support]: aten.permute_copy.default | True
[QNN Partitioner Op Support]: aten.view_copy.default | True
[QNN Partitioner Op Support]: aten.linear.default | True
[QNN Partitioner Op Support]: aten.view_copy.default | True
[QNN Partitioner Op Support]: aten.permute_copy.default | True
[QNN Partitioner Op Support]: aten.permute_copy.default | True
[QNN Partitioner Op Support]: aten.permute_copy.default | True
[QNN Partitioner Op Support]: aten.view_copy.default | True
[QNN Partitioner Op Support]: aten.bmm.default | True
[QNN Partitioner Op Support]: aten.view_copy.default | True
[QNN Partitioner Op Support]: aten.view_copy.default | True
[QNN Partitioner Op Support]: aten._safe_softmax.default | True
[QNN Partitioner Op Support]: aten.add.Tensor | True
[QNN Partitioner Op Support]: aten.view_copy.default | True
[QNN Partitioner Op Support]: aten.bmm.default | True
[QNN Partitioner Op Support]: aten.view_copy.default | True
[QNN Partitioner Op Support]: aten.view_copy.default | True
[QNN Partitioner Op Support]: aten.mul.Tensor | True
[QNN Partitioner Op Support]: aten.permute_copy.default | True
[QNN Partitioner Op Support]: aten.mul.Tensor | True
[QNN Partitioner Op Support]: aten.view_copy.default | True
[QNN Partitioner Op Support]: aten.view_copy.default | True
[QNN Partitioner Op Support]: aten.view_copy.default | True
[QNN Partitioner Op Support]: aten.view_copy.default | True
[QNN Partitioner Op Support]: aten.permute_copy.default | True
[QNN Partitioner Op Support]: aten.view_copy.default | True
[QNN Partitioner Op Support]: aten.permute_copy.default | True
[QNN Partitioner Op Support]: aten.view_copy.default | True
[QNN Partitioner Op Support]: aten.permute_copy.default | True
[QNN Partitioner Op Support]: aten.view_copy.default | True
[QNN Partitioner Op Support]: aten.view_copy.default | True
[QNN Partitioner Op Support]: aten.linear.default | True
[QNN Partitioner Op Support]: aten.view_copy.default | True
[QNN Partitioner Op Support]: aten.linear.default | True
[QNN Partitioner Op Support]: aten.view_copy.default | True
[QNN Partitioner Op Support]: aten.linear.default | True
[QNN Partitioner Op Support]: aten.split_with_sizes_copy.default | True
[QNN Partitioner Op Support]: aten.cat.default | True
[QNN Partitioner Op Support]: aten.view_copy.default | True
[QNN Partitioner Op Support]: aten.view_copy.default | True
[QNN Partitioner Op Support]: aten.view_copy.default | True
[QNN Partitioner Op Support]: aten.permute_copy.default | True
[QNN Partitioner Op Support]: aten.view_copy.default | True
[QNN Partitioner Op Support]: aten.mul.Tensor | True
[QNN Partitioner Op Support]: aten.view_copy.default | True
[QNN Partitioner Op Support]: aten.add.Tensor | True
[QNN Partitioner Op Support]: aten.mul.Tensor | True
[QNN Partitioner Op Support]: aten.sub.Tensor | True
[QNN Partitioner Op Support]: aten.mul.Tensor | True
[QNN Partitioner Op Support]: aten.split_with_sizes_copy.default | True
[QNN Partitioner Op Support]: aten.sigmoid.default | True
[QNN Partitioner Op Support]: aten.sum.dim_IntList | True
[QNN Partitioner Op Support]: aten.view_copy.default | True
[QNN Partitioner Op Support]: aten.view_copy.default | True
[QNN Partitioner Op Support]: aten.linear.default | True
[QNN Partitioner Op Support]: aten.view_copy.default | True
[QNN Partitioner Op Support]: aten.permute_copy.default | True
[QNN Partitioner Op Support]: aten.view_copy.default | True
[QNN Partitioner Op Support]: aten.native_layer_norm.default | True
[QNN Partitioner Op Support]: aten.add.Tensor | True
[QNN Partitioner Op Support]: aten.view_copy.default | True
[QNN Partitioner Op Support]: aten.linear.default | True
[QNN Partitioner Op Support]: aten.view_copy.default | True
[QNN Partitioner Op Support]: aten.gelu.default | True
[QNN Partitioner Op Support]: aten.view_copy.default | True
[QNN Partitioner Op Support]: aten.linear.default | True
[QNN Partitioner Op Support]: aten.view_copy.default | True
[QNN Partitioner Op Support]: aten.native_layer_norm.default | True
[QNN Partitioner Op Support]: aten.add.Tensor | True
[QNN Partitioner Op Support]: aten.permute_copy.default | True
[QNN Partitioner Op Support]: aten.view_copy.default | True
[QNN Partitioner Op Support]: aten.linear.default | True
[QNN Partitioner Op Support]: aten.view_copy.default | True
[QNN Partitioner Op Support]: aten.permute_copy.default | True
[QNN Partitioner Op Support]: aten.permute_copy.default | True
[QNN Partitioner Op Support]: aten.permute_copy.default | True
[QNN Partitioner Op Support]: aten.view_copy.default | True
[QNN Partitioner Op Support]: aten.bmm.default | True
[QNN Partitioner Op Support]: aten.view_copy.default | True
[QNN Partitioner Op Support]: aten.view_copy.default | True
[QNN Partitioner Op Support]: aten._safe_softmax.default | True
[QNN Partitioner Op Support]: aten.add.Tensor | True
[QNN Partitioner Op Support]: aten.view_copy.default | True
[QNN Partitioner Op Support]: aten.bmm.default | True
[QNN Partitioner Op Support]: aten.view_copy.default | True
[QNN Partitioner Op Support]: aten.view_copy.default | True
[QNN Partitioner Op Support]: aten.mul.Tensor | True
[QNN Partitioner Op Support]: aten.permute_copy.default | True
[QNN Partitioner Op Support]: aten.mul.Tensor | True
[QNN Partitioner Op Support]: aten.view_copy.default | True
[QNN Partitioner Op Support]: aten.view_copy.default | True
[QNN Partitioner Op Support]: aten.view_copy.default | True
[QNN Partitioner Op Support]: aten.view_copy.default | True
[QNN Partitioner Op Support]: aten.permute_copy.default | True
[QNN Partitioner Op Support]: aten.view_copy.default | True
[QNN Partitioner Op Support]: aten.permute_copy.default | True
[QNN Partitioner Op Support]: aten.view_copy.default | True
[QNN Partitioner Op Support]: aten.permute_copy.default | True
[QNN Partitioner Op Support]: aten.view_copy.default | True
[QNN Partitioner Op Support]: aten.view_copy.default | True
[QNN Partitioner Op Support]: aten.linear.default | True
[QNN Partitioner Op Support]: aten.view_copy.default | True
[QNN Partitioner Op Support]: aten.linear.default | True
[QNN Partitioner Op Support]: aten.view_copy.default | True
[QNN Partitioner Op Support]: aten.linear.default | True
[QNN Partitioner Op Support]: aten.split_with_sizes_copy.default | True
[QNN Partitioner Op Support]: aten.cat.default | True
[QNN Partitioner Op Support]: aten.view_copy.default | True
[QNN Partitioner Op Support]: aten.view_copy.default | True
[QNN Partitioner Op Support]: aten.view_copy.default | True
[QNN Partitioner Op Support]: aten.permute_copy.default | True
[QNN Partitioner Op Support]: aten.view_copy.default | True
[QNN Partitioner Op Support]: aten.mul.Tensor | True
[QNN Partitioner Op Support]: aten.view_copy.default | True
[QNN Partitioner Op Support]: aten.add.Tensor | True
[QNN Partitioner Op Support]: aten.mul.Tensor | True
[QNN Partitioner Op Support]: aten.sub.Tensor | True
[QNN Partitioner Op Support]: aten.mul.Tensor | True
[QNN Partitioner Op Support]: aten.split_with_sizes_copy.default | True
[QNN Partitioner Op Support]: aten.sigmoid.default | True
[QNN Partitioner Op Support]: aten.sum.dim_IntList | True
[QNN Partitioner Op Support]: aten.view_copy.default | True
[QNN Partitioner Op Support]: aten.view_copy.default | True
[QNN Partitioner Op Support]: aten.linear.default | True
[QNN Partitioner Op Support]: aten.view_copy.default | True
[QNN Partitioner Op Support]: aten.permute_copy.default | True
[QNN Partitioner Op Support]: aten.view_copy.default | True
[QNN Partitioner Op Support]: aten.native_layer_norm.default | True
[QNN Partitioner Op Support]: aten.add.Tensor | True
[QNN Partitioner Op Support]: aten.view_copy.default | True
[QNN Partitioner Op Support]: aten.linear.default | True
[QNN Partitioner Op Support]: aten.view_copy.default | True
[QNN Partitioner Op Support]: aten.gelu.default | True
[QNN Partitioner Op Support]: aten.view_copy.default | True
[QNN Partitioner Op Support]: aten.linear.default | True
[QNN Partitioner Op Support]: aten.view_copy.default | True
[QNN Partitioner Op Support]: aten.native_layer_norm.default | True
[QNN Partitioner Op Support]: aten.add.Tensor | True
[QNN Partitioner Op Support]: aten.permute_copy.default | True
[QNN Partitioner Op Support]: aten.view_copy.default | True
[QNN Partitioner Op Support]: aten.linear.default | True
[QNN Partitioner Op Support]: aten.view_copy.default | True
[QNN Partitioner Op Support]: aten.permute_copy.default | True
[QNN Partitioner Op Support]: aten.permute_copy.default | True
[QNN Partitioner Op Support]: aten.permute_copy.default | True
[QNN Partitioner Op Support]: aten.view_copy.default | True
[QNN Partitioner Op Support]: aten.bmm.default | True
[QNN Partitioner Op Support]: aten.view_copy.default | True
[QNN Partitioner Op Support]: aten.view_copy.default | True
[QNN Partitioner Op Support]: aten._safe_softmax.default | True
[QNN Partitioner Op Support]: aten.add.Tensor | True
[QNN Partitioner Op Support]: aten.view_copy.default | True
[QNN Partitioner Op Support]: aten.bmm.default | True
[QNN Partitioner Op Support]: aten.view_copy.default | True
[QNN Partitioner Op Support]: aten.view_copy.default | True
[QNN Partitioner Op Support]: aten.mul.Tensor | True
[QNN Partitioner Op Support]: aten.permute_copy.default | True
[QNN Partitioner Op Support]: aten.mul.Tensor | True
[QNN Partitioner Op Support]: aten.view_copy.default | True
[QNN Partitioner Op Support]: aten.view_copy.default | True
[QNN Partitioner Op Support]: aten.view_copy.default | True
[QNN Partitioner Op Support]: aten.view_copy.default | True
[QNN Partitioner Op Support]: aten.permute_copy.default | True
[QNN Partitioner Op Support]: aten.view_copy.default | True
[QNN Partitioner Op Support]: aten.permute_copy.default | True
[QNN Partitioner Op Support]: aten.view_copy.default | True
[QNN Partitioner Op Support]: aten.permute_copy.default | True
[QNN Partitioner Op Support]: aten.view_copy.default | True
[QNN Partitioner Op Support]: aten.view_copy.default | True
[QNN Partitioner Op Support]: aten.linear.default | True
[QNN Partitioner Op Support]: aten.view_copy.default | True
[QNN Partitioner Op Support]: aten.linear.default | True
[QNN Partitioner Op Support]: aten.view_copy.default | True
[QNN Partitioner Op Support]: aten.linear.default | True
[QNN Partitioner Op Support]: aten.split_with_sizes_copy.default | True
[QNN Partitioner Op Support]: aten.cat.default | True
[QNN Partitioner Op Support]: aten.view_copy.default | True
[QNN Partitioner Op Support]: aten.view_copy.default | True
[QNN Partitioner Op Support]: aten.view_copy.default | True
[QNN Partitioner Op Support]: aten.permute_copy.default | True
[QNN Partitioner Op Support]: aten.view_copy.default | True
[QNN Partitioner Op Support]: aten.mul.Tensor | True
[QNN Partitioner Op Support]: aten.view_copy.default | True
[QNN Partitioner Op Support]: aten.add.Tensor | True
[QNN Partitioner Op Support]: aten.mul.Tensor | True
[QNN Partitioner Op Support]: aten.sub.Tensor | True
[QNN Partitioner Op Support]: aten.mul.Tensor | True
[QNN Partitioner Op Support]: aten.split_with_sizes_copy.default | True
[QNN Partitioner Op Support]: aten.sigmoid.default | True
[QNN Partitioner Op Support]: aten.sum.dim_IntList | True
[QNN Partitioner Op Support]: aten.view_copy.default | True
[QNN Partitioner Op Support]: aten.view_copy.default | True
[QNN Partitioner Op Support]: aten.linear.default | True
[QNN Partitioner Op Support]: aten.view_copy.default | True
[QNN Partitioner Op Support]: aten.permute_copy.default | True
[QNN Partitioner Op Support]: aten.view_copy.default | True
[QNN Partitioner Op Support]: aten.native_layer_norm.default | True
[QNN Partitioner Op Support]: aten.add.Tensor | True
[QNN Partitioner Op Support]: aten.view_copy.default | True
[QNN Partitioner Op Support]: aten.linear.default | True
[QNN Partitioner Op Support]: aten.view_copy.default | True
[QNN Partitioner Op Support]: aten.gelu.default | True
[QNN Partitioner Op Support]: aten.view_copy.default | True
[QNN Partitioner Op Support]: aten.linear.default | True
[QNN Partitioner Op Support]: aten.view_copy.default | True
[QNN Partitioner Op Support]: aten.native_layer_norm.default | True
[QNN Partitioner Op Support]: aten.add.Tensor | True
[QNN Partitioner Op Support]: aten.permute_copy.default | True
[QNN Partitioner Op Support]: aten.view_copy.default | True
[QNN Partitioner Op Support]: aten.linear.default | True
[QNN Partitioner Op Support]: aten.view_copy.default | True
[QNN Partitioner Op Support]: aten.permute_copy.default | True
[QNN Partitioner Op Support]: aten.permute_copy.default | True
[QNN Partitioner Op Support]: aten.permute_copy.default | True
[QNN Partitioner Op Support]: aten.view_copy.default | True
[QNN Partitioner Op Support]: aten.bmm.default | True
[QNN Partitioner Op Support]: aten.view_copy.default | True
[QNN Partitioner Op Support]: aten.view_copy.default | True
[QNN Partitioner Op Support]: aten._safe_softmax.default | True
[QNN Partitioner Op Support]: aten.add.Tensor | True
[QNN Partitioner Op Support]: aten.view_copy.default | True
[QNN Partitioner Op Support]: aten.bmm.default | True
[QNN Partitioner Op Support]: aten.view_copy.default | True
[QNN Partitioner Op Support]: aten.view_copy.default | True
[QNN Partitioner Op Support]: aten.mul.Tensor | True
[QNN Partitioner Op Support]: aten.permute_copy.default | True
[QNN Partitioner Op Support]: aten.mul.Tensor | True
[QNN Partitioner Op Support]: aten.view_copy.default | True
[QNN Partitioner Op Support]: aten.view_copy.default | True
[QNN Partitioner Op Support]: aten.view_copy.default | True
[QNN Partitioner Op Support]: aten.view_copy.default | True
[QNN Partitioner Op Support]: aten.permute_copy.default | True
[QNN Partitioner Op Support]: aten.view_copy.default | True
[QNN Partitioner Op Support]: aten.permute_copy.default | True
[QNN Partitioner Op Support]: aten.view_copy.default | True
[QNN Partitioner Op Support]: aten.permute_copy.default | True
[QNN Partitioner Op Support]: aten.view_copy.default | True
[QNN Partitioner Op Support]: aten.view_copy.default | True
[QNN Partitioner Op Support]: aten.linear.default | True
[QNN Partitioner Op Support]: aten.view_copy.default | True
[QNN Partitioner Op Support]: aten.linear.default | True
[QNN Partitioner Op Support]: aten.view_copy.default | True
[QNN Partitioner Op Support]: aten.linear.default | True
[QNN Partitioner Op Support]: aten.split_with_sizes_copy.default | True
[QNN Partitioner Op Support]: aten.cat.default | True
[QNN Partitioner Op Support]: aten.view_copy.default | True
[QNN Partitioner Op Support]: aten.view_copy.default | True
[QNN Partitioner Op Support]: aten.view_copy.default | True
[QNN Partitioner Op Support]: aten.permute_copy.default | True
[QNN Partitioner Op Support]: aten.view_copy.default | True
[QNN Partitioner Op Support]: aten.mul.Tensor | True
[QNN Partitioner Op Support]: aten.view_copy.default | True
[QNN Partitioner Op Support]: aten.add.Tensor | True
[QNN Partitioner Op Support]: aten.mul.Tensor | True
[QNN Partitioner Op Support]: aten.sub.Tensor | True
[QNN Partitioner Op Support]: aten.mul.Tensor | True
[QNN Partitioner Op Support]: aten.split_with_sizes_copy.default | True
[QNN Partitioner Op Support]: aten.sigmoid.default | True
[QNN Partitioner Op Support]: aten.sum.dim_IntList | True
[QNN Partitioner Op Support]: aten.view_copy.default | True
[QNN Partitioner Op Support]: aten.view_copy.default | True
[QNN Partitioner Op Support]: aten.linear.default | True
[QNN Partitioner Op Support]: aten.view_copy.default | True
[QNN Partitioner Op Support]: aten.permute_copy.default | True
[QNN Partitioner Op Support]: aten.view_copy.default | True
[QNN Partitioner Op Support]: aten.native_layer_norm.default | True
[QNN Partitioner Op Support]: aten.add.Tensor | True
[QNN Partitioner Op Support]: aten.view_copy.default | True
[QNN Partitioner Op Support]: aten.linear.default | True
[QNN Partitioner Op Support]: aten.view_copy.default | True
[QNN Partitioner Op Support]: aten.gelu.default | True
[QNN Partitioner Op Support]: aten.view_copy.default | True
[QNN Partitioner Op Support]: aten.linear.default | True
[QNN Partitioner Op Support]: aten.view_copy.default | True
[QNN Partitioner Op Support]: aten.native_layer_norm.default | True
[QNN Partitioner Op Support]: aten.add.Tensor | True
[QNN Partitioner Op Support]: aten.permute_copy.default | True
[QNN Partitioner Op Support]: aten.view_copy.default | True
[QNN Partitioner Op Support]: aten.linear.default | True
[QNN Partitioner Op Support]: aten.view_copy.default | True
[QNN Partitioner Op Support]: aten.permute_copy.default | True
[QNN Partitioner Op Support]: aten.permute_copy.default | True
[QNN Partitioner Op Support]: aten.permute_copy.default | True
[QNN Partitioner Op Support]: aten.view_copy.default | True
[QNN Partitioner Op Support]: aten.bmm.default | True
[QNN Partitioner Op Support]: aten.view_copy.default | True
[QNN Partitioner Op Support]: aten.view_copy.default | True
[QNN Partitioner Op Support]: aten._safe_softmax.default | True
[QNN Partitioner Op Support]: aten.add.Tensor | True
[QNN Partitioner Op Support]: aten.view_copy.default | True
[QNN Partitioner Op Support]: aten.bmm.default | True
[QNN Partitioner Op Support]: aten.view_copy.default | True
[QNN Partitioner Op Support]: aten.view_copy.default | True
[QNN Partitioner Op Support]: aten.mul.Tensor | True
[QNN Partitioner Op Support]: aten.permute_copy.default | True
[QNN Partitioner Op Support]: aten.mul.Tensor | True
[QNN Partitioner Op Support]: aten.view_copy.default | True
[QNN Partitioner Op Support]: aten.view_copy.default | True
[QNN Partitioner Op Support]: aten.view_copy.default | True
[QNN Partitioner Op Support]: aten.view_copy.default | True
[QNN Partitioner Op Support]: aten.permute_copy.default | True
[QNN Partitioner Op Support]: aten.view_copy.default | True
[QNN Partitioner Op Support]: aten.permute_copy.default | True
[QNN Partitioner Op Support]: aten.view_copy.default | True
[QNN Partitioner Op Support]: aten.permute_copy.default | True
[QNN Partitioner Op Support]: aten.view_copy.default | True
[QNN Partitioner Op Support]: aten.view_copy.default | True
[QNN Partitioner Op Support]: aten.linear.default | True
[QNN Partitioner Op Support]: aten.view_copy.default | True
[QNN Partitioner Op Support]: aten.linear.default | True
[QNN Partitioner Op Support]: aten.view_copy.default | True
[QNN Partitioner Op Support]: aten.linear.default | True
[QNN Partitioner Op Support]: aten.split_with_sizes_copy.default | True
[QNN Partitioner Op Support]: aten.cat.default | True
[QNN Partitioner Op Support]: aten.view_copy.default | True
[QNN Partitioner Op Support]: aten.view_copy.default | True
[QNN Partitioner Op Support]: aten.view_copy.default | True
[QNN Partitioner Op Support]: aten.permute_copy.default | True
[QNN Partitioner Op Support]: aten.view_copy.default | True
[QNN Partitioner Op Support]: aten.mul.Tensor | True
[QNN Partitioner Op Support]: aten.view_copy.default | True
[QNN Partitioner Op Support]: aten.add.Tensor | True
[QNN Partitioner Op Support]: aten.mul.Tensor | True
[QNN Partitioner Op Support]: aten.sub.Tensor | True
[QNN Partitioner Op Support]: aten.mul.Tensor | True
[QNN Partitioner Op Support]: aten.split_with_sizes_copy.default | True
[QNN Partitioner Op Support]: aten.sigmoid.default | True
[QNN Partitioner Op Support]: aten.sum.dim_IntList | True
[QNN Partitioner Op Support]: aten.view_copy.default | True
[QNN Partitioner Op Support]: aten.view_copy.default | True
[QNN Partitioner Op Support]: aten.linear.default | True
[QNN Partitioner Op Support]: aten.view_copy.default | True
[QNN Partitioner Op Support]: aten.permute_copy.default | True
[QNN Partitioner Op Support]: aten.view_copy.default | True
[QNN Partitioner Op Support]: aten.native_layer_norm.default | True
[QNN Partitioner Op Support]: aten.add.Tensor | True
[QNN Partitioner Op Support]: aten.view_copy.default | True
[QNN Partitioner Op Support]: aten.linear.default | True
[QNN Partitioner Op Support]: aten.view_copy.default | True
[QNN Partitioner Op Support]: aten.gelu.default | True
[QNN Partitioner Op Support]: aten.view_copy.default | True
[QNN Partitioner Op Support]: aten.linear.default | True
[QNN Partitioner Op Support]: aten.view_copy.default | True
[QNN Partitioner Op Support]: aten.native_layer_norm.default | True
[QNN Partitioner Op Support]: aten.add.Tensor | True
[QNN Partitioner Op Support]: aten.permute_copy.default | True
[QNN Partitioner Op Support]: aten.view_copy.default | True
[QNN Partitioner Op Support]: aten.linear.default | True
[QNN Partitioner Op Support]: aten.view_copy.default | True
[QNN Partitioner Op Support]: aten.permute_copy.default | True
[QNN Partitioner Op Support]: aten.permute_copy.default | True
[QNN Partitioner Op Support]: aten.permute_copy.default | True
[QNN Partitioner Op Support]: aten.view_copy.default | True
[QNN Partitioner Op Support]: aten.bmm.default | True
[QNN Partitioner Op Support]: aten.view_copy.default | True
[QNN Partitioner Op Support]: aten.view_copy.default | True
[QNN Partitioner Op Support]: aten._safe_softmax.default | True
[QNN Partitioner Op Support]: aten.add.Tensor | True
[QNN Partitioner Op Support]: aten.view_copy.default | True
[QNN Partitioner Op Support]: aten.bmm.default | True
[QNN Partitioner Op Support]: aten.view_copy.default | True
[QNN Partitioner Op Support]: aten.view_copy.default | True
[QNN Partitioner Op Support]: aten.mul.Tensor | True
[QNN Partitioner Op Support]: aten.permute_copy.default | True
[QNN Partitioner Op Support]: aten.mul.Tensor | True
[QNN Partitioner Op Support]: aten.view_copy.default | True
[QNN Partitioner Op Support]: aten.view_copy.default | True
[QNN Partitioner Op Support]: aten.view_copy.default | True
[QNN Partitioner Op Support]: aten.view_copy.default | True
[QNN Partitioner Op Support]: aten.permute_copy.default | True
[QNN Partitioner Op Support]: aten.view_copy.default | True
[QNN Partitioner Op Support]: aten.permute_copy.default | True
[QNN Partitioner Op Support]: aten.view_copy.default | True
[QNN Partitioner Op Support]: aten.permute_copy.default | True
[QNN Partitioner Op Support]: aten.view_copy.default | True
[QNN Partitioner Op Support]: aten.view_copy.default | True
[QNN Partitioner Op Support]: aten.linear.default | True
[QNN Partitioner Op Support]: aten.view_copy.default | True
[QNN Partitioner Op Support]: aten.linear.default | True
[QNN Partitioner Op Support]: aten.view_copy.default | True
[QNN Partitioner Op Support]: aten.linear.default | True
[QNN Partitioner Op Support]: aten.split_with_sizes_copy.default | True
[QNN Partitioner Op Support]: aten.cat.default | True
[QNN Partitioner Op Support]: aten.view_copy.default | True
[QNN Partitioner Op Support]: aten.view_copy.default | True
[QNN Partitioner Op Support]: aten.view_copy.default | True
[QNN Partitioner Op Support]: aten.permute_copy.default | True
[QNN Partitioner Op Support]: aten.view_copy.default | True
[QNN Partitioner Op Support]: aten.mul.Tensor | True
[QNN Partitioner Op Support]: aten.view_copy.default | True
[QNN Partitioner Op Support]: aten.add.Tensor | True
[QNN Partitioner Op Support]: aten.mul.Tensor | True
[QNN Partitioner Op Support]: aten.sub.Tensor | True
[QNN Partitioner Op Support]: aten.mul.Tensor | True
[QNN Partitioner Op Support]: aten.split_with_sizes_copy.default | True
[QNN Partitioner Op Support]: aten.sigmoid.default | True
[QNN Partitioner Op Support]: aten.sum.dim_IntList | True
[QNN Partitioner Op Support]: aten.view_copy.default | True
[QNN Partitioner Op Support]: aten.view_copy.default | True
[QNN Partitioner Op Support]: aten.linear.default | True
[QNN Partitioner Op Support]: aten.view_copy.default | True
[QNN Partitioner Op Support]: aten.permute_copy.default | True
[QNN Partitioner Op Support]: aten.view_copy.default | True
[QNN Partitioner Op Support]: aten.native_layer_norm.default | True
[QNN Partitioner Op Support]: aten.add.Tensor | True
[QNN Partitioner Op Support]: aten.view_copy.default | True
[QNN Partitioner Op Support]: aten.linear.default | True
[QNN Partitioner Op Support]: aten.view_copy.default | True
[QNN Partitioner Op Support]: aten.gelu.default | True
[QNN Partitioner Op Support]: aten.view_copy.default | True
[QNN Partitioner Op Support]: aten.linear.default | True
[QNN Partitioner Op Support]: aten.view_copy.default | True
[QNN Partitioner Op Support]: aten.native_layer_norm.default | True
[QNN Partitioner Op Support]: aten.add.Tensor | True
[QNN Partitioner Op Support]: aten.permute_copy.default | True
[QNN Partitioner Op Support]: aten.view_copy.default | True
[QNN Partitioner Op Support]: aten.linear.default | True
[QNN Partitioner Op Support]: aten.view_copy.default | True
[QNN Partitioner Op Support]: aten.permute_copy.default | True
[QNN Partitioner Op Support]: aten.permute_copy.default | True
[QNN Partitioner Op Support]: aten.permute_copy.default | True
[QNN Partitioner Op Support]: aten.view_copy.default | True
[QNN Partitioner Op Support]: aten.bmm.default | True
[QNN Partitioner Op Support]: aten.view_copy.default | True
[QNN Partitioner Op Support]: aten.view_copy.default | True
[QNN Partitioner Op Support]: aten._safe_softmax.default | True
[QNN Partitioner Op Support]: aten.add.Tensor | True
[QNN Partitioner Op Support]: aten.view_copy.default | True
[QNN Partitioner Op Support]: aten.bmm.default | True
[QNN Partitioner Op Support]: aten.view_copy.default | True
[QNN Partitioner Op Support]: aten.view_copy.default | True
[QNN Partitioner Op Support]: aten.mul.Tensor | True
[QNN Partitioner Op Support]: aten.permute_copy.default | True
[QNN Partitioner Op Support]: aten.mul.Tensor | True
[QNN Partitioner Op Support]: aten.view_copy.default | True
[QNN Partitioner Op Support]: aten.view_copy.default | True
[QNN Partitioner Op Support]: aten.view_copy.default | True
[QNN Partitioner Op Support]: aten.view_copy.default | True
[QNN Partitioner Op Support]: aten.permute_copy.default | True
[QNN Partitioner Op Support]: aten.view_copy.default | True
[QNN Partitioner Op Support]: aten.permute_copy.default | True
[QNN Partitioner Op Support]: aten.view_copy.default | True
[QNN Partitioner Op Support]: aten.permute_copy.default | True
[QNN Partitioner Op Support]: aten.view_copy.default | True
[QNN Partitioner Op Support]: aten.view_copy.default | True
[QNN Partitioner Op Support]: aten.linear.default | True
[QNN Partitioner Op Support]: aten.view_copy.default | True
[QNN Partitioner Op Support]: aten.linear.default | True
[QNN Partitioner Op Support]: aten.view_copy.default | True
[QNN Partitioner Op Support]: aten.linear.default | True
[QNN Partitioner Op Support]: aten.split_with_sizes_copy.default | True
[QNN Partitioner Op Support]: aten.cat.default | True
[QNN Partitioner Op Support]: aten.view_copy.default | True
[QNN Partitioner Op Support]: aten.view_copy.default | True
[QNN Partitioner Op Support]: aten.view_copy.default | True
[QNN Partitioner Op Support]: aten.permute_copy.default | True
[QNN Partitioner Op Support]: aten.view_copy.default | True
[QNN Partitioner Op Support]: aten.mul.Tensor | True
[QNN Partitioner Op Support]: aten.view_copy.default | True
[QNN Partitioner Op Support]: aten.add.Tensor | True
[QNN Partitioner Op Support]: aten.mul.Tensor | True
[QNN Partitioner Op Support]: aten.sub.Tensor | True
[QNN Partitioner Op Support]: aten.mul.Tensor | True
[QNN Partitioner Op Support]: aten.split_with_sizes_copy.default | True
[QNN Partitioner Op Support]: aten.sigmoid.default | True
[QNN Partitioner Op Support]: aten.sum.dim_IntList | True
[QNN Partitioner Op Support]: aten.view_copy.default | True
[QNN Partitioner Op Support]: aten.view_copy.default | True
[QNN Partitioner Op Support]: aten.linear.default | True
[QNN Partitioner Op Support]: aten.view_copy.default | True
[QNN Partitioner Op Support]: aten.permute_copy.default | True
[QNN Partitioner Op Support]: aten.view_copy.default | True
[QNN Partitioner Op Support]: aten.native_layer_norm.default | True
[QNN Partitioner Op Support]: aten.add.Tensor | True
[QNN Partitioner Op Support]: aten.view_copy.default | True
[QNN Partitioner Op Support]: aten.linear.default | True
[QNN Partitioner Op Support]: aten.view_copy.default | True
[QNN Partitioner Op Support]: aten.gelu.default | True
[QNN Partitioner Op Support]: aten.view_copy.default | True
[QNN Partitioner Op Support]: aten.linear.default | True
[QNN Partitioner Op Support]: aten.view_copy.default | True
[QNN Partitioner Op Support]: aten.native_layer_norm.default | True
[QNN Partitioner Op Support]: aten.add.Tensor | True
[QNN Partitioner Op Support]: aten.permute_copy.default | True
[QNN Partitioner Op Support]: aten.view_copy.default | True
[QNN Partitioner Op Support]: aten.linear.default | True
[QNN Partitioner Op Support]: aten.view_copy.default | True
[QNN Partitioner Op Support]: aten.permute_copy.default | True
[QNN Partitioner Op Support]: aten.permute_copy.default | True
[QNN Partitioner Op Support]: aten.permute_copy.default | True
[QNN Partitioner Op Support]: aten.view_copy.default | True
[QNN Partitioner Op Support]: aten.bmm.default | True
[QNN Partitioner Op Support]: aten.view_copy.default | True
[QNN Partitioner Op Support]: aten.view_copy.default | True
[QNN Partitioner Op Support]: aten._safe_softmax.default | True
[QNN Partitioner Op Support]: aten.add.Tensor | True
[QNN Partitioner Op Support]: aten.view_copy.default | True
[QNN Partitioner Op Support]: aten.bmm.default | True
[QNN Partitioner Op Support]: aten.view_copy.default | True
[QNN Partitioner Op Support]: aten.view_copy.default | True
[QNN Partitioner Op Support]: aten.mul.Tensor | True
[QNN Partitioner Op Support]: aten.permute_copy.default | True
[QNN Partitioner Op Support]: aten.mul.Tensor | True
[QNN Partitioner Op Support]: aten.view_copy.default | True
[QNN Partitioner Op Support]: aten.view_copy.default | True
[QNN Partitioner Op Support]: aten.view_copy.default | True
[QNN Partitioner Op Support]: aten.view_copy.default | True
[QNN Partitioner Op Support]: aten.permute_copy.default | True
[QNN Partitioner Op Support]: aten.view_copy.default | True
[QNN Partitioner Op Support]: aten.permute_copy.default | True
[QNN Partitioner Op Support]: aten.view_copy.default | True
[QNN Partitioner Op Support]: aten.permute_copy.default | True
[QNN Partitioner Op Support]: aten.view_copy.default | True
[QNN Partitioner Op Support]: aten.view_copy.default | True
[QNN Partitioner Op Support]: aten.linear.default | True
[QNN Partitioner Op Support]: aten.view_copy.default | True
[QNN Partitioner Op Support]: aten.linear.default | True
[QNN Partitioner Op Support]: aten.view_copy.default | True
[QNN Partitioner Op Support]: aten.linear.default | True
[QNN Partitioner Op Support]: aten.split_with_sizes_copy.default | True
[QNN Partitioner Op Support]: aten.cat.default | True
[QNN Partitioner Op Support]: aten.view_copy.default | True
[QNN Partitioner Op Support]: aten.view_copy.default | True
[QNN Partitioner Op Support]: aten.view_copy.default | True
[QNN Partitioner Op Support]: aten.permute_copy.default | True
[QNN Partitioner Op Support]: aten.view_copy.default | True
[QNN Partitioner Op Support]: aten.mul.Tensor | True
[QNN Partitioner Op Support]: aten.view_copy.default | True
[QNN Partitioner Op Support]: aten.add.Tensor | True
[QNN Partitioner Op Support]: aten.mul.Tensor | True
[QNN Partitioner Op Support]: aten.sub.Tensor | True
[QNN Partitioner Op Support]: aten.mul.Tensor | True
[QNN Partitioner Op Support]: aten.split_with_sizes_copy.default | True
[QNN Partitioner Op Support]: aten.sigmoid.default | True
[QNN Partitioner Op Support]: aten.sum.dim_IntList | True
[QNN Partitioner Op Support]: aten.view_copy.default | True
[QNN Partitioner Op Support]: aten.view_copy.default | True
[QNN Partitioner Op Support]: aten.linear.default | True
[QNN Partitioner Op Support]: aten.view_copy.default | True
[QNN Partitioner Op Support]: aten.permute_copy.default | True
[QNN Partitioner Op Support]: aten.view_copy.default | True
[QNN Partitioner Op Support]: aten.native_layer_norm.default | True
[QNN Partitioner Op Support]: aten.add.Tensor | True
[QNN Partitioner Op Support]: aten.view_copy.default | True
[QNN Partitioner Op Support]: aten.linear.default | True
[QNN Partitioner Op Support]: aten.view_copy.default | True
[QNN Partitioner Op Support]: aten.gelu.default | True
[QNN Partitioner Op Support]: aten.view_copy.default | True
[QNN Partitioner Op Support]: aten.linear.default | True
[QNN Partitioner Op Support]: aten.view_copy.default | True
[QNN Partitioner Op Support]: aten.native_layer_norm.default | True
[QNN Partitioner Op Support]: aten.add.Tensor | True
[QNN Partitioner Op Support]: aten.permute_copy.default | True
[QNN Partitioner Op Support]: aten.view_copy.default | True
[QNN Partitioner Op Support]: aten.linear.default | True
[QNN Partitioner Op Support]: aten.view_copy.default | True
[QNN Partitioner Op Support]: aten.permute_copy.default | True
[QNN Partitioner Op Support]: aten.permute_copy.default | True
[QNN Partitioner Op Support]: aten.permute_copy.default | True
[QNN Partitioner Op Support]: aten.view_copy.default | True
[QNN Partitioner Op Support]: aten.bmm.default | True
[QNN Partitioner Op Support]: aten.view_copy.default | True
[QNN Partitioner Op Support]: aten.view_copy.default | True
[QNN Partitioner Op Support]: aten._safe_softmax.default | True
[QNN Partitioner Op Support]: aten.add.Tensor | True
[QNN Partitioner Op Support]: aten.view_copy.default | True
[QNN Partitioner Op Support]: aten.bmm.default | True
[QNN Partitioner Op Support]: aten.view_copy.default | True
[QNN Partitioner Op Support]: aten.view_copy.default | True
[QNN Partitioner Op Support]: aten.mul.Tensor | True
[QNN Partitioner Op Support]: aten.permute_copy.default | True
[QNN Partitioner Op Support]: aten.mul.Tensor | True
[QNN Partitioner Op Support]: aten.view_copy.default | True
[QNN Partitioner Op Support]: aten.view_copy.default | True
[QNN Partitioner Op Support]: aten.view_copy.default | True
[QNN Partitioner Op Support]: aten.view_copy.default | True
[QNN Partitioner Op Support]: aten.permute_copy.default | True
[QNN Partitioner Op Support]: aten.view_copy.default | True
[QNN Partitioner Op Support]: aten.permute_copy.default | True
[QNN Partitioner Op Support]: aten.view_copy.default | True
[QNN Partitioner Op Support]: aten.permute_copy.default | True
[QNN Partitioner Op Support]: aten.view_copy.default | True
[QNN Partitioner Op Support]: aten.view_copy.default | True
[QNN Partitioner Op Support]: aten.linear.default | True
[QNN Partitioner Op Support]: aten.view_copy.default | True
[QNN Partitioner Op Support]: aten.linear.default | True
[QNN Partitioner Op Support]: aten.view_copy.default | True
[QNN Partitioner Op Support]: aten.linear.default | True
[QNN Partitioner Op Support]: aten.split_with_sizes_copy.default | True
[QNN Partitioner Op Support]: aten.cat.default | True
[QNN Partitioner Op Support]: aten.view_copy.default | True
[QNN Partitioner Op Support]: aten.view_copy.default | True
[QNN Partitioner Op Support]: aten.view_copy.default | True
[QNN Partitioner Op Support]: aten.permute_copy.default | True
[QNN Partitioner Op Support]: aten.view_copy.default | True
[QNN Partitioner Op Support]: aten.mul.Tensor | True
[QNN Partitioner Op Support]: aten.view_copy.default | True
[QNN Partitioner Op Support]: aten.add.Tensor | True
[QNN Partitioner Op Support]: aten.mul.Tensor | True
[QNN Partitioner Op Support]: aten.sub.Tensor | True
[QNN Partitioner Op Support]: aten.mul.Tensor | True
[QNN Partitioner Op Support]: aten.split_with_sizes_copy.default | True
[QNN Partitioner Op Support]: aten.sigmoid.default | True
[QNN Partitioner Op Support]: aten.sum.dim_IntList | True
[QNN Partitioner Op Support]: aten.view_copy.default | True
[QNN Partitioner Op Support]: aten.view_copy.default | True
[QNN Partitioner Op Support]: aten.linear.default | True
[QNN Partitioner Op Support]: aten.view_copy.default | True
[QNN Partitioner Op Support]: aten.permute_copy.default | True
[QNN Partitioner Op Support]: aten.view_copy.default | True
[QNN Partitioner Op Support]: aten.native_layer_norm.default | True
[QNN Partitioner Op Support]: aten.add.Tensor | True
[QNN Partitioner Op Support]: aten.view_copy.default | True
[QNN Partitioner Op Support]: aten.linear.default | True
[QNN Partitioner Op Support]: aten.view_copy.default | True
[QNN Partitioner Op Support]: aten.gelu.default | True
[QNN Partitioner Op Support]: aten.view_copy.default | True
[QNN Partitioner Op Support]: aten.linear.default | True
[QNN Partitioner Op Support]: aten.view_copy.default | True
[QNN Partitioner Op Support]: aten.native_layer_norm.default | True
[QNN Partitioner Op Support]: aten.add.Tensor | True
[QNN Partitioner Op Support]: aten.permute_copy.default | True
[QNN Partitioner Op Support]: aten.view_copy.default | True
[QNN Partitioner Op Support]: aten.linear.default | True
[QNN Partitioner Op Support]: aten.view_copy.default | True
[QNN Partitioner Op Support]: aten.permute_copy.default | True
[QNN Partitioner Op Support]: aten.permute_copy.default | True
[QNN Partitioner Op Support]: aten.permute_copy.default | True
[QNN Partitioner Op Support]: aten.view_copy.default | True
[QNN Partitioner Op Support]: aten.bmm.default | True
[QNN Partitioner Op Support]: aten.view_copy.default | True
[QNN Partitioner Op Support]: aten.view_copy.default | True
[QNN Partitioner Op Support]: aten._safe_softmax.default | True
[QNN Partitioner Op Support]: aten.add.Tensor | True
[QNN Partitioner Op Support]: aten.view_copy.default | True
[QNN Partitioner Op Support]: aten.bmm.default | True
[QNN Partitioner Op Support]: aten.view_copy.default | True
[QNN Partitioner Op Support]: aten.view_copy.default | True
[QNN Partitioner Op Support]: aten.mul.Tensor | True
[QNN Partitioner Op Support]: aten.permute_copy.default | True
[QNN Partitioner Op Support]: aten.mul.Tensor | True
[QNN Partitioner Op Support]: aten.view_copy.default | True
[QNN Partitioner Op Support]: aten.view_copy.default | True
[QNN Partitioner Op Support]: aten.view_copy.default | True
[QNN Partitioner Op Support]: aten.view_copy.default | True
[QNN Partitioner Op Support]: aten.permute_copy.default | True
[QNN Partitioner Op Support]: aten.view_copy.default | True
[QNN Partitioner Op Support]: aten.permute_copy.default | True
[QNN Partitioner Op Support]: aten.view_copy.default | True
[QNN Partitioner Op Support]: aten.permute_copy.default | True
[QNN Partitioner Op Support]: aten.view_copy.default | True
[QNN Partitioner Op Support]: aten.view_copy.default | True
[QNN Partitioner Op Support]: aten.linear.default | True
[QNN Partitioner Op Support]: aten.view_copy.default | True
[QNN Partitioner Op Support]: aten.linear.default | True
[QNN Partitioner Op Support]: aten.view_copy.default | True
[QNN Partitioner Op Support]: aten.linear.default | True
[QNN Partitioner Op Support]: aten.split_with_sizes_copy.default | True
[QNN Partitioner Op Support]: aten.cat.default | True
[QNN Partitioner Op Support]: aten.view_copy.default | True
[QNN Partitioner Op Support]: aten.view_copy.default | True
[QNN Partitioner Op Support]: aten.view_copy.default | True
[QNN Partitioner Op Support]: aten.permute_copy.default | True
[QNN Partitioner Op Support]: aten.view_copy.default | True
[QNN Partitioner Op Support]: aten.mul.Tensor | True
[QNN Partitioner Op Support]: aten.view_copy.default | True
[QNN Partitioner Op Support]: aten.add.Tensor | True
[QNN Partitioner Op Support]: aten.mul.Tensor | True
[QNN Partitioner Op Support]: aten.sub.Tensor | True
[QNN Partitioner Op Support]: aten.mul.Tensor | True
[QNN Partitioner Op Support]: aten.split_with_sizes_copy.default | True
[QNN Partitioner Op Support]: aten.sigmoid.default | True
[QNN Partitioner Op Support]: aten.sum.dim_IntList | True
[QNN Partitioner Op Support]: aten.view_copy.default | True
[QNN Partitioner Op Support]: aten.view_copy.default | True
[QNN Partitioner Op Support]: aten.linear.default | True
[QNN Partitioner Op Support]: aten.view_copy.default | True
[QNN Partitioner Op Support]: aten.permute_copy.default | True
[QNN Partitioner Op Support]: aten.view_copy.default | True
[QNN Partitioner Op Support]: aten.native_layer_norm.default | True
[QNN Partitioner Op Support]: aten.add.Tensor | True
[QNN Partitioner Op Support]: aten.view_copy.default | True
[QNN Partitioner Op Support]: aten.linear.default | True
[QNN Partitioner Op Support]: aten.view_copy.default | True
[QNN Partitioner Op Support]: aten.gelu.default | True
[QNN Partitioner Op Support]: aten.view_copy.default | True
[QNN Partitioner Op Support]: aten.linear.default | True
[QNN Partitioner Op Support]: aten.view_copy.default | True
[QNN Partitioner Op Support]: aten.native_layer_norm.default | True
[QNN Partitioner Op Support]: aten.add.Tensor | True
[QNN Partitioner Op Support]: aten.permute_copy.default | True
[QNN Partitioner Op Support]: aten.view_copy.default | True
[QNN Partitioner Op Support]: aten.linear.default | True
[QNN Partitioner Op Support]: aten.view_copy.default | True
[QNN Partitioner Op Support]: aten.permute_copy.default | True
[QNN Partitioner Op Support]: aten.permute_copy.default | True
[QNN Partitioner Op Support]: aten.permute_copy.default | True
[QNN Partitioner Op Support]: aten.view_copy.default | True
[QNN Partitioner Op Support]: aten.bmm.default | True
[QNN Partitioner Op Support]: aten.view_copy.default | True
[QNN Partitioner Op Support]: aten.view_copy.default | True
[QNN Partitioner Op Support]: aten._safe_softmax.default | True
[QNN Partitioner Op Support]: aten.add.Tensor | True
[QNN Partitioner Op Support]: aten.view_copy.default | True
[QNN Partitioner Op Support]: aten.bmm.default | True
[QNN Partitioner Op Support]: aten.view_copy.default | True
[QNN Partitioner Op Support]: aten.view_copy.default | True
[QNN Partitioner Op Support]: aten.mul.Tensor | True
[QNN Partitioner Op Support]: aten.permute_copy.default | True
[QNN Partitioner Op Support]: aten.mul.Tensor | True
[QNN Partitioner Op Support]: aten.view_copy.default | True
[QNN Partitioner Op Support]: aten.view_copy.default | True
[QNN Partitioner Op Support]: aten.view_copy.default | True
[QNN Partitioner Op Support]: aten.view_copy.default | True
[QNN Partitioner Op Support]: aten.permute_copy.default | True
[QNN Partitioner Op Support]: aten.view_copy.default | True
[QNN Partitioner Op Support]: aten.permute_copy.default | True
[QNN Partitioner Op Support]: aten.view_copy.default | True
[QNN Partitioner Op Support]: aten.permute_copy.default | True
[QNN Partitioner Op Support]: aten.view_copy.default | True
[QNN Partitioner Op Support]: aten.view_copy.default | True
[QNN Partitioner Op Support]: aten.linear.default | True
[QNN Partitioner Op Support]: aten.view_copy.default | True
[QNN Partitioner Op Support]: aten.linear.default | True
[QNN Partitioner Op Support]: aten.view_copy.default | True
[QNN Partitioner Op Support]: aten.linear.default | True
[QNN Partitioner Op Support]: aten.split_with_sizes_copy.default | True
[QNN Partitioner Op Support]: aten.cat.default | True
[QNN Partitioner Op Support]: aten.view_copy.default | True
[QNN Partitioner Op Support]: aten.view_copy.default | True
[QNN Partitioner Op Support]: aten.view_copy.default | True
[QNN Partitioner Op Support]: aten.permute_copy.default | True
[QNN Partitioner Op Support]: aten.view_copy.default | True
[QNN Partitioner Op Support]: aten.mul.Tensor | True
[QNN Partitioner Op Support]: aten.view_copy.default | True
[QNN Partitioner Op Support]: aten.add.Tensor | True
[QNN Partitioner Op Support]: aten.mul.Tensor | True
[QNN Partitioner Op Support]: aten.sub.Tensor | True
[QNN Partitioner Op Support]: aten.mul.Tensor | True
[QNN Partitioner Op Support]: aten.split_with_sizes_copy.default | True
[QNN Partitioner Op Support]: aten.sigmoid.default | True
[QNN Partitioner Op Support]: aten.sum.dim_IntList | True
[QNN Partitioner Op Support]: aten.view_copy.default | True
[QNN Partitioner Op Support]: aten.view_copy.default | True
[QNN Partitioner Op Support]: aten.linear.default | True
[QNN Partitioner Op Support]: aten.view_copy.default | True
[QNN Partitioner Op Support]: aten.permute_copy.default | True
[QNN Partitioner Op Support]: aten.view_copy.default | True
[QNN Partitioner Op Support]: aten.native_layer_norm.default | True
[QNN Partitioner Op Support]: aten.add.Tensor | True
[QNN Partitioner Op Support]: aten.view_copy.default | True
[QNN Partitioner Op Support]: aten.linear.default | True
[QNN Partitioner Op Support]: aten.view_copy.default | True
[QNN Partitioner Op Support]: aten.gelu.default | True
[QNN Partitioner Op Support]: aten.view_copy.default | True
[QNN Partitioner Op Support]: aten.linear.default | True
[QNN Partitioner Op Support]: aten.view_copy.default | True
[QNN Partitioner Op Support]: aten.native_layer_norm.default | True
[QNN Partitioner Op Support]: aten.add.Tensor | True
[QNN Partitioner Op Support]: aten.permute_copy.default | True
[QNN Partitioner Op Support]: aten.view_copy.default | True
[QNN Partitioner Op Support]: aten.linear.default | True
[QNN Partitioner Op Support]: aten.view_copy.default | True
[QNN Partitioner Op Support]: aten.permute_copy.default | True
[QNN Partitioner Op Support]: aten.permute_copy.default | True
[QNN Partitioner Op Support]: aten.permute_copy.default | True
[QNN Partitioner Op Support]: aten.view_copy.default | True
[QNN Partitioner Op Support]: aten.bmm.default | True
[QNN Partitioner Op Support]: aten.view_copy.default | True
[QNN Partitioner Op Support]: aten.view_copy.default | True
[QNN Partitioner Op Support]: aten._safe_softmax.default | True
[QNN Partitioner Op Support]: aten.add.Tensor | True
[QNN Partitioner Op Support]: aten.view_copy.default | True
[QNN Partitioner Op Support]: aten.bmm.default | True
[QNN Partitioner Op Support]: aten.view_copy.default | True
[QNN Partitioner Op Support]: aten.view_copy.default | True
[QNN Partitioner Op Support]: aten.mul.Tensor | True
[QNN Partitioner Op Support]: aten.permute_copy.default | True
[QNN Partitioner Op Support]: aten.mul.Tensor | True
[QNN Partitioner Op Support]: aten.view_copy.default | True
[QNN Partitioner Op Support]: aten.view_copy.default | True
[QNN Partitioner Op Support]: aten.view_copy.default | True
[QNN Partitioner Op Support]: aten.view_copy.default | True
[QNN Partitioner Op Support]: aten.permute_copy.default | True
[QNN Partitioner Op Support]: aten.view_copy.default | True
[QNN Partitioner Op Support]: aten.permute_copy.default | True
[QNN Partitioner Op Support]: aten.view_copy.default | True
[QNN Partitioner Op Support]: aten.permute_copy.default | True
[QNN Partitioner Op Support]: aten.view_copy.default | True
[QNN Partitioner Op Support]: aten.view_copy.default | True
[QNN Partitioner Op Support]: aten.linear.default | True
[QNN Partitioner Op Support]: aten.view_copy.default | True
[QNN Partitioner Op Support]: aten.linear.default | True
[QNN Partitioner Op Support]: aten.view_copy.default | True
[QNN Partitioner Op Support]: aten.linear.default | True
[QNN Partitioner Op Support]: aten.split_with_sizes_copy.default | True
[QNN Partitioner Op Support]: aten.cat.default | True
[QNN Partitioner Op Support]: aten.view_copy.default | True
[QNN Partitioner Op Support]: aten.view_copy.default | True
[QNN Partitioner Op Support]: aten.view_copy.default | True
[QNN Partitioner Op Support]: aten.permute_copy.default | True
[QNN Partitioner Op Support]: aten.view_copy.default | True
[QNN Partitioner Op Support]: aten.mul.Tensor | True
[QNN Partitioner Op Support]: aten.view_copy.default | True
[QNN Partitioner Op Support]: aten.add.Tensor | True
[QNN Partitioner Op Support]: aten.mul.Tensor | True
[QNN Partitioner Op Support]: aten.sub.Tensor | True
[QNN Partitioner Op Support]: aten.mul.Tensor | True
[QNN Partitioner Op Support]: aten.split_with_sizes_copy.default | True
[QNN Partitioner Op Support]: aten.sigmoid.default | True
[QNN Partitioner Op Support]: aten.sum.dim_IntList | True
[QNN Partitioner Op Support]: aten.view_copy.default | True
[QNN Partitioner Op Support]: aten.view_copy.default | True
[QNN Partitioner Op Support]: aten.linear.default | True
[QNN Partitioner Op Support]: aten.view_copy.default | True
[QNN Partitioner Op Support]: aten.permute_copy.default | True
[QNN Partitioner Op Support]: aten.view_copy.default | True
[QNN Partitioner Op Support]: aten.native_layer_norm.default | True
[QNN Partitioner Op Support]: aten.add.Tensor | True
[QNN Partitioner Op Support]: aten.view_copy.default | True
[QNN Partitioner Op Support]: aten.linear.default | True
[QNN Partitioner Op Support]: aten.view_copy.default | True
[QNN Partitioner Op Support]: aten.gelu.default | True
[QNN Partitioner Op Support]: aten.view_copy.default | True
[QNN Partitioner Op Support]: aten.linear.default | True
[QNN Partitioner Op Support]: aten.view_copy.default | True
[QNN Partitioner Op Support]: aten.native_layer_norm.default | True
[QNN Partitioner Op Support]: aten.add.Tensor | True
[QNN Partitioner Op Support]: aten.permute_copy.default | True
[QNN Partitioner Op Support]: aten.view_copy.default | True
[QNN Partitioner Op Support]: aten.linear.default | True
[QNN Partitioner Op Support]: aten.view_copy.default | True
[QNN Partitioner Op Support]: aten.permute_copy.default | True
[QNN Partitioner Op Support]: aten.permute_copy.default | True
[QNN Partitioner Op Support]: aten.permute_copy.default | True
[QNN Partitioner Op Support]: aten.view_copy.default | True
[QNN Partitioner Op Support]: aten.bmm.default | True
[QNN Partitioner Op Support]: aten.view_copy.default | True
[QNN Partitioner Op Support]: aten.view_copy.default | True
[QNN Partitioner Op Support]: aten._safe_softmax.default | True
[QNN Partitioner Op Support]: aten.add.Tensor | True
[QNN Partitioner Op Support]: aten.view_copy.default | True
[QNN Partitioner Op Support]: aten.bmm.default | True
[QNN Partitioner Op Support]: aten.view_copy.default | True
[QNN Partitioner Op Support]: aten.view_copy.default | True
[QNN Partitioner Op Support]: aten.mul.Tensor | True
[QNN Partitioner Op Support]: aten.permute_copy.default | True
[QNN Partitioner Op Support]: aten.mul.Tensor | True
[QNN Partitioner Op Support]: aten.view_copy.default | True
[QNN Partitioner Op Support]: aten.view_copy.default | True
[QNN Partitioner Op Support]: aten.view_copy.default | True
[QNN Partitioner Op Support]: aten.view_copy.default | True
[QNN Partitioner Op Support]: aten.permute_copy.default | True
[QNN Partitioner Op Support]: aten.view_copy.default | True
[QNN Partitioner Op Support]: aten.permute_copy.default | True
[QNN Partitioner Op Support]: aten.view_copy.default | True
[QNN Partitioner Op Support]: aten.permute_copy.default | True
[QNN Partitioner Op Support]: aten.view_copy.default | True
[QNN Partitioner Op Support]: aten.view_copy.default | True
[QNN Partitioner Op Support]: aten.linear.default | True
[QNN Partitioner Op Support]: aten.view_copy.default | True
[QNN Partitioner Op Support]: aten.linear.default | True
[QNN Partitioner Op Support]: aten.view_copy.default | True
[QNN Partitioner Op Support]: aten.linear.default | True
[QNN Partitioner Op Support]: aten.split_with_sizes_copy.default | True
[QNN Partitioner Op Support]: aten.cat.default | True
[QNN Partitioner Op Support]: aten.view_copy.default | True
[QNN Partitioner Op Support]: aten.view_copy.default | True
[QNN Partitioner Op Support]: aten.view_copy.default | True
[QNN Partitioner Op Support]: aten.permute_copy.default | True
[QNN Partitioner Op Support]: aten.view_copy.default | True
[QNN Partitioner Op Support]: aten.mul.Tensor | True
[QNN Partitioner Op Support]: aten.view_copy.default | True
[QNN Partitioner Op Support]: aten.add.Tensor | True
[QNN Partitioner Op Support]: aten.mul.Tensor | True
[QNN Partitioner Op Support]: aten.sub.Tensor | True
[QNN Partitioner Op Support]: aten.mul.Tensor | True
[QNN Partitioner Op Support]: aten.split_with_sizes_copy.default | True
[QNN Partitioner Op Support]: aten.sigmoid.default | True
[QNN Partitioner Op Support]: aten.sum.dim_IntList | True
[QNN Partitioner Op Support]: aten.view_copy.default | True
[QNN Partitioner Op Support]: aten.view_copy.default | True
[QNN Partitioner Op Support]: aten.linear.default | True[ERROR] [Qnn ExecuTorch]:  <E> QnnBackend_validateOpConfig failed 3110

[ERROR] [Qnn ExecuTorch]:  <E> Failed to validate op aten_minimum_default with error 0xc26

[WARNING] [Qnn ExecuTorch]: Qnn Backend op validation failed with error: 3110
[ERROR] [Qnn ExecuTorch]:  <E> QnnBackend_validateOpConfig failed 3110

[ERROR] [Qnn ExecuTorch]:  <E> Failed to validate op aten_abs_default with error 0xc26

[WARNING] [Qnn ExecuTorch]: Qnn Backend op validation failed with error: 3110
[INFO] [Qnn ExecuTorch]: Destroy Qnn device
[INFO] [Qnn ExecuTorch]: Destroy Qnn backend

[QNN Partitioner Op Support]: aten.view_copy.default | True
[QNN Partitioner Op Support]: aten.permute_copy.default | True
[QNN Partitioner Op Support]: aten.view_copy.default | True
[QNN Partitioner Op Support]: aten.view_copy.default | True
[QNN Partitioner Op Support]: aten.unsqueeze_copy.default | True
[QNN Partitioner Op Support]: aten.permute_copy.default | True
[QNN Partitioner Op Support]: aten.embedding.default | True
[QNN Partitioner Op Support]: aten.add.Tensor | True
[QNN Partitioner Op Support]: aten.where.self | True
[QNN Partitioner Op Support]: aten.minimum.default | False
[QNN Partitioner Op Support]: aten._to_copy.default | True
[QNN Partitioner Op Support]: dim_order_ops._to_dim_order_copy.default | True
[QNN Partitioner Op Support]: aten.add.Tensor | True
[QNN Partitioner Op Support]: aten.mul.Tensor | True
[QNN Partitioner Op Support]: aten.div.Tensor | True
[QNN Partitioner Op Support]: aten.log.default | True
[QNN Partitioner Op Support]: aten.div.Tensor | True
[QNN Partitioner Op Support]: dim_order_ops._to_dim_order_copy.default | True
[QNN Partitioner Op Support]: aten.lt.Tensor | True
[QNN Partitioner Op Support]: aten.abs.default | False
[QNN Partitioner Op Support]: aten.mul.Tensor | True
[QNN Partitioner Op Support]: aten._to_copy.default | True
[QNN Partitioner Op Support]: dim_order_ops._to_dim_order_copy.default | True
[QNN Partitioner Op Support]: aten.gt.Tensor | True
[QNN Partitioner Op Support]: aten.sub.Tensor | True
[QNN Partitioner Op Support]: aten.unsqueeze_copy.default | True
[QNN Partitioner Op Support]: aten._to_copy.default | True
[QNN Partitioner Op Support]: aten.unsqueeze_copy.default | True
[QNN Partitioner Op Support]: aten._to_copy.default | True
[QNN Partitioner Op Support]: aten.native_layer_norm.default | True
[QNN Partitioner Op Support]: aten.add.Tensor | True
[QNN Partitioner Op Support]: aten.permute_copy.default | True
[QNN Partitioner Op Support]: aten.gelu.default | True
[QNN Partitioner Op Support]: aten.slice_copy.Tensor | True
[QNN Partitioner Op Support]: aten.squeeze_copy.dims | True
[QNN Partitioner Op Support]: aten.convolution.default | True
[QNN Partitioner Op Support]: aten.unsqueeze_copy.default | True
[QNN Partitioner Op Support]: aten.permute_copy.default | True
[QNN Partitioner Op Support]: aten.view_copy.default | True
[QNN Partitioner Op Support]: aten.linear.default | True
[QNN Partitioner Op Support]: aten.view_copy.default | True
[QNN Partitioner Op Support]: aten.native_layer_norm.default | True
[QNN Partitioner Op Support]: aten.permute_copy.default | True
[QNN Partitioner Op Support]: aten.gelu.default | True
[QNN Partitioner Op Support]: aten.permute_copy.default | True
[QNN Partitioner Op Support]: aten.native_layer_norm.default | True
[QNN Partitioner Op Support]: aten.permute_copy.default | True
[QNN Partitioner Op Support]: aten.squeeze_copy.dims | True
[QNN Partitioner Op Support]: aten.convolution.default | True
[QNN Partitioner Op Support]: aten.unsqueeze_copy.default | True
[QNN Partitioner Op Support]: aten.gelu.default | True
[QNN Partitioner Op Support]: aten.permute_copy.default | True
[QNN Partitioner Op Support]: aten.native_layer_norm.default | True
[QNN Partitioner Op Support]: aten.permute_copy.default | True
[QNN Partitioner Op Support]: aten.squeeze_copy.dims | True
[QNN Partitioner Op Support]: aten.convolution.default | True
[QNN Partitioner Op Support]: aten.unsqueeze_copy.default | True
[QNN Partitioner Op Support]: aten.gelu.default | True
[QNN Partitioner Op Support]: aten.permute_copy.default | True
[QNN Partitioner Op Support]: aten.native_layer_norm.default | True
[QNN Partitioner Op Support]: aten.permute_copy.default | True
[QNN Partitioner Op Support]: aten.squeeze_copy.dims | True
[QNN Partitioner Op Support]: aten.convolution.default | True
[QNN Partitioner Op Support]: aten.unsqueeze_copy.default | True
[QNN Partitioner Op Support]: aten.gelu.default | True
[QNN Partitioner Op Support]: aten.permute_copy.default | True
[QNN Partitioner Op Support]: aten.native_layer_norm.default | True
[QNN Partitioner Op Support]: aten.permute_copy.default | True
[QNN Partitioner Op Support]: aten.squeeze_copy.dims | True
[QNN Partitioner Op Support]: aten.convolution.default | True
[QNN Partitioner Op Support]: aten.unsqueeze_copy.default | True
[QNN Partitioner Op Support]: aten.gelu.default | True
[QNN Partitioner Op Support]: aten.permute_copy.default | True
[QNN Partitioner Op Support]: aten.native_layer_norm.default | True
[QNN Partitioner Op Support]: aten.permute_copy.default | True
[QNN Partitioner Op Support]: aten.squeeze_copy.dims | True
[QNN Partitioner Op Support]: aten.convolution.default | True
[QNN Partitioner Op Support]: aten.unsqueeze_copy.default | True
[QNN Partitioner Op Support]: aten.gelu.default | True
[QNN Partitioner Op Support]: aten.permute_copy.default | True
[QNN Partitioner Op Support]: aten.native_layer_norm.default | True
[QNN Partitioner Op Support]: aten.permute_copy.default | True
[QNN Partitioner Op Support]: aten.squeeze_copy.dims | True
[QNN Partitioner Op Support]: aten.convolution.default | True
[QNN Partitioner Op Support]: aten.unsqueeze_copy.default | True
[QNN Partitioner Op Support]: aten.gelu.default | True
[QNN Partitioner Op Support]: aten.permute_copy.default | True
[QNN Partitioner Op Support]: aten.native_layer_norm.default | True
[QNN Partitioner Op Support]: aten.permute_copy.default | True
[QNN Partitioner Op Support]: aten.squeeze_copy.dims | True
[QNN Partitioner Op Support]: aten.convolution.default | True
[QNN Partitioner Op Support]: aten.unsqueeze_copy.default | True
[QNN Partitioner Op Support]: aten.unsqueeze_copy.default | True
[QNN Partitioner Op Support]: aten.div.Tensor | True
[QNN Partitioner Op Support]: aten.add.Tensor | True
[QNN Partitioner Op Support]: aten.sqrt.default | True
Traceback (most recent call last):
  File "/work/scratchpad/export_wavlm_qnn_pte.py", line 265, in <module>
    sys.exit(main())
             ^^^^^^
  File "/work/scratchpad/export_wavlm_qnn_pte.py", line 215, in main
    edge = to_edge_transform_and_lower_to_qnn(model_to_lower, example, compiler_specs)
           ^^^^^^^^^^^^^^^^^^^^^^^^^^^^^^^^^^^^^^^^^^^^^^^^^^^^^^^^^^^^^^^^^^^^^^^^^^^
  File "/usr/local/lib/python3.11/site-packages/executorch/backends/qualcomm/utils/utils.py", line 449, in to_edge_transform_and_lower_to_qnn
    return to_edge_transform_and_lower(
           ^^^^^^^^^^^^^^^^^^^^^^^^^^^^
  File "/usr/local/lib/python3.11/site-packages/executorch/exir/program/_program.py", line 116, in wrapper
    return func(*args, **kwargs)
           ^^^^^^^^^^^^^^^^^^^^^
  File "/usr/local/lib/python3.11/site-packages/executorch/exir/program/_program.py", line 1405, in to_edge_transform_and_lower
    edge_manager = edge_manager.to_backend(method_to_partitioner)
                   ^^^^^^^^^^^^^^^^^^^^^^^^^^^^^^^^^^^^^^^^^^^^^^
  File "/usr/local/lib/python3.11/site-packages/executorch/exir/program/_program.py", line 116, in wrapper
    return func(*args, **kwargs)
           ^^^^^^^^^^^^^^^^^^^^^
  File "/usr/local/lib/python3.11/site-packages/executorch/exir/program/_program.py", line 1707, in to_backend
    new_edge_programs = to_backend(method_to_programs_and_partitioners)
                        ^^^^^^^^^^^^^^^^^^^^^^^^^^^^^^^^^^^^^^^^^^^^^^^
  File "/usr/local/lib/python3.11/functools.py", line 909, in wrapper
    return dispatch(args[0].__class__)(*args, **kw)
           ^^^^^^^^^^^^^^^^^^^^^^^^^^^^^^^^^^^^^^^^
  File "/usr/local/lib/python3.11/site-packages/executorch/exir/backend/backend_api.py", line 721, in _
    partitioner_result = partitioner_instance(fake_edge_program)
                         ^^^^^^^^^^^^^^^^^^^^^^^^^^^^^^^^^^^^^^^
  File "/usr/local/lib/python3.11/site-packages/executorch/exir/backend/partitioner.py", line 66, in __call__
    return self.partition(exported_program)
           ^^^^^^^^^^^^^^^^^^^^^^^^^^^^^^^^
  File "/usr/local/lib/python3.11/site-packages/executorch/backends/qualcomm/partition/qnn_partitioner.py", line 194, in partition
    partitions = self.generate_partitions(edge_program)
                 ^^^^^^^^^^^^^^^^^^^^^^^^^^^^^^^^^^^^^^
  File "/usr/local/lib/python3.11/site-packages/executorch/backends/qualcomm/partition/qnn_partitioner.py", line 159, in generate_partitions
    return generate_partitions_from_list_of_nodes(
           ^^^^^^^^^^^^^^^^^^^^^^^^^^^^^^^^^^^^^^^
  File "/usr/local/lib/python3.11/site-packages/executorch/exir/backend/canonical_partitioners/pattern_op_partitioner.py", line 54, in generate_partitions_from_list_of_nodes
    partition_list = capability_partitioner.propose_partitions()
                     ^^^^^^^^^^^^^^^^^^^^^^^^^^^^^^^^^^^^^^^^^^^
  File "/usr/local/lib/python3.11/site-packages/torch/fx/passes/infra/partitioner.py", line 228, in propose_partitions
    if self._is_node_supported(node) and node not in assignment:
       ^^^^^^^^^^^^^^^^^^^^^^^^^^^^^
  File "/usr/local/lib/python3.11/site-packages/torch/fx/passes/infra/partitioner.py", line 88, in _is_node_supported
    return self.operator_support.is_node_supported(
           ^^^^^^^^^^^^^^^^^^^^^^^^^^^^^^^^^^^^^^^^
  File "/usr/local/lib/python3.11/site-packages/executorch/backends/qualcomm/partition/qnn_partitioner.py", line 98, in is_node_supported
    op_wrapper = self.node_visitors[node.target.__name__].define_node(
                 ~~~~~~~~~~~~~~~~~~^^^^^^^^^^^^^^^^^^^^^^
KeyError: 'aten.var.correction'
