mounting HF cache: /Users/chinnu/.cache/huggingface (skips wavlm-large download)
using pre-downloaded QAIRT SDK: .qairt/qairt/2.37.0.250724
[deps] system
debconf: unable to initialize frontend: Dialog
debconf: (TERM is not set, so the dialog frontend is not usable.)
debconf: falling back to frontend: Readline
debconf: unable to initialize frontend: Readline
debconf: (Can't locate Term/ReadLine.pm in @INC (you may need to install the Term::ReadLine module) (@INC entries checked: /etc/perl /usr/local/lib/x86_64-linux-gnu/perl/5.40.1 /usr/local/share/perl/5.40.1 /usr/lib/x86_64-linux-gnu/perl5/5.40 /usr/share/perl5 /usr/lib/x86_64-linux-gnu/perl-base /usr/lib/x86_64-linux-gnu/perl/5.40 /usr/share/perl/5.40 /usr/local/lib/site_perl) at /usr/share/perl5/Debconf/FrontEnd/Readline.pm line 8, <STDIN> line 14.)
debconf: falling back to frontend: Teletype
debconf: unable to initialize frontend: Teletype
debconf: (This frontend requires a controlling tty.)
debconf: falling back to frontend: Noninteractive
[deps] pip executorch 1.2.0 + torch 2.11.0 + transformers + peft (emulated x86 — slow, cached after first run)
[notice] A new release of pip is available: 24.0 -> 26.1.2
[notice] To update, run: pip install --upgrade pip
[run] export WavLM QNN .pte
[1/5] rebuild + merge LoRA into WavLM (from HF cache) ...
Loading weights:   0%|          | 0/488 [00:00<?, ?it/s]Loading weights: 100%|██████████| 488/488 [00:00<00:00, 23338.35it/s]
[patch] export-safe transformers guards -> ['transformers.models.wavlm.modeling_wavlm.is_fsdp_managed_module', 'transformers.models.wavlm.modeling_wavlm.is_deepspeed_zero3_enabled', 'transformers.integrations.fsdp.is_fsdp_managed_module', 'transformers.integrations.deepspeed.is_deepspeed_zero3_enabled', 'transformers.modeling_utils.is_deepspeed_zero3_enabled']
[wn] folded weight_norm in 1 conv module(s)
[calib] 1 real normalized waveforms (shape (32, 48000))
      DeployTeacher ready, example (1, 48000) (3s)
[2/5] torch.export capture (strict=False) ...
      captured graph (4s)
[3/5] FP16_ONLY=1 -> skip INT8, lower captured graph as FP16 on HTP
[4/5] lower to QNN (SM8750 / HTP V79, fp16) ...
[INFO] [Qnn ExecuTorch]: Creating new backend bundle.
[INFO] [Qnn ExecuTorch]: create QNN Logger with log_level 1
/usr/local/lib/python3.11/copyreg.py:105: FutureWarning: `isinstance(treespec, LeafSpec)` is deprecated, use `isinstance(treespec, TreeSpec) and treespec.is_leaf()` instead.
  return cls.__new__(cls, *args)
[WARNING 2026-06-27 11:06:27,145 _program.py:1089] Op aten.unbind.int was requested for preservation by partitioner.  This request is ignored because it is in a blocklist.
/usr/local/lib/python3.11/copyreg.py:105: FutureWarning: `isinstance(treespec, LeafSpec)` is deprecated, use `isinstance(treespec, TreeSpec) and treespec.is_leaf()` instead.
  return cls.__new__(cls, *args)
[WARNING 2026-06-27 11:06:30,655 _program.py:1089] Op aten.unbind.int was requested for preservation by partitioner.  This request is ignored because it is in a blocklist.
/usr/local/lib/python3.11/copyreg.py:105: FutureWarning: `isinstance(treespec, LeafSpec)` is deprecated, use `isinstance(treespec, TreeSpec) and treespec.is_leaf()` instead.
  return cls.__new__(cls, *args)
[QNN Partitioner Op Support]: aten.linear.default | True
[QNN Partitioner Op Support]: aten.relu.default | True
[QNN Partitioner Op Support]: aten.linear.default | True
[QNN Partitioner Op Support]: aten.mean.dim | True
[QNN Partitioner Op Support]: aten.native_layer_norm.default | True
[QNN Partitioner Op Support]: aten.add.Tensor | True
[QNN Partitioner Op Support]: aten.view_copy.default | True
[QNN Partitioner Op Support]: aten.linear.default | True
[QNN Partitioner Op Support]: aten.view_copy.default | True
[QNN Partitioner Op Support]: aten.gelu.default | True
[QNN Partitioner Op Support]: aten.view_copy.default | True
[QNN Partitioner Op Support]: aten.linear.default | True
[QNN Partitioner Op Support]: aten.view_copy.default | True
[QNN Partitioner Op Support]: aten.native_layer_norm.default | True
[QNN Partitioner Op Support]: aten.add.Tensor | True
[QNN Partitioner Op Support]: aten.permute_copy.default | True
[QNN Partitioner Op Support]: aten.view_copy.default | True
[QNN Partitioner Op Support]: aten.linear.default | True
[QNN Partitioner Op Support]: aten.view_copy.default | True
[QNN Partitioner Op Support]: aten.permute_copy.default | True
[QNN Partitioner Op Support]: aten.permute_copy.default | True
[QNN Partitioner Op Support]: aten.permute_copy.default | True
[QNN Partitioner Op Support]: aten.view_copy.default | True
[QNN Partitioner Op Support]: aten.bmm.default | True
[QNN Partitioner Op Support]: aten.view_copy.default | True
[QNN Partitioner Op Support]: aten.view_copy.default | True
[QNN Partitioner Op Support]: aten._safe_softmax.default | True
[QNN Partitioner Op Support]: aten.add.Tensor | True
[QNN Partitioner Op Support]: aten.view_copy.default | True
[QNN Partitioner Op Support]: aten.bmm.default | True
[QNN Partitioner Op Support]: aten.view_copy.default | True
[QNN Partitioner Op Support]: aten.view_copy.default | True
[QNN Partitioner Op Support]: aten.mul.Tensor | True
[QNN Partitioner Op Support]: aten.permute_copy.default | True
[QNN Partitioner Op Support]: aten.mul.Tensor | True
[QNN Partitioner Op Support]: aten.view_copy.default | True
[QNN Partitioner Op Support]: aten.view_copy.default | True
[QNN Partitioner Op Support]: aten.view_copy.default | True
[QNN Partitioner Op Support]: aten.view_copy.default | True
[QNN Partitioner Op Support]: aten.permute_copy.default | True
[QNN Partitioner Op Support]: aten.view_copy.default | True
[QNN Partitioner Op Support]: aten.permute_copy.default | True
[QNN Partitioner Op Support]: aten.view_copy.default | True
[QNN Partitioner Op Support]: aten.permute_copy.default | True
[QNN Partitioner Op Support]: aten.view_copy.default | True
[QNN Partitioner Op Support]: aten.view_copy.default | True
[QNN Partitioner Op Support]: aten.linear.default | True
[QNN Partitioner Op Support]: aten.view_copy.default | True
[QNN Partitioner Op Support]: aten.linear.default | True
[QNN Partitioner Op Support]: aten.view_copy.default | True
[QNN Partitioner Op Support]: aten.linear.default | True
[QNN Partitioner Op Support]: aten.split_with_sizes_copy.default | True
[QNN Partitioner Op Support]: aten.cat.default | True
[QNN Partitioner Op Support]: aten.view_copy.default | True
[QNN Partitioner Op Support]: aten.view_copy.default | True
[QNN Partitioner Op Support]: aten.view_copy.default | True
[QNN Partitioner Op Support]: aten.permute_copy.default | True
[QNN Partitioner Op Support]: aten.view_copy.default | True
[QNN Partitioner Op Support]: aten.mul.Tensor | True
[QNN Partitioner Op Support]: aten.view_copy.default | True
[QNN Partitioner Op Support]: aten.add.Tensor | True
[QNN Partitioner Op Support]: aten.mul.Tensor | True
[QNN Partitioner Op Support]: aten.sub.Tensor | True
[QNN Partitioner Op Support]: aten.mul.Tensor | True
[QNN Partitioner Op Support]: aten.split_with_sizes_copy.default | True
[QNN Partitioner Op Support]: aten.sigmoid.default | True
[QNN Partitioner Op Support]: aten.sum.dim_IntList | True
[QNN Partitioner Op Support]: aten.view_copy.default | True
[QNN Partitioner Op Support]: aten.view_copy.default | True
[QNN Partitioner Op Support]: aten.linear.default | True
[QNN Partitioner Op Support]: aten.view_copy.default | True
[QNN Partitioner Op Support]: aten.permute_copy.default | True
[QNN Partitioner Op Support]: aten.view_copy.default | True
[QNN Partitioner Op Support]: aten.native_layer_norm.default | True
[QNN Partitioner Op Support]: aten.add.Tensor | True
[QNN Partitioner Op Support]: aten.view_copy.default | True
[QNN Partitioner Op Support]: aten.linear.default | True
[QNN Partitioner Op Support]: aten.view_copy.default | True
[QNN Partitioner Op Support]: aten.gelu.default | True
[QNN Partitioner Op Support]: aten.view_copy.default | True
[QNN Partitioner Op Support]: aten.linear.default | True
[QNN Partitioner Op Support]: aten.view_copy.default | True
[QNN Partitioner Op Support]: aten.native_layer_norm.default | True
[QNN Partitioner Op Support]: aten.add.Tensor | True
[QNN Partitioner Op Support]: aten.permute_copy.default | True
[QNN Partitioner Op Support]: aten.view_copy.default | True
[QNN Partitioner Op Support]: aten.linear.default | True
[QNN Partitioner Op Support]: aten.view_copy.default | True
[QNN Partitioner Op Support]: aten.permute_copy.default | True
[QNN Partitioner Op Support]: aten.permute_copy.default | True
[QNN Partitioner Op Support]: aten.permute_copy.default | True
[QNN Partitioner Op Support]: aten.view_copy.default | True
[QNN Partitioner Op Support]: aten.bmm.default | True
[QNN Partitioner Op Support]: aten.view_copy.default | True
[QNN Partitioner Op Support]: aten.view_copy.default | True
[QNN Partitioner Op Support]: aten._safe_softmax.default | True
[QNN Partitioner Op Support]: aten.add.Tensor | True
[QNN Partitioner Op Support]: aten.view_copy.default | True
[QNN Partitioner Op Support]: aten.bmm.default | True
[QNN Partitioner Op Support]: aten.view_copy.default | True
[QNN Partitioner Op Support]: aten.view_copy.default | True
[QNN Partitioner Op Support]: aten.mul.Tensor | True
[QNN Partitioner Op Support]: aten.permute_copy.default | True
[QNN Partitioner Op Support]: aten.mul.Tensor | True
[QNN Partitioner Op Support]: aten.view_copy.default | True
[QNN Partitioner Op Support]: aten.view_copy.default | True
[QNN Partitioner Op Support]: aten.view_copy.default | True
[QNN Partitioner Op Support]: aten.view_copy.default | True
[QNN Partitioner Op Support]: aten.permute_copy.default | True
[QNN Partitioner Op Support]: aten.view_copy.default | True
[QNN Partitioner Op Support]: aten.permute_copy.default | True
[QNN Partitioner Op Support]: aten.view_copy.default | True
[QNN Partitioner Op Support]: aten.permute_copy.default | True
[QNN Partitioner Op Support]: aten.view_copy.default | True
[QNN Partitioner Op Support]: aten.view_copy.default | True
[QNN Partitioner Op Support]: aten.linear.default | True
[QNN Partitioner Op Support]: aten.view_copy.default | True
[QNN Partitioner Op Support]: aten.linear.default | True
[QNN Partitioner Op Support]: aten.view_copy.default | True
[QNN Partitioner Op Support]: aten.linear.default | True
[QNN Partitioner Op Support]: aten.split_with_sizes_copy.default | True
[QNN Partitioner Op Support]: aten.cat.default | True
[QNN Partitioner Op Support]: aten.view_copy.default | True
[QNN Partitioner Op Support]: aten.view_copy.default | True
[QNN Partitioner Op Support]: aten.view_copy.default | True
[QNN Partitioner Op Support]: aten.permute_copy.default | True
[QNN Partitioner Op Support]: aten.view_copy.default | True
[QNN Partitioner Op Support]: aten.mul.Tensor | True
[QNN Partitioner Op Support]: aten.view_copy.default | True
[QNN Partitioner Op Support]: aten.add.Tensor | True
[QNN Partitioner Op Support]: aten.mul.Tensor | True
[QNN Partitioner Op Support]: aten.sub.Tensor | True
[QNN Partitioner Op Support]: aten.mul.Tensor | True
[QNN Partitioner Op Support]: aten.split_with_sizes_copy.default | True
[QNN Partitioner Op Support]: aten.sigmoid.default | True
[QNN Partitioner Op Support]: aten.sum.dim_IntList | True
[QNN Partitioner Op Support]: aten.view_copy.default | True
[QNN Partitioner Op Support]: aten.view_copy.default | True
[QNN Partitioner Op Support]: aten.linear.default | True
[QNN Partitioner Op Support]: aten.view_copy.default | True
[QNN Partitioner Op Support]: aten.permute_copy.default | True
[QNN Partitioner Op Support]: aten.view_copy.default | True
[QNN Partitioner Op Support]: aten.native_layer_norm.default | True
[QNN Partitioner Op Support]: aten.add.Tensor | True
[QNN Partitioner Op Support]: aten.view_copy.default | True
[QNN Partitioner Op Support]: aten.linear.default | True
[QNN Partitioner Op Support]: aten.view_copy.default | True
[QNN Partitioner Op Support]: aten.gelu.default | True
[QNN Partitioner Op Support]: aten.view_copy.default | True
[QNN Partitioner Op Support]: aten.linear.default | True
[QNN Partitioner Op Support]: aten.view_copy.default | True
[QNN Partitioner Op Support]: aten.native_layer_norm.default | True
[QNN Partitioner Op Support]: aten.add.Tensor | True
[QNN Partitioner Op Support]: aten.permute_copy.default | True
[QNN Partitioner Op Support]: aten.view_copy.default | True
[QNN Partitioner Op Support]: aten.linear.default | True
[QNN Partitioner Op Support]: aten.view_copy.default | True
[QNN Partitioner Op Support]: aten.permute_copy.default | True
[QNN Partitioner Op Support]: aten.permute_copy.default | True
[QNN Partitioner Op Support]: aten.permute_copy.default | True
[QNN Partitioner Op Support]: aten.view_copy.default | True
[QNN Partitioner Op Support]: aten.bmm.default | True
[QNN Partitioner Op Support]: aten.view_copy.default | True
[QNN Partitioner Op Support]: aten.view_copy.default | True
[QNN Partitioner Op Support]: aten._safe_softmax.default | True
[QNN Partitioner Op Support]: aten.add.Tensor | True
[QNN Partitioner Op Support]: aten.view_copy.default | True
[QNN Partitioner Op Support]: aten.bmm.default | True
[QNN Partitioner Op Support]: aten.view_copy.default | True
[QNN Partitioner Op Support]: aten.view_copy.default | True
[QNN Partitioner Op Support]: aten.mul.Tensor | True
[QNN Partitioner Op Support]: aten.permute_copy.default | True
[QNN Partitioner Op Support]: aten.mul.Tensor | True
[QNN Partitioner Op Support]: aten.view_copy.default | True
[QNN Partitioner Op Support]: aten.view_copy.default | True
[QNN Partitioner Op Support]: aten.view_copy.default | True
[QNN Partitioner Op Support]: aten.view_copy.default | True
[QNN Partitioner Op Support]: aten.permute_copy.default | True
[QNN Partitioner Op Support]: aten.view_copy.default | True
[QNN Partitioner Op Support]: aten.permute_copy.default | True
[QNN Partitioner Op Support]: aten.view_copy.default | True
[QNN Partitioner Op Support]: aten.permute_copy.default | True
[QNN Partitioner Op Support]: aten.view_copy.default | True
[QNN Partitioner Op Support]: aten.view_copy.default | True
[QNN Partitioner Op Support]: aten.linear.default | True
[QNN Partitioner Op Support]: aten.view_copy.default | True
[QNN Partitioner Op Support]: aten.linear.default | True
[QNN Partitioner Op Support]: aten.view_copy.default | True
[QNN Partitioner Op Support]: aten.linear.default | True
[QNN Partitioner Op Support]: aten.split_with_sizes_copy.default | True
[QNN Partitioner Op Support]: aten.cat.default | True
[QNN Partitioner Op Support]: aten.view_copy.default | True
[QNN Partitioner Op Support]: aten.view_copy.default | True
[QNN Partitioner Op Support]: aten.view_copy.default | True
[QNN Partitioner Op Support]: aten.permute_copy.default | True
[QNN Partitioner Op Support]: aten.view_copy.default | True
[QNN Partitioner Op Support]: aten.mul.Tensor | True
[QNN Partitioner Op Support]: aten.view_copy.default | True
[QNN Partitioner Op Support]: aten.add.Tensor | True
[QNN Partitioner Op Support]: aten.mul.Tensor | True
[QNN Partitioner Op Support]: aten.sub.Tensor | True
[QNN Partitioner Op Support]: aten.mul.Tensor | True
[QNN Partitioner Op Support]: aten.split_with_sizes_copy.default | True
[QNN Partitioner Op Support]: aten.sigmoid.default | True
[QNN Partitioner Op Support]: aten.sum.dim_IntList | True
[QNN Partitioner Op Support]: aten.view_copy.default | True
[QNN Partitioner Op Support]: aten.view_copy.default | True
[QNN Partitioner Op Support]: aten.linear.default | True
[QNN Partitioner Op Support]: aten.view_copy.default | True
[QNN Partitioner Op Support]: aten.permute_copy.default | True
[QNN Partitioner Op Support]: aten.view_copy.default | True
[QNN Partitioner Op Support]: aten.native_layer_norm.default | True
[QNN Partitioner Op Support]: aten.add.Tensor | True
[QNN Partitioner Op Support]: aten.view_copy.default | True
[QNN Partitioner Op Support]: aten.linear.default | True
[QNN Partitioner Op Support]: aten.view_copy.default | True
[QNN Partitioner Op Support]: aten.gelu.default | True
[QNN Partitioner Op Support]: aten.view_copy.default | True
[QNN Partitioner Op Support]: aten.linear.default | True
[QNN Partitioner Op Support]: aten.view_copy.default | True
[QNN Partitioner Op Support]: aten.native_layer_norm.default | True
[QNN Partitioner Op Support]: aten.add.Tensor | True
[QNN Partitioner Op Support]: aten.permute_copy.default | True
[QNN Partitioner Op Support]: aten.view_copy.default | True
[QNN Partitioner Op Support]: aten.linear.default | True
[QNN Partitioner Op Support]: aten.view_copy.default | True
[QNN Partitioner Op Support]: aten.permute_copy.default | True
[QNN Partitioner Op Support]: aten.permute_copy.default | True
[QNN Partitioner Op Support]: aten.permute_copy.default | True
[QNN Partitioner Op Support]: aten.view_copy.default | True
[QNN Partitioner Op Support]: aten.bmm.default | True
[QNN Partitioner Op Support]: aten.view_copy.default | True
[QNN Partitioner Op Support]: aten.view_copy.default | True
[QNN Partitioner Op Support]: aten._safe_softmax.default | True
[QNN Partitioner Op Support]: aten.add.Tensor | True
[QNN Partitioner Op Support]: aten.view_copy.default | True
[QNN Partitioner Op Support]: aten.bmm.default | True
[QNN Partitioner Op Support]: aten.view_copy.default | True
[QNN Partitioner Op Support]: aten.view_copy.default | True
[QNN Partitioner Op Support]: aten.mul.Tensor | True
[QNN Partitioner Op Support]: aten.permute_copy.default | True
[QNN Partitioner Op Support]: aten.mul.Tensor | True
[QNN Partitioner Op Support]: aten.view_copy.default | True
[QNN Partitioner Op Support]: aten.view_copy.default | True
[QNN Partitioner Op Support]: aten.view_copy.default | True
[QNN Partitioner Op Support]: aten.view_copy.default | True
[QNN Partitioner Op Support]: aten.permute_copy.default | True
[QNN Partitioner Op Support]: aten.view_copy.default | True
[QNN Partitioner Op Support]: aten.permute_copy.default | True
[QNN Partitioner Op Support]: aten.view_copy.default | True
[QNN Partitioner Op Support]: aten.permute_copy.default | True
[QNN Partitioner Op Support]: aten.view_copy.default | True
[QNN Partitioner Op Support]: aten.view_copy.default | True
[QNN Partitioner Op Support]: aten.linear.default | True
[QNN Partitioner Op Support]: aten.view_copy.default | True
[QNN Partitioner Op Support]: aten.linear.default | True
[QNN Partitioner Op Support]: aten.view_copy.default | True
[QNN Partitioner Op Support]: aten.linear.default | True
[QNN Partitioner Op Support]: aten.split_with_sizes_copy.default | True
[QNN Partitioner Op Support]: aten.cat.default | True
[QNN Partitioner Op Support]: aten.view_copy.default | True
[QNN Partitioner Op Support]: aten.view_copy.default | True
[QNN Partitioner Op Support]: aten.view_copy.default | True
[QNN Partitioner Op Support]: aten.permute_copy.default | True
[QNN Partitioner Op Support]: aten.view_copy.default | True
[QNN Partitioner Op Support]: aten.mul.Tensor | True
[QNN Partitioner Op Support]: aten.view_copy.default | True
[QNN Partitioner Op Support]: aten.add.Tensor | True
[QNN Partitioner Op Support]: aten.mul.Tensor | True
[QNN Partitioner Op Support]: aten.sub.Tensor | True
[QNN Partitioner Op Support]: aten.mul.Tensor | True
[QNN Partitioner Op Support]: aten.split_with_sizes_copy.default | True
[QNN Partitioner Op Support]: aten.sigmoid.default | True
[QNN Partitioner Op Support]: aten.sum.dim_IntList | True
[QNN Partitioner Op Support]: aten.view_copy.default | True
[QNN Partitioner Op Support]: aten.view_copy.default | True
[QNN Partitioner Op Support]: aten.linear.default | True
[QNN Partitioner Op Support]: aten.view_copy.default | True
[QNN Partitioner Op Support]: aten.permute_copy.default | True
[QNN Partitioner Op Support]: aten.view_copy.default | True
[QNN Partitioner Op Support]: aten.native_layer_norm.default | True
[QNN Partitioner Op Support]: aten.add.Tensor | True
[QNN Partitioner Op Support]: aten.view_copy.default | True
[QNN Partitioner Op Support]: aten.linear.default | True
[QNN Partitioner Op Support]: aten.view_copy.default | True
[QNN Partitioner Op Support]: aten.gelu.default | True
[QNN Partitioner Op Support]: aten.view_copy.default | True
[QNN Partitioner Op Support]: aten.linear.default | True
[QNN Partitioner Op Support]: aten.view_copy.default | True
[QNN Partitioner Op Support]: aten.native_layer_norm.default | True
[QNN Partitioner Op Support]: aten.add.Tensor | True
[QNN Partitioner Op Support]: aten.permute_copy.default | True
[QNN Partitioner Op Support]: aten.view_copy.default | True
[QNN Partitioner Op Support]: aten.linear.default | True
[QNN Partitioner Op Support]: aten.view_copy.default | True
[QNN Partitioner Op Support]: aten.permute_copy.default | True
[QNN Partitioner Op Support]: aten.permute_copy.default | True
[QNN Partitioner Op Support]: aten.permute_copy.default | True
[QNN Partitioner Op Support]: aten.view_copy.default | True
[QNN Partitioner Op Support]: aten.bmm.default | True
[QNN Partitioner Op Support]: aten.view_copy.default | True
[QNN Partitioner Op Support]: aten.view_copy.default | True
[QNN Partitioner Op Support]: aten._safe_softmax.default | True
[QNN Partitioner Op Support]: aten.add.Tensor | True
[QNN Partitioner Op Support]: aten.view_copy.default | True
[QNN Partitioner Op Support]: aten.bmm.default | True
[QNN Partitioner Op Support]: aten.view_copy.default | True
[QNN Partitioner Op Support]: aten.view_copy.default | True
[QNN Partitioner Op Support]: aten.mul.Tensor | True
[QNN Partitioner Op Support]: aten.permute_copy.default | True
[QNN Partitioner Op Support]: aten.mul.Tensor | True
[QNN Partitioner Op Support]: aten.view_copy.default | True
[QNN Partitioner Op Support]: aten.view_copy.default | True
[QNN Partitioner Op Support]: aten.view_copy.default | True
[QNN Partitioner Op Support]: aten.view_copy.default | True
[QNN Partitioner Op Support]: aten.permute_copy.default | True
[QNN Partitioner Op Support]: aten.view_copy.default | True
[QNN Partitioner Op Support]: aten.permute_copy.default | True
[QNN Partitioner Op Support]: aten.view_copy.default | True
[QNN Partitioner Op Support]: aten.permute_copy.default | True
[QNN Partitioner Op Support]: aten.view_copy.default | True
[QNN Partitioner Op Support]: aten.view_copy.default | True
[QNN Partitioner Op Support]: aten.linear.default | True
[QNN Partitioner Op Support]: aten.view_copy.default | True
[QNN Partitioner Op Support]: aten.linear.default | True
[QNN Partitioner Op Support]: aten.view_copy.default | True
[QNN Partitioner Op Support]: aten.linear.default | True
[QNN Partitioner Op Support]: aten.split_with_sizes_copy.default | True
[QNN Partitioner Op Support]: aten.cat.default | True
[QNN Partitioner Op Support]: aten.view_copy.default | True
[QNN Partitioner Op Support]: aten.view_copy.default | True
[QNN Partitioner Op Support]: aten.view_copy.default | True
[QNN Partitioner Op Support]: aten.permute_copy.default | True
[QNN Partitioner Op Support]: aten.view_copy.default | True
[QNN Partitioner Op Support]: aten.mul.Tensor | True
[QNN Partitioner Op Support]: aten.view_copy.default | True
[QNN Partitioner Op Support]: aten.add.Tensor | True
[QNN Partitioner Op Support]: aten.mul.Tensor | True
[QNN Partitioner Op Support]: aten.sub.Tensor | True
[QNN Partitioner Op Support]: aten.mul.Tensor | True
[QNN Partitioner Op Support]: aten.split_with_sizes_copy.default | True
[QNN Partitioner Op Support]: aten.sigmoid.default | True
[QNN Partitioner Op Support]: aten.sum.dim_IntList | True
[QNN Partitioner Op Support]: aten.view_copy.default | True
[QNN Partitioner Op Support]: aten.view_copy.default | True
[QNN Partitioner Op Support]: aten.linear.default | True
[QNN Partitioner Op Support]: aten.view_copy.default | True
[QNN Partitioner Op Support]: aten.permute_copy.default | True
[QNN Partitioner Op Support]: aten.view_copy.default | True
[QNN Partitioner Op Support]: aten.native_layer_norm.default | True
[QNN Partitioner Op Support]: aten.add.Tensor | True
[QNN Partitioner Op Support]: aten.view_copy.default | True
[QNN Partitioner Op Support]: aten.linear.default | True
[QNN Partitioner Op Support]: aten.view_copy.default | True
[QNN Partitioner Op Support]: aten.gelu.default | True
[QNN Partitioner Op Support]: aten.view_copy.default | True
[QNN Partitioner Op Support]: aten.linear.default | True
[QNN Partitioner Op Support]: aten.view_copy.default | True
[QNN Partitioner Op Support]: aten.native_layer_norm.default | True
[QNN Partitioner Op Support]: aten.add.Tensor | True
[QNN Partitioner Op Support]: aten.permute_copy.default | True
[QNN Partitioner Op Support]: aten.view_copy.default | True
[QNN Partitioner Op Support]: aten.linear.default | True
[QNN Partitioner Op Support]: aten.view_copy.default | True
[QNN Partitioner Op Support]: aten.permute_copy.default | True
[QNN Partitioner Op Support]: aten.permute_copy.default | True
[QNN Partitioner Op Support]: aten.permute_copy.default | True
[QNN Partitioner Op Support]: aten.view_copy.default | True
[QNN Partitioner Op Support]: aten.bmm.default | True
[QNN Partitioner Op Support]: aten.view_copy.default | True
[QNN Partitioner Op Support]: aten.view_copy.default | True
[QNN Partitioner Op Support]: aten._safe_softmax.default | True
[QNN Partitioner Op Support]: aten.add.Tensor | True
[QNN Partitioner Op Support]: aten.view_copy.default | True
[QNN Partitioner Op Support]: aten.bmm.default | True
[QNN Partitioner Op Support]: aten.view_copy.default | True
[QNN Partitioner Op Support]: aten.view_copy.default | True
[QNN Partitioner Op Support]: aten.mul.Tensor | True
[QNN Partitioner Op Support]: aten.permute_copy.default | True
[QNN Partitioner Op Support]: aten.mul.Tensor | True
[QNN Partitioner Op Support]: aten.view_copy.default | True
[QNN Partitioner Op Support]: aten.view_copy.default | True
[QNN Partitioner Op Support]: aten.view_copy.default | True
[QNN Partitioner Op Support]: aten.view_copy.default | True
[QNN Partitioner Op Support]: aten.permute_copy.default | True
[QNN Partitioner Op Support]: aten.view_copy.default | True
[QNN Partitioner Op Support]: aten.permute_copy.default | True
[QNN Partitioner Op Support]: aten.view_copy.default | True
[QNN Partitioner Op Support]: aten.permute_copy.default | True
[QNN Partitioner Op Support]: aten.view_copy.default | True
[QNN Partitioner Op Support]: aten.view_copy.default | True
[QNN Partitioner Op Support]: aten.linear.default | True
[QNN Partitioner Op Support]: aten.view_copy.default | True
[QNN Partitioner Op Support]: aten.linear.default | True
[QNN Partitioner Op Support]: aten.view_copy.default | True
[QNN Partitioner Op Support]: aten.linear.default | True
[QNN Partitioner Op Support]: aten.split_with_sizes_copy.default | True
[QNN Partitioner Op Support]: aten.cat.default | True
[QNN Partitioner Op Support]: aten.view_copy.default | True
[QNN Partitioner Op Support]: aten.view_copy.default | True
[QNN Partitioner Op Support]: aten.view_copy.default | True
[QNN Partitioner Op Support]: aten.permute_copy.default | True
[QNN Partitioner Op Support]: aten.view_copy.default | True
[QNN Partitioner Op Support]: aten.mul.Tensor | True
[QNN Partitioner Op Support]: aten.view_copy.default | True
[QNN Partitioner Op Support]: aten.add.Tensor | True
[QNN Partitioner Op Support]: aten.mul.Tensor | True
[QNN Partitioner Op Support]: aten.sub.Tensor | True
[QNN Partitioner Op Support]: aten.mul.Tensor | True
[QNN Partitioner Op Support]: aten.split_with_sizes_copy.default | True
[QNN Partitioner Op Support]: aten.sigmoid.default | True
[QNN Partitioner Op Support]: aten.sum.dim_IntList | True
[QNN Partitioner Op Support]: aten.view_copy.default | True
[QNN Partitioner Op Support]: aten.view_copy.default | True
[QNN Partitioner Op Support]: aten.linear.default | True
[QNN Partitioner Op Support]: aten.view_copy.default | True
[QNN Partitioner Op Support]: aten.permute_copy.default | True
[QNN Partitioner Op Support]: aten.view_copy.default | True
[QNN Partitioner Op Support]: aten.native_layer_norm.default | True
[QNN Partitioner Op Support]: aten.add.Tensor | True
[QNN Partitioner Op Support]: aten.view_copy.default | True
[QNN Partitioner Op Support]: aten.linear.default | True
[QNN Partitioner Op Support]: aten.view_copy.default | True
[QNN Partitioner Op Support]: aten.gelu.default | True
[QNN Partitioner Op Support]: aten.view_copy.default | True
[QNN Partitioner Op Support]: aten.linear.default | True
[QNN Partitioner Op Support]: aten.view_copy.default | True
[QNN Partitioner Op Support]: aten.native_layer_norm.default | True
[QNN Partitioner Op Support]: aten.add.Tensor | True
[QNN Partitioner Op Support]: aten.permute_copy.default | True
[QNN Partitioner Op Support]: aten.view_copy.default | True
[QNN Partitioner Op Support]: aten.linear.default | True
[QNN Partitioner Op Support]: aten.view_copy.default | True
[QNN Partitioner Op Support]: aten.permute_copy.default | True
[QNN Partitioner Op Support]: aten.permute_copy.default | True
[QNN Partitioner Op Support]: aten.permute_copy.default | True
[QNN Partitioner Op Support]: aten.view_copy.default | True
[QNN Partitioner Op Support]: aten.bmm.default | True
[QNN Partitioner Op Support]: aten.view_copy.default | True
[QNN Partitioner Op Support]: aten.view_copy.default | True
[QNN Partitioner Op Support]: aten._safe_softmax.default | True
[QNN Partitioner Op Support]: aten.add.Tensor | True
[QNN Partitioner Op Support]: aten.view_copy.default | True
[QNN Partitioner Op Support]: aten.bmm.default | True
[QNN Partitioner Op Support]: aten.view_copy.default | True
[QNN Partitioner Op Support]: aten.view_copy.default | True
[QNN Partitioner Op Support]: aten.mul.Tensor | True
[QNN Partitioner Op Support]: aten.permute_copy.default | True
[QNN Partitioner Op Support]: aten.mul.Tensor | True
[QNN Partitioner Op Support]: aten.view_copy.default | True
[QNN Partitioner Op Support]: aten.view_copy.default | True
[QNN Partitioner Op Support]: aten.view_copy.default | True
[QNN Partitioner Op Support]: aten.view_copy.default | True
[QNN Partitioner Op Support]: aten.permute_copy.default | True
[QNN Partitioner Op Support]: aten.view_copy.default | True
[QNN Partitioner Op Support]: aten.permute_copy.default | True
[QNN Partitioner Op Support]: aten.view_copy.default | True
[QNN Partitioner Op Support]: aten.permute_copy.default | True
[QNN Partitioner Op Support]: aten.view_copy.default | True
[QNN Partitioner Op Support]: aten.view_copy.default | True
[QNN Partitioner Op Support]: aten.linear.default | True
[QNN Partitioner Op Support]: aten.view_copy.default | True
[QNN Partitioner Op Support]: aten.linear.default | True
[QNN Partitioner Op Support]: aten.view_copy.default | True
[QNN Partitioner Op Support]: aten.linear.default | True
[QNN Partitioner Op Support]: aten.split_with_sizes_copy.default | True
[QNN Partitioner Op Support]: aten.cat.default | True
[QNN Partitioner Op Support]: aten.view_copy.default | True
[QNN Partitioner Op Support]: aten.view_copy.default | True
[QNN Partitioner Op Support]: aten.view_copy.default | True
[QNN Partitioner Op Support]: aten.permute_copy.default | True
[QNN Partitioner Op Support]: aten.view_copy.default | True
[QNN Partitioner Op Support]: aten.mul.Tensor | True
[QNN Partitioner Op Support]: aten.view_copy.default | True
[QNN Partitioner Op Support]: aten.add.Tensor | True
[QNN Partitioner Op Support]: aten.mul.Tensor | True
[QNN Partitioner Op Support]: aten.sub.Tensor | True
[QNN Partitioner Op Support]: aten.mul.Tensor | True
[QNN Partitioner Op Support]: aten.split_with_sizes_copy.default | True
[QNN Partitioner Op Support]: aten.sigmoid.default | True
[QNN Partitioner Op Support]: aten.sum.dim_IntList | True
[QNN Partitioner Op Support]: aten.view_copy.default | True
[QNN Partitioner Op Support]: aten.view_copy.default | True
[QNN Partitioner Op Support]: aten.linear.default | True
[QNN Partitioner Op Support]: aten.view_copy.default | True
[QNN Partitioner Op Support]: aten.permute_copy.default | True
[QNN Partitioner Op Support]: aten.view_copy.default | True
[QNN Partitioner Op Support]: aten.native_layer_norm.default | True
[QNN Partitioner Op Support]: aten.add.Tensor | True
[QNN Partitioner Op Support]: aten.view_copy.default | True
[QNN Partitioner Op Support]: aten.linear.default | True
[QNN Partitioner Op Support]: aten.view_copy.default | True
[QNN Partitioner Op Support]: aten.gelu.default | True
[QNN Partitioner Op Support]: aten.view_copy.default | True
[QNN Partitioner Op Support]: aten.linear.default | True
[QNN Partitioner Op Support]: aten.view_copy.default | True
[QNN Partitioner Op Support]: aten.native_layer_norm.default | True
[QNN Partitioner Op Support]: aten.add.Tensor | True
[QNN Partitioner Op Support]: aten.permute_copy.default | True
[QNN Partitioner Op Support]: aten.view_copy.default | True
[QNN Partitioner Op Support]: aten.linear.default | True
[QNN Partitioner Op Support]: aten.view_copy.default | True
[QNN Partitioner Op Support]: aten.permute_copy.default | True
[QNN Partitioner Op Support]: aten.permute_copy.default | True
[QNN Partitioner Op Support]: aten.permute_copy.default | True
[QNN Partitioner Op Support]: aten.view_copy.default | True
[QNN Partitioner Op Support]: aten.bmm.default | True
[QNN Partitioner Op Support]: aten.view_copy.default | True
[QNN Partitioner Op Support]: aten.view_copy.default | True
[QNN Partitioner Op Support]: aten._safe_softmax.default | True
[QNN Partitioner Op Support]: aten.add.Tensor | True
[QNN Partitioner Op Support]: aten.view_copy.default | True
[QNN Partitioner Op Support]: aten.bmm.default | True
[QNN Partitioner Op Support]: aten.view_copy.default | True
[QNN Partitioner Op Support]: aten.view_copy.default | True
[QNN Partitioner Op Support]: aten.mul.Tensor | True
[QNN Partitioner Op Support]: aten.permute_copy.default | True
[QNN Partitioner Op Support]: aten.mul.Tensor | True
[QNN Partitioner Op Support]: aten.view_copy.default | True
[QNN Partitioner Op Support]: aten.view_copy.default | True
[QNN Partitioner Op Support]: aten.view_copy.default | True
[QNN Partitioner Op Support]: aten.view_copy.default | True
[QNN Partitioner Op Support]: aten.permute_copy.default | True
[QNN Partitioner Op Support]: aten.view_copy.default | True
[QNN Partitioner Op Support]: aten.permute_copy.default | True
[QNN Partitioner Op Support]: aten.view_copy.default | True
[QNN Partitioner Op Support]: aten.permute_copy.default | True
[QNN Partitioner Op Support]: aten.view_copy.default | True
[QNN Partitioner Op Support]: aten.view_copy.default | True
[QNN Partitioner Op Support]: aten.linear.default | True
[QNN Partitioner Op Support]: aten.view_copy.default | True
[QNN Partitioner Op Support]: aten.linear.default | True
[QNN Partitioner Op Support]: aten.view_copy.default | True
[QNN Partitioner Op Support]: aten.linear.default | True
[QNN Partitioner Op Support]: aten.split_with_sizes_copy.default | True
[QNN Partitioner Op Support]: aten.cat.default | True
[QNN Partitioner Op Support]: aten.view_copy.default | True
[QNN Partitioner Op Support]: aten.view_copy.default | True
[QNN Partitioner Op Support]: aten.view_copy.default | True
[QNN Partitioner Op Support]: aten.permute_copy.default | True
[QNN Partitioner Op Support]: aten.view_copy.default | True
[QNN Partitioner Op Support]: aten.mul.Tensor | True
[QNN Partitioner Op Support]: aten.view_copy.default | True
[QNN Partitioner Op Support]: aten.add.Tensor | True
[QNN Partitioner Op Support]: aten.mul.Tensor | True
[QNN Partitioner Op Support]: aten.sub.Tensor | True
[QNN Partitioner Op Support]: aten.mul.Tensor | True
[QNN Partitioner Op Support]: aten.split_with_sizes_copy.default | True
[QNN Partitioner Op Support]: aten.sigmoid.default | True
[QNN Partitioner Op Support]: aten.sum.dim_IntList | True
[QNN Partitioner Op Support]: aten.view_copy.default | True
[QNN Partitioner Op Support]: aten.view_copy.default | True
[QNN Partitioner Op Support]: aten.linear.default | True
[QNN Partitioner Op Support]: aten.view_copy.default | True
[QNN Partitioner Op Support]: aten.permute_copy.default | True
[QNN Partitioner Op Support]: aten.view_copy.default | True
[QNN Partitioner Op Support]: aten.native_layer_norm.default | True
[QNN Partitioner Op Support]: aten.add.Tensor | True
[QNN Partitioner Op Support]: aten.view_copy.default | True
[QNN Partitioner Op Support]: aten.linear.default | True
[QNN Partitioner Op Support]: aten.view_copy.default | True
[QNN Partitioner Op Support]: aten.gelu.default | True
[QNN Partitioner Op Support]: aten.view_copy.default | True
[QNN Partitioner Op Support]: aten.linear.default | True
[QNN Partitioner Op Support]: aten.view_copy.default | True
[QNN Partitioner Op Support]: aten.native_layer_norm.default | True
[QNN Partitioner Op Support]: aten.add.Tensor | True
[QNN Partitioner Op Support]: aten.permute_copy.default | True
[QNN Partitioner Op Support]: aten.view_copy.default | True
[QNN Partitioner Op Support]: aten.linear.default | True
[QNN Partitioner Op Support]: aten.view_copy.default | True
[QNN Partitioner Op Support]: aten.permute_copy.default | True
[QNN Partitioner Op Support]: aten.permute_copy.default | True
[QNN Partitioner Op Support]: aten.permute_copy.default | True
[QNN Partitioner Op Support]: aten.view_copy.default | True
[QNN Partitioner Op Support]: aten.bmm.default | True
[QNN Partitioner Op Support]: aten.view_copy.default | True
[QNN Partitioner Op Support]: aten.view_copy.default | True
[QNN Partitioner Op Support]: aten._safe_softmax.default | True
[QNN Partitioner Op Support]: aten.add.Tensor | True
[QNN Partitioner Op Support]: aten.view_copy.default | True
[QNN Partitioner Op Support]: aten.bmm.default | True
[QNN Partitioner Op Support]: aten.view_copy.default | True
[QNN Partitioner Op Support]: aten.view_copy.default | True
[QNN Partitioner Op Support]: aten.mul.Tensor | True
[QNN Partitioner Op Support]: aten.permute_copy.default | True
[QNN Partitioner Op Support]: aten.mul.Tensor | True
[QNN Partitioner Op Support]: aten.view_copy.default | True
[QNN Partitioner Op Support]: aten.view_copy.default | True
[QNN Partitioner Op Support]: aten.view_copy.default | True
[QNN Partitioner Op Support]: aten.view_copy.default | True
[QNN Partitioner Op Support]: aten.permute_copy.default | True
[QNN Partitioner Op Support]: aten.view_copy.default | True
[QNN Partitioner Op Support]: aten.permute_copy.default | True
[QNN Partitioner Op Support]: aten.view_copy.default | True
[QNN Partitioner Op Support]: aten.permute_copy.default | True
[QNN Partitioner Op Support]: aten.view_copy.default | True
[QNN Partitioner Op Support]: aten.view_copy.default | True
[QNN Partitioner Op Support]: aten.linear.default | True
[QNN Partitioner Op Support]: aten.view_copy.default | True
[QNN Partitioner Op Support]: aten.linear.default | True
[QNN Partitioner Op Support]: aten.view_copy.default | True
[QNN Partitioner Op Support]: aten.linear.default | True
[QNN Partitioner Op Support]: aten.split_with_sizes_copy.default | True
[QNN Partitioner Op Support]: aten.cat.default | True
[QNN Partitioner Op Support]: aten.view_copy.default | True
[QNN Partitioner Op Support]: aten.view_copy.default | True
[QNN Partitioner Op Support]: aten.view_copy.default | True
[QNN Partitioner Op Support]: aten.permute_copy.default | True
[QNN Partitioner Op Support]: aten.view_copy.default | True
[QNN Partitioner Op Support]: aten.mul.Tensor | True
[QNN Partitioner Op Support]: aten.view_copy.default | True
[QNN Partitioner Op Support]: aten.add.Tensor | True
[QNN Partitioner Op Support]: aten.mul.Tensor | True
[QNN Partitioner Op Support]: aten.sub.Tensor | True
[QNN Partitioner Op Support]: aten.mul.Tensor | True
[QNN Partitioner Op Support]: aten.split_with_sizes_copy.default | True
[QNN Partitioner Op Support]: aten.sigmoid.default | True
[QNN Partitioner Op Support]: aten.sum.dim_IntList | True
[QNN Partitioner Op Support]: aten.view_copy.default | True
[QNN Partitioner Op Support]: aten.view_copy.default | True
[QNN Partitioner Op Support]: aten.linear.default | True
[QNN Partitioner Op Support]: aten.view_copy.default | True
[QNN Partitioner Op Support]: aten.permute_copy.default | True
[QNN Partitioner Op Support]: aten.view_copy.default | True
[QNN Partitioner Op Support]: aten.native_layer_norm.default | True
[QNN Partitioner Op Support]: aten.add.Tensor | True
[QNN Partitioner Op Support]: aten.view_copy.default | True
[QNN Partitioner Op Support]: aten.linear.default | True
[QNN Partitioner Op Support]: aten.view_copy.default | True
[QNN Partitioner Op Support]: aten.gelu.default | True
[QNN Partitioner Op Support]: aten.view_copy.default | True
[QNN Partitioner Op Support]: aten.linear.default | True
[QNN Partitioner Op Support]: aten.view_copy.default | True
[QNN Partitioner Op Support]: aten.native_layer_norm.default | True
[QNN Partitioner Op Support]: aten.add.Tensor | True
[QNN Partitioner Op Support]: aten.permute_copy.default | True
[QNN Partitioner Op Support]: aten.view_copy.default | True
[QNN Partitioner Op Support]: aten.linear.default | True
[QNN Partitioner Op Support]: aten.view_copy.default | True
[QNN Partitioner Op Support]: aten.permute_copy.default | True
[QNN Partitioner Op Support]: aten.permute_copy.default | True
[QNN Partitioner Op Support]: aten.permute_copy.default | True
[QNN Partitioner Op Support]: aten.view_copy.default | True
[QNN Partitioner Op Support]: aten.bmm.default | True
[QNN Partitioner Op Support]: aten.view_copy.default | True
[QNN Partitioner Op Support]: aten.view_copy.default | True
[QNN Partitioner Op Support]: aten._safe_softmax.default | True
[QNN Partitioner Op Support]: aten.add.Tensor | True
[QNN Partitioner Op Support]: aten.view_copy.default | True
[QNN Partitioner Op Support]: aten.bmm.default | True
[QNN Partitioner Op Support]: aten.view_copy.default | True
[QNN Partitioner Op Support]: aten.view_copy.default | True
[QNN Partitioner Op Support]: aten.mul.Tensor | True
[QNN Partitioner Op Support]: aten.permute_copy.default | True
[QNN Partitioner Op Support]: aten.mul.Tensor | True
[QNN Partitioner Op Support]: aten.view_copy.default | True
[QNN Partitioner Op Support]: aten.view_copy.default | True
[QNN Partitioner Op Support]: aten.view_copy.default | True
[QNN Partitioner Op Support]: aten.view_copy.default | True
[QNN Partitioner Op Support]: aten.permute_copy.default | True
[QNN Partitioner Op Support]: aten.view_copy.default | True
[QNN Partitioner Op Support]: aten.permute_copy.default | True
[QNN Partitioner Op Support]: aten.view_copy.default | True
[QNN Partitioner Op Support]: aten.permute_copy.default | True
[QNN Partitioner Op Support]: aten.view_copy.default | True
[QNN Partitioner Op Support]: aten.view_copy.default | True
[QNN Partitioner Op Support]: aten.linear.default | True
[QNN Partitioner Op Support]: aten.view_copy.default | True
[QNN Partitioner Op Support]: aten.linear.default | True
[QNN Partitioner Op Support]: aten.view_copy.default | True
[QNN Partitioner Op Support]: aten.linear.default | True
[QNN Partitioner Op Support]: aten.split_with_sizes_copy.default | True
[QNN Partitioner Op Support]: aten.cat.default | True
[QNN Partitioner Op Support]: aten.view_copy.default | True
[QNN Partitioner Op Support]: aten.view_copy.default | True
[QNN Partitioner Op Support]: aten.view_copy.default | True
[QNN Partitioner Op Support]: aten.permute_copy.default | True
[QNN Partitioner Op Support]: aten.view_copy.default | True
[QNN Partitioner Op Support]: aten.mul.Tensor | True
[QNN Partitioner Op Support]: aten.view_copy.default | True
[QNN Partitioner Op Support]: aten.add.Tensor | True
[QNN Partitioner Op Support]: aten.mul.Tensor | True
[QNN Partitioner Op Support]: aten.sub.Tensor | True
[QNN Partitioner Op Support]: aten.mul.Tensor | True
[QNN Partitioner Op Support]: aten.split_with_sizes_copy.default | True
[QNN Partitioner Op Support]: aten.sigmoid.default | True
[QNN Partitioner Op Support]: aten.sum.dim_IntList | True
[QNN Partitioner Op Support]: aten.view_copy.default | True
[QNN Partitioner Op Support]: aten.view_copy.default | True
[QNN Partitioner Op Support]: aten.linear.default | True
[QNN Partitioner Op Support]: aten.view_copy.default | True
[QNN Partitioner Op Support]: aten.permute_copy.default | True
[QNN Partitioner Op Support]: aten.view_copy.default | True
[QNN Partitioner Op Support]: aten.native_layer_norm.default | True
[QNN Partitioner Op Support]: aten.add.Tensor | True
[QNN Partitioner Op Support]: aten.view_copy.default | True
[QNN Partitioner Op Support]: aten.linear.default | True
[QNN Partitioner Op Support]: aten.view_copy.default | True
[QNN Partitioner Op Support]: aten.gelu.default | True
[QNN Partitioner Op Support]: aten.view_copy.default | True
[QNN Partitioner Op Support]: aten.linear.default | True
[QNN Partitioner Op Support]: aten.view_copy.default | True
[QNN Partitioner Op Support]: aten.native_layer_norm.default | True
[QNN Partitioner Op Support]: aten.add.Tensor | True
[QNN Partitioner Op Support]: aten.permute_copy.default | True
[QNN Partitioner Op Support]: aten.view_copy.default | True
[QNN Partitioner Op Support]: aten.linear.default | True
[QNN Partitioner Op Support]: aten.view_copy.default | True
[QNN Partitioner Op Support]: aten.permute_copy.default | True
[QNN Partitioner Op Support]: aten.permute_copy.default | True
[QNN Partitioner Op Support]: aten.permute_copy.default | True
[QNN Partitioner Op Support]: aten.view_copy.default | True
[QNN Partitioner Op Support]: aten.bmm.default | True
[QNN Partitioner Op Support]: aten.view_copy.default | True
[QNN Partitioner Op Support]: aten.view_copy.default | True
[QNN Partitioner Op Support]: aten._safe_softmax.default | True
[QNN Partitioner Op Support]: aten.add.Tensor | True
[QNN Partitioner Op Support]: aten.view_copy.default | True
[QNN Partitioner Op Support]: aten.bmm.default | True
[QNN Partitioner Op Support]: aten.view_copy.default | True
[QNN Partitioner Op Support]: aten.view_copy.default | True
[QNN Partitioner Op Support]: aten.mul.Tensor | True
[QNN Partitioner Op Support]: aten.permute_copy.default | True
[QNN Partitioner Op Support]: aten.mul.Tensor | True
[QNN Partitioner Op Support]: aten.view_copy.default | True
[QNN Partitioner Op Support]: aten.view_copy.default | True
[QNN Partitioner Op Support]: aten.view_copy.default | True
[QNN Partitioner Op Support]: aten.view_copy.default | True
[QNN Partitioner Op Support]: aten.permute_copy.default | True
[QNN Partitioner Op Support]: aten.view_copy.default | True
[QNN Partitioner Op Support]: aten.permute_copy.default | True
[QNN Partitioner Op Support]: aten.view_copy.default | True
[QNN Partitioner Op Support]: aten.permute_copy.default | True
[QNN Partitioner Op Support]: aten.view_copy.default | True
[QNN Partitioner Op Support]: aten.view_copy.default | True
[QNN Partitioner Op Support]: aten.linear.default | True
[QNN Partitioner Op Support]: aten.view_copy.default | True
[QNN Partitioner Op Support]: aten.linear.default | True
[QNN Partitioner Op Support]: aten.view_copy.default | True
[QNN Partitioner Op Support]: aten.linear.default | True
[QNN Partitioner Op Support]: aten.split_with_sizes_copy.default | True
[QNN Partitioner Op Support]: aten.cat.default | True
[QNN Partitioner Op Support]: aten.view_copy.default | True
[QNN Partitioner Op Support]: aten.view_copy.default | True
[QNN Partitioner Op Support]: aten.view_copy.default | True
[QNN Partitioner Op Support]: aten.permute_copy.default | True
[QNN Partitioner Op Support]: aten.view_copy.default | True
[QNN Partitioner Op Support]: aten.mul.Tensor | True
[QNN Partitioner Op Support]: aten.view_copy.default | True
[QNN Partitioner Op Support]: aten.add.Tensor | True
[QNN Partitioner Op Support]: aten.mul.Tensor | True
[QNN Partitioner Op Support]: aten.sub.Tensor | True
[QNN Partitioner Op Support]: aten.mul.Tensor | True
[QNN Partitioner Op Support]: aten.split_with_sizes_copy.default | True
[QNN Partitioner Op Support]: aten.sigmoid.default | True
[QNN Partitioner Op Support]: aten.sum.dim_IntList | True
[QNN Partitioner Op Support]: aten.view_copy.default | True
[QNN Partitioner Op Support]: aten.view_copy.default | True
[QNN Partitioner Op Support]: aten.linear.default | True
[QNN Partitioner Op Support]: aten.view_copy.default | True
[QNN Partitioner Op Support]: aten.permute_copy.default | True
[QNN Partitioner Op Support]: aten.view_copy.default | True
[QNN Partitioner Op Support]: aten.native_layer_norm.default | True
[QNN Partitioner Op Support]: aten.add.Tensor | True
[QNN Partitioner Op Support]: aten.view_copy.default | True
[QNN Partitioner Op Support]: aten.linear.default | True
[QNN Partitioner Op Support]: aten.view_copy.default | True
[QNN Partitioner Op Support]: aten.gelu.default | True
[QNN Partitioner Op Support]: aten.view_copy.default | True
[QNN Partitioner Op Support]: aten.linear.default | True
[QNN Partitioner Op Support]: aten.view_copy.default | True
[QNN Partitioner Op Support]: aten.native_layer_norm.default | True
[QNN Partitioner Op Support]: aten.add.Tensor | True
[QNN Partitioner Op Support]: aten.permute_copy.default | True
[QNN Partitioner Op Support]: aten.view_copy.default | True
[QNN Partitioner Op Support]: aten.linear.default | True
[QNN Partitioner Op Support]: aten.view_copy.default | True
[QNN Partitioner Op Support]: aten.permute_copy.default | True
[QNN Partitioner Op Support]: aten.permute_copy.default | True
[QNN Partitioner Op Support]: aten.permute_copy.default | True
[QNN Partitioner Op Support]: aten.view_copy.default | True
[QNN Partitioner Op Support]: aten.bmm.default | True
[QNN Partitioner Op Support]: aten.view_copy.default | True
[QNN Partitioner Op Support]: aten.view_copy.default | True
[QNN Partitioner Op Support]: aten._safe_softmax.default | True
[QNN Partitioner Op Support]: aten.add.Tensor | True
[QNN Partitioner Op Support]: aten.view_copy.default | True
[QNN Partitioner Op Support]: aten.bmm.default | True
[QNN Partitioner Op Support]: aten.view_copy.default | True
[QNN Partitioner Op Support]: aten.view_copy.default | True
[QNN Partitioner Op Support]: aten.mul.Tensor | True
[QNN Partitioner Op Support]: aten.permute_copy.default | True
[QNN Partitioner Op Support]: aten.mul.Tensor | True
[QNN Partitioner Op Support]: aten.view_copy.default | True
[QNN Partitioner Op Support]: aten.view_copy.default | True
[QNN Partitioner Op Support]: aten.view_copy.default | True
[QNN Partitioner Op Support]: aten.view_copy.default | True
[QNN Partitioner Op Support]: aten.permute_copy.default | True
[QNN Partitioner Op Support]: aten.view_copy.default | True
[QNN Partitioner Op Support]: aten.permute_copy.default | True
[QNN Partitioner Op Support]: aten.view_copy.default | True
[QNN Partitioner Op Support]: aten.permute_copy.default | True
[QNN Partitioner Op Support]: aten.view_copy.default | True
[QNN Partitioner Op Support]: aten.view_copy.default | True
[QNN Partitioner Op Support]: aten.linear.default | True
[QNN Partitioner Op Support]: aten.view_copy.default | True
[QNN Partitioner Op Support]: aten.linear.default | True
[QNN Partitioner Op Support]: aten.view_copy.default | True
[QNN Partitioner Op Support]: aten.linear.default | True
[QNN Partitioner Op Support]: aten.split_with_sizes_copy.default | True
[QNN Partitioner Op Support]: aten.cat.default | True
[QNN Partitioner Op Support]: aten.view_copy.default | True
[QNN Partitioner Op Support]: aten.view_copy.default | True
[QNN Partitioner Op Support]: aten.view_copy.default | True
[QNN Partitioner Op Support]: aten.permute_copy.default | True
[QNN Partitioner Op Support]: aten.view_copy.default | True
[QNN Partitioner Op Support]: aten.mul.Tensor | True
[QNN Partitioner Op Support]: aten.view_copy.default | True
[QNN Partitioner Op Support]: aten.add.Tensor | True
[QNN Partitioner Op Support]: aten.mul.Tensor | True
[QNN Partitioner Op Support]: aten.sub.Tensor | True
[QNN Partitioner Op Support]: aten.mul.Tensor | True
[QNN Partitioner Op Support]: aten.split_with_sizes_copy.default | True
[QNN Partitioner Op Support]: aten.sigmoid.default | True
[QNN Partitioner Op Support]: aten.sum.dim_IntList | True
[QNN Partitioner Op Support]: aten.view_copy.default | True
[QNN Partitioner Op Support]: aten.view_copy.default | True
[QNN Partitioner Op Support]: aten.linear.default | True
[QNN Partitioner Op Support]: aten.view_copy.default | True
[QNN Partitioner Op Support]: aten.permute_copy.default | True
[QNN Partitioner Op Support]: aten.view_copy.default | True
[QNN Partitioner Op Support]: aten.native_layer_norm.default | True
[QNN Partitioner Op Support]: aten.add.Tensor | True
[QNN Partitioner Op Support]: aten.view_copy.default | True
[QNN Partitioner Op Support]: aten.linear.default | True
[QNN Partitioner Op Support]: aten.view_copy.default | True
[QNN Partitioner Op Support]: aten.gelu.default | True
[QNN Partitioner Op Support]: aten.view_copy.default | True
[QNN Partitioner Op Support]: aten.linear.default | True
[QNN Partitioner Op Support]: aten.view_copy.default | True
[QNN Partitioner Op Support]: aten.native_layer_norm.default | True
[QNN Partitioner Op Support]: aten.add.Tensor | True
[QNN Partitioner Op Support]: aten.permute_copy.default | True
[QNN Partitioner Op Support]: aten.view_copy.default | True
[QNN Partitioner Op Support]: aten.linear.default | True
[QNN Partitioner Op Support]: aten.view_copy.default | True
[QNN Partitioner Op Support]: aten.permute_copy.default | True
[QNN Partitioner Op Support]: aten.permute_copy.default | True
[QNN Partitioner Op Support]: aten.permute_copy.default | True
[QNN Partitioner Op Support]: aten.view_copy.default | True
[QNN Partitioner Op Support]: aten.bmm.default | True
[QNN Partitioner Op Support]: aten.view_copy.default | True
[QNN Partitioner Op Support]: aten.view_copy.default | True
[QNN Partitioner Op Support]: aten._safe_softmax.default | True
[QNN Partitioner Op Support]: aten.add.Tensor | True
[QNN Partitioner Op Support]: aten.view_copy.default | True
[QNN Partitioner Op Support]: aten.bmm.default | True
[QNN Partitioner Op Support]: aten.view_copy.default | True
[QNN Partitioner Op Support]: aten.view_copy.default | True
[QNN Partitioner Op Support]: aten.mul.Tensor | True
[QNN Partitioner Op Support]: aten.permute_copy.default | True
[QNN Partitioner Op Support]: aten.mul.Tensor | True
[QNN Partitioner Op Support]: aten.view_copy.default | True
[QNN Partitioner Op Support]: aten.view_copy.default | True
[QNN Partitioner Op Support]: aten.view_copy.default | True
[QNN Partitioner Op Support]: aten.view_copy.default | True
[QNN Partitioner Op Support]: aten.permute_copy.default | True
[QNN Partitioner Op Support]: aten.view_copy.default | True
[QNN Partitioner Op Support]: aten.permute_copy.default | True
[QNN Partitioner Op Support]: aten.view_copy.default | True
[QNN Partitioner Op Support]: aten.permute_copy.default | True
[QNN Partitioner Op Support]: aten.view_copy.default | True
[QNN Partitioner Op Support]: aten.view_copy.default | True
[QNN Partitioner Op Support]: aten.linear.default | True
[QNN Partitioner Op Support]: aten.view_copy.default | True
[QNN Partitioner Op Support]: aten.linear.default | True
[QNN Partitioner Op Support]: aten.view_copy.default | True
[QNN Partitioner Op Support]: aten.linear.default | True
[QNN Partitioner Op Support]: aten.split_with_sizes_copy.default | True
[QNN Partitioner Op Support]: aten.cat.default | True
[QNN Partitioner Op Support]: aten.view_copy.default | True
[QNN Partitioner Op Support]: aten.view_copy.default | True
[QNN Partitioner Op Support]: aten.view_copy.default | True
[QNN Partitioner Op Support]: aten.permute_copy.default | True
[QNN Partitioner Op Support]: aten.view_copy.default | True
[QNN Partitioner Op Support]: aten.mul.Tensor | True
[QNN Partitioner Op Support]: aten.view_copy.default | True
[QNN Partitioner Op Support]: aten.add.Tensor | True
[QNN Partitioner Op Support]: aten.mul.Tensor | True
[QNN Partitioner Op Support]: aten.sub.Tensor | True
[QNN Partitioner Op Support]: aten.mul.Tensor | True
[QNN Partitioner Op Support]: aten.split_with_sizes_copy.default | True
[QNN Partitioner Op Support]: aten.sigmoid.default | True
[QNN Partitioner Op Support]: aten.sum.dim_IntList | True
[QNN Partitioner Op Support]: aten.view_copy.default | True
[QNN Partitioner Op Support]: aten.view_copy.default | True
[QNN Partitioner Op Support]: aten.linear.default | True
[QNN Partitioner Op Support]: aten.view_copy.default | True
[QNN Partitioner Op Support]: aten.permute_copy.default | True
[QNN Partitioner Op Support]: aten.view_copy.default | True
[QNN Partitioner Op Support]: aten.native_layer_norm.default | True
[QNN Partitioner Op Support]: aten.add.Tensor | True
[QNN Partitioner Op Support]: aten.view_copy.default | True
[QNN Partitioner Op Support]: aten.linear.default | True
[QNN Partitioner Op Support]: aten.view_copy.default | True
[QNN Partitioner Op Support]: aten.gelu.default | True
[QNN Partitioner Op Support]: aten.view_copy.default | True
[QNN Partitioner Op Support]: aten.linear.default | True
[QNN Partitioner Op Support]: aten.view_copy.default | True
[QNN Partitioner Op Support]: aten.native_layer_norm.default | True
[QNN Partitioner Op Support]: aten.add.Tensor | True
[QNN Partitioner Op Support]: aten.permute_copy.default | True
[QNN Partitioner Op Support]: aten.view_copy.default | True
[QNN Partitioner Op Support]: aten.linear.default | True
[QNN Partitioner Op Support]: aten.view_copy.default | True
[QNN Partitioner Op Support]: aten.permute_copy.default | True
[QNN Partitioner Op Support]: aten.permute_copy.default | True
[QNN Partitioner Op Support]: aten.permute_copy.default | True
[QNN Partitioner Op Support]: aten.view_copy.default | True
[QNN Partitioner Op Support]: aten.bmm.default | True
[QNN Partitioner Op Support]: aten.view_copy.default | True
[QNN Partitioner Op Support]: aten.view_copy.default | True
[QNN Partitioner Op Support]: aten._safe_softmax.default | True
[QNN Partitioner Op Support]: aten.add.Tensor | True
[QNN Partitioner Op Support]: aten.view_copy.default | True
[QNN Partitioner Op Support]: aten.bmm.default | True
[QNN Partitioner Op Support]: aten.view_copy.default | True
[QNN Partitioner Op Support]: aten.view_copy.default | True
[QNN Partitioner Op Support]: aten.mul.Tensor | True
[QNN Partitioner Op Support]: aten.permute_copy.default | True
[QNN Partitioner Op Support]: aten.mul.Tensor | True
[QNN Partitioner Op Support]: aten.view_copy.default | True
[QNN Partitioner Op Support]: aten.view_copy.default | True
[QNN Partitioner Op Support]: aten.view_copy.default | True
[QNN Partitioner Op Support]: aten.view_copy.default | True
[QNN Partitioner Op Support]: aten.permute_copy.default | True
[QNN Partitioner Op Support]: aten.view_copy.default | True
[QNN Partitioner Op Support]: aten.permute_copy.default | True
[QNN Partitioner Op Support]: aten.view_copy.default | True
[QNN Partitioner Op Support]: aten.permute_copy.default | True
[QNN Partitioner Op Support]: aten.view_copy.default | True
[QNN Partitioner Op Support]: aten.view_copy.default | True
[QNN Partitioner Op Support]: aten.linear.default | True
[QNN Partitioner Op Support]: aten.view_copy.default | True
[QNN Partitioner Op Support]: aten.linear.default | True
[QNN Partitioner Op Support]: aten.view_copy.default | True
[QNN Partitioner Op Support]: aten.linear.default | True
[QNN Partitioner Op Support]: aten.split_with_sizes_copy.default | True
[QNN Partitioner Op Support]: aten.cat.default | True
[QNN Partitioner Op Support]: aten.view_copy.default | True
[QNN Partitioner Op Support]: aten.view_copy.default | True
[QNN Partitioner Op Support]: aten.view_copy.default | True
[QNN Partitioner Op Support]: aten.permute_copy.default | True
[QNN Partitioner Op Support]: aten.view_copy.default | True
[QNN Partitioner Op Support]: aten.mul.Tensor | True
[QNN Partitioner Op Support]: aten.view_copy.default | True
[QNN Partitioner Op Support]: aten.add.Tensor | True
[QNN Partitioner Op Support]: aten.mul.Tensor | True
[QNN Partitioner Op Support]: aten.sub.Tensor | True
[QNN Partitioner Op Support]: aten.mul.Tensor | True
[QNN Partitioner Op Support]: aten.split_with_sizes_copy.default | True
[QNN Partitioner Op Support]: aten.sigmoid.default | True
[QNN Partitioner Op Support]: aten.sum.dim_IntList | True
[QNN Partitioner Op Support]: aten.view_copy.default | True
[QNN Partitioner Op Support]: aten.view_copy.default | True
[QNN Partitioner Op Support]: aten.linear.default | True
[QNN Partitioner Op Support]: aten.view_copy.default | True
[QNN Partitioner Op Support]: aten.permute_copy.default | True
[QNN Partitioner Op Support]: aten.view_copy.default | True
[QNN Partitioner Op Support]: aten.native_layer_norm.default | True
[QNN Partitioner Op Support]: aten.add.Tensor | True
[QNN Partitioner Op Support]: aten.view_copy.default | True
[QNN Partitioner Op Support]: aten.linear.default | True
[QNN Partitioner Op Support]: aten.view_copy.default | True
[QNN Partitioner Op Support]: aten.gelu.default | True
[QNN Partitioner Op Support]: aten.view_copy.default | True
[QNN Partitioner Op Support]: aten.linear.default | True
[QNN Partitioner Op Support]: aten.view_copy.default | True
[QNN Partitioner Op Support]: aten.native_layer_norm.default | True
[QNN Partitioner Op Support]: aten.add.Tensor | True
[QNN Partitioner Op Support]: aten.permute_copy.default | True
[QNN Partitioner Op Support]: aten.view_copy.default | True
[QNN Partitioner Op Support]: aten.linear.default | True
[QNN Partitioner Op Support]: aten.view_copy.default | True
[QNN Partitioner Op Support]: aten.permute_copy.default | True
[QNN Partitioner Op Support]: aten.permute_copy.default | True
[QNN Partitioner Op Support]: aten.permute_copy.default | True
[QNN Partitioner Op Support]: aten.view_copy.default | True
[QNN Partitioner Op Support]: aten.bmm.default | True
[QNN Partitioner Op Support]: aten.view_copy.default | True
[QNN Partitioner Op Support]: aten.view_copy.default | True
[QNN Partitioner Op Support]: aten._safe_softmax.default | True
[QNN Partitioner Op Support]: aten.add.Tensor | True
[QNN Partitioner Op Support]: aten.view_copy.default | True
[QNN Partitioner Op Support]: aten.bmm.default | True
[QNN Partitioner Op Support]: aten.view_copy.default | True
[QNN Partitioner Op Support]: aten.view_copy.default | True
[QNN Partitioner Op Support]: aten.mul.Tensor | True
[QNN Partitioner Op Support]: aten.permute_copy.default | True
[QNN Partitioner Op Support]: aten.mul.Tensor | True
[QNN Partitioner Op Support]: aten.view_copy.default | True
[QNN Partitioner Op Support]: aten.view_copy.default | True
[QNN Partitioner Op Support]: aten.view_copy.default | True
[QNN Partitioner Op Support]: aten.view_copy.default | True
[QNN Partitioner Op Support]: aten.permute_copy.default | True
[QNN Partitioner Op Support]: aten.view_copy.default | True
[QNN Partitioner Op Support]: aten.permute_copy.default | True
[QNN Partitioner Op Support]: aten.view_copy.default | True
[QNN Partitioner Op Support]: aten.permute_copy.default | True
[QNN Partitioner Op Support]: aten.view_copy.default | True
[QNN Partitioner Op Support]: aten.view_copy.default | True
[QNN Partitioner Op Support]: aten.linear.default | True
[QNN Partitioner Op Support]: aten.view_copy.default | True
[QNN Partitioner Op Support]: aten.linear.default | True
[QNN Partitioner Op Support]: aten.view_copy.default | True
[QNN Partitioner Op Support]: aten.linear.default | True
[QNN Partitioner Op Support]: aten.split_with_sizes_copy.default | True
[QNN Partitioner Op Support]: aten.cat.default | True
[QNN Partitioner Op Support]: aten.view_copy.default | True
[QNN Partitioner Op Support]: aten.view_copy.default | True
[QNN Partitioner Op Support]: aten.view_copy.default | True
[QNN Partitioner Op Support]: aten.permute_copy.default | True
[QNN Partitioner Op Support]: aten.view_copy.default | True
[QNN Partitioner Op Support]: aten.mul.Tensor | True
[QNN Partitioner Op Support]: aten.view_copy.default | True
[QNN Partitioner Op Support]: aten.add.Tensor | True
[QNN Partitioner Op Support]: aten.mul.Tensor | True
[QNN Partitioner Op Support]: aten.sub.Tensor | True
[QNN Partitioner Op Support]: aten.mul.Tensor | True
[QNN Partitioner Op Support]: aten.split_with_sizes_copy.default | True
[QNN Partitioner Op Support]: aten.sigmoid.default | True
[QNN Partitioner Op Support]: aten.sum.dim_IntList | True
[QNN Partitioner Op Support]: aten.view_copy.default | True
[QNN Partitioner Op Support]: aten.view_copy.default | True
[QNN Partitioner Op Support]: aten.linear.default | True
[QNN Partitioner Op Support]: aten.view_copy.default | True
[QNN Partitioner Op Support]: aten.permute_copy.default | True
[QNN Partitioner Op Support]: aten.view_copy.default | True
[QNN Partitioner Op Support]: aten.native_layer_norm.default | True
[QNN Partitioner Op Support]: aten.add.Tensor | True
[QNN Partitioner Op Support]: aten.view_copy.default | True
[QNN Partitioner Op Support]: aten.linear.default | True
[QNN Partitioner Op Support]: aten.view_copy.default | True
[QNN Partitioner Op Support]: aten.gelu.default | True
[QNN Partitioner Op Support]: aten.view_copy.default | True
[QNN Partitioner Op Support]: aten.linear.default | True
[QNN Partitioner Op Support]: aten.view_copy.default | True
[QNN Partitioner Op Support]: aten.native_layer_norm.default | True
[QNN Partitioner Op Support]: aten.add.Tensor | True
[QNN Partitioner Op Support]: aten.permute_copy.default | True
[QNN Partitioner Op Support]: aten.view_copy.default | True
[QNN Partitioner Op Support]: aten.linear.default | True
[QNN Partitioner Op Support]: aten.view_copy.default | True
[QNN Partitioner Op Support]: aten.permute_copy.default | True
[QNN Partitioner Op Support]: aten.permute_copy.default | True
[QNN Partitioner Op Support]: aten.permute_copy.default | True
[QNN Partitioner Op Support]: aten.view_copy.default | True
[QNN Partitioner Op Support]: aten.bmm.default | True
[QNN Partitioner Op Support]: aten.view_copy.default | True
[QNN Partitioner Op Support]: aten.view_copy.default | True
[QNN Partitioner Op Support]: aten._safe_softmax.default | True
[QNN Partitioner Op Support]: aten.add.Tensor | True
[QNN Partitioner Op Support]: aten.view_copy.default | True
[QNN Partitioner Op Support]: aten.bmm.default | True
[QNN Partitioner Op Support]: aten.view_copy.default | True
[QNN Partitioner Op Support]: aten.view_copy.default | True
[QNN Partitioner Op Support]: aten.mul.Tensor | True
[QNN Partitioner Op Support]: aten.permute_copy.default | True
[QNN Partitioner Op Support]: aten.mul.Tensor | True
[QNN Partitioner Op Support]: aten.view_copy.default | True
[QNN Partitioner Op Support]: aten.view_copy.default | True
[QNN Partitioner Op Support]: aten.view_copy.default | True
[QNN Partitioner Op Support]: aten.view_copy.default | True
[QNN Partitioner Op Support]: aten.permute_copy.default | True
[QNN Partitioner Op Support]: aten.view_copy.default | True
[QNN Partitioner Op Support]: aten.permute_copy.default | True
[QNN Partitioner Op Support]: aten.view_copy.default | True
[QNN Partitioner Op Support]: aten.permute_copy.default | True
[QNN Partitioner Op Support]: aten.view_copy.default | True
[QNN Partitioner Op Support]: aten.view_copy.default | True
[QNN Partitioner Op Support]: aten.linear.default | True
[QNN Partitioner Op Support]: aten.view_copy.default | True
[QNN Partitioner Op Support]: aten.linear.default | True
[QNN Partitioner Op Support]: aten.view_copy.default | True
[QNN Partitioner Op Support]: aten.linear.default | True
[QNN Partitioner Op Support]: aten.split_with_sizes_copy.default | True
[QNN Partitioner Op Support]: aten.cat.default | True
[QNN Partitioner Op Support]: aten.view_copy.default | True
[QNN Partitioner Op Support]: aten.view_copy.default | True
[QNN Partitioner Op Support]: aten.view_copy.default | True
[QNN Partitioner Op Support]: aten.permute_copy.default | True
[QNN Partitioner Op Support]: aten.view_copy.default | True
[QNN Partitioner Op Support]: aten.mul.Tensor | True
[QNN Partitioner Op Support]: aten.view_copy.default | True
[QNN Partitioner Op Support]: aten.add.Tensor | True
[QNN Partitioner Op Support]: aten.mul.Tensor | True
[QNN Partitioner Op Support]: aten.sub.Tensor | True
[QNN Partitioner Op Support]: aten.mul.Tensor | True
[QNN Partitioner Op Support]: aten.split_with_sizes_copy.default | True
[QNN Partitioner Op Support]: aten.sigmoid.default | True
[QNN Partitioner Op Support]: aten.sum.dim_IntList | True
[QNN Partitioner Op Support]: aten.view_copy.default | True
[QNN Partitioner Op Support]: aten.view_copy.default | True
[QNN Partitioner Op Support]: aten.linear.default | True
[QNN Partitioner Op Support]: aten.view_copy.default | True
[QNN Partitioner Op Support]: aten.permute_copy.default | True
[QNN Partitioner Op Support]: aten.view_copy.default | True
[QNN Partitioner Op Support]: aten.native_layer_norm.default | True
[QNN Partitioner Op Support]: aten.add.Tensor | True
[QNN Partitioner Op Support]: aten.view_copy.default | True
[QNN Partitioner Op Support]: aten.linear.default | True
[QNN Partitioner Op Support]: aten.view_copy.default | True
[QNN Partitioner Op Support]: aten.gelu.default | True
[QNN Partitioner Op Support]: aten.view_copy.default | True
[QNN Partitioner Op Support]: aten.linear.default | True
[QNN Partitioner Op Support]: aten.view_copy.default | True
[QNN Partitioner Op Support]: aten.native_layer_norm.default | True
[QNN Partitioner Op Support]: aten.add.Tensor | True
[QNN Partitioner Op Support]: aten.permute_copy.default | True
[QNN Partitioner Op Support]: aten.view_copy.default | True
[QNN Partitioner Op Support]: aten.linear.default | True
[QNN Partitioner Op Support]: aten.view_copy.default | True
[QNN Partitioner Op Support]: aten.permute_copy.default | True
[QNN Partitioner Op Support]: aten.permute_copy.default | True
[QNN Partitioner Op Support]: aten.permute_copy.default | True
[QNN Partitioner Op Support]: aten.view_copy.default | True
[QNN Partitioner Op Support]: aten.bmm.default | True
[QNN Partitioner Op Support]: aten.view_copy.default | True
[QNN Partitioner Op Support]: aten.view_copy.default | True
[QNN Partitioner Op Support]: aten._safe_softmax.default | True
[QNN Partitioner Op Support]: aten.add.Tensor | True
[QNN Partitioner Op Support]: aten.view_copy.default | True
[QNN Partitioner Op Support]: aten.bmm.default | True
[QNN Partitioner Op Support]: aten.view_copy.default | True
[QNN Partitioner Op Support]: aten.view_copy.default | True
[QNN Partitioner Op Support]: aten.mul.Tensor | True
[QNN Partitioner Op Support]: aten.permute_copy.default | True
[QNN Partitioner Op Support]: aten.mul.Tensor | True
[QNN Partitioner Op Support]: aten.view_copy.default | True
[QNN Partitioner Op Support]: aten.view_copy.default | True
[QNN Partitioner Op Support]: aten.view_copy.default | True
[QNN Partitioner Op Support]: aten.view_copy.default | True
[QNN Partitioner Op Support]: aten.permute_copy.default | True
[QNN Partitioner Op Support]: aten.view_copy.default | True
[QNN Partitioner Op Support]: aten.permute_copy.default | True
[QNN Partitioner Op Support]: aten.view_copy.default | True
[QNN Partitioner Op Support]: aten.permute_copy.default | True
[QNN Partitioner Op Support]: aten.view_copy.default | True
[QNN Partitioner Op Support]: aten.view_copy.default | True
[QNN Partitioner Op Support]: aten.linear.default | True
[QNN Partitioner Op Support]: aten.view_copy.default | True
[QNN Partitioner Op Support]: aten.linear.default | True
[QNN Partitioner Op Support]: aten.view_copy.default | True
[QNN Partitioner Op Support]: aten.linear.default | True
[QNN Partitioner Op Support]: aten.split_with_sizes_copy.default | True
[QNN Partitioner Op Support]: aten.cat.default | True
[QNN Partitioner Op Support]: aten.view_copy.default | True
[QNN Partitioner Op Support]: aten.view_copy.default | True
[QNN Partitioner Op Support]: aten.view_copy.default | True
[QNN Partitioner Op Support]: aten.permute_copy.default | True
[QNN Partitioner Op Support]: aten.view_copy.default | True
[QNN Partitioner Op Support]: aten.mul.Tensor | True
[QNN Partitioner Op Support]: aten.view_copy.default | True
[QNN Partitioner Op Support]: aten.add.Tensor | True
[QNN Partitioner Op Support]: aten.mul.Tensor | True
[QNN Partitioner Op Support]: aten.sub.Tensor | True
[QNN Partitioner Op Support]: aten.mul.Tensor | True
[QNN Partitioner Op Support]: aten.split_with_sizes_copy.default | True
[QNN Partitioner Op Support]: aten.sigmoid.default | True
[QNN Partitioner Op Support]: aten.sum.dim_IntList | True
[QNN Partitioner Op Support]: aten.view_copy.default | True
[QNN Partitioner Op Support]: aten.view_copy.default | True
[QNN Partitioner Op Support]: aten.linear.default | True
[QNN Partitioner Op Support]: aten.view_copy.default | True
[QNN Partitioner Op Support]: aten.permute_copy.default | True
[QNN Partitioner Op Support]: aten.view_copy.default | True
[QNN Partitioner Op Support]: aten.native_layer_norm.default | True
[QNN Partitioner Op Support]: aten.add.Tensor | True
[QNN Partitioner Op Support]: aten.view_copy.default | True
[QNN Partitioner Op Support]: aten.linear.default | True
[QNN Partitioner Op Support]: aten.view_copy.default | True
[QNN Partitioner Op Support]: aten.gelu.default | True
[QNN Partitioner Op Support]: aten.view_copy.default | True
[QNN Partitioner Op Support]: aten.linear.default | True
[QNN Partitioner Op Support]: aten.view_copy.default | True
[QNN Partitioner Op Support]: aten.native_layer_norm.default | True
[QNN Partitioner Op Support]: aten.add.Tensor | True
[QNN Partitioner Op Support]: aten.permute_copy.default | True
[QNN Partitioner Op Support]: aten.view_copy.default | True
[QNN Partitioner Op Support]: aten.linear.default | True
[QNN Partitioner Op Support]: aten.view_copy.default | True
[QNN Partitioner Op Support]: aten.permute_copy.default | True
[QNN Partitioner Op Support]: aten.permute_copy.default | True
[QNN Partitioner Op Support]: aten.permute_copy.default | True
[QNN Partitioner Op Support]: aten.view_copy.default | True
[QNN Partitioner Op Support]: aten.bmm.default | True
[QNN Partitioner Op Support]: aten.view_copy.default | True
[QNN Partitioner Op Support]: aten.view_copy.default | True
[QNN Partitioner Op Support]: aten._safe_softmax.default | True
[QNN Partitioner Op Support]: aten.add.Tensor | True
[QNN Partitioner Op Support]: aten.view_copy.default | True
[QNN Partitioner Op Support]: aten.bmm.default | True
[QNN Partitioner Op Support]: aten.view_copy.default | True
[QNN Partitioner Op Support]: aten.view_copy.default | True
[QNN Partitioner Op Support]: aten.mul.Tensor | True
[QNN Partitioner Op Support]: aten.permute_copy.default | True
[QNN Partitioner Op Support]: aten.mul.Tensor | True
[QNN Partitioner Op Support]: aten.view_copy.default | True
[QNN Partitioner Op Support]: aten.view_copy.default | True
[QNN Partitioner Op Support]: aten.view_copy.default | True
[QNN Partitioner Op Support]: aten.view_copy.default | True
[QNN Partitioner Op Support]: aten.permute_copy.default | True
[QNN Partitioner Op Support]: aten.view_copy.default | True
[QNN Partitioner Op Support]: aten.permute_copy.default | True
[QNN Partitioner Op Support]: aten.view_copy.default | True
[QNN Partitioner Op Support]: aten.permute_copy.default | True
[QNN Partitioner Op Support]: aten.view_copy.default | True
[QNN Partitioner Op Support]: aten.view_copy.default | True
[QNN Partitioner Op Support]: aten.linear.default | True
[QNN Partitioner Op Support]: aten.view_copy.default | True
[QNN Partitioner Op Support]: aten.linear.default | True
[QNN Partitioner Op Support]: aten.view_copy.default | True
[QNN Partitioner Op Support]: aten.linear.default | True
[QNN Partitioner Op Support]: aten.split_with_sizes_copy.default | True
[QNN Partitioner Op Support]: aten.cat.default | True
[QNN Partitioner Op Support]: aten.view_copy.default | True
[QNN Partitioner Op Support]: aten.view_copy.default | True
[QNN Partitioner Op Support]: aten.view_copy.default | True
[QNN Partitioner Op Support]: aten.permute_copy.default | True
[QNN Partitioner Op Support]: aten.view_copy.default | True
[QNN Partitioner Op Support]: aten.mul.Tensor | True
[QNN Partitioner Op Support]: aten.view_copy.default | True
[QNN Partitioner Op Support]: aten.add.Tensor | True
[QNN Partitioner Op Support]: aten.mul.Tensor | True
[QNN Partitioner Op Support]: aten.sub.Tensor | True
[QNN Partitioner Op Support]: aten.mul.Tensor | True
[QNN Partitioner Op Support]: aten.split_with_sizes_copy.default | True
[QNN Partitioner Op Support]: aten.sigmoid.default | True
[QNN Partitioner Op Support]: aten.sum.dim_IntList | True
[QNN Partitioner Op Support]: aten.view_copy.default | True
[QNN Partitioner Op Support]: aten.view_copy.default | True
[QNN Partitioner Op Support]: aten.linear.default | True
[QNN Partitioner Op Support]: aten.view_copy.default | True
[QNN Partitioner Op Support]: aten.permute_copy.default | True
[QNN Partitioner Op Support]: aten.view_copy.default | True
[QNN Partitioner Op Support]: aten.native_layer_norm.default | True
[QNN Partitioner Op Support]: aten.add.Tensor | True
[QNN Partitioner Op Support]: aten.view_copy.default | True
[QNN Partitioner Op Support]: aten.linear.default | True
[QNN Partitioner Op Support]: aten.view_copy.default | True
[QNN Partitioner Op Support]: aten.gelu.default | True
[QNN Partitioner Op Support]: aten.view_copy.default | True
[QNN Partitioner Op Support]: aten.linear.default | True
[QNN Partitioner Op Support]: aten.view_copy.default | True
[QNN Partitioner Op Support]: aten.native_layer_norm.default | True
[QNN Partitioner Op Support]: aten.add.Tensor | True
[QNN Partitioner Op Support]: aten.permute_copy.default | True
[QNN Partitioner Op Support]: aten.view_copy.default | True
[QNN Partitioner Op Support]: aten.linear.default | True
[QNN Partitioner Op Support]: aten.view_copy.default | True
[QNN Partitioner Op Support]: aten.permute_copy.default | True
[QNN Partitioner Op Support]: aten.permute_copy.default | True
[QNN Partitioner Op Support]: aten.permute_copy.default | True
[QNN Partitioner Op Support]: aten.view_copy.default | True
[QNN Partitioner Op Support]: aten.bmm.default | True
[QNN Partitioner Op Support]: aten.view_copy.default | True
[QNN Partitioner Op Support]: aten.view_copy.default | True
[QNN Partitioner Op Support]: aten._safe_softmax.default | True
[QNN Partitioner Op Support]: aten.add.Tensor | True
[QNN Partitioner Op Support]: aten.view_copy.default | True
[QNN Partitioner Op Support]: aten.bmm.default | True
[QNN Partitioner Op Support]: aten.view_copy.default | True
[QNN Partitioner Op Support]: aten.view_copy.default | True
[QNN Partitioner Op Support]: aten.mul.Tensor | True
[QNN Partitioner Op Support]: aten.permute_copy.default | True
[QNN Partitioner Op Support]: aten.mul.Tensor | True
[QNN Partitioner Op Support]: aten.view_copy.default | True
[QNN Partitioner Op Support]: aten.view_copy.default | True
[QNN Partitioner Op Support]: aten.view_copy.default | True
[QNN Partitioner Op Support]: aten.view_copy.default | True
[QNN Partitioner Op Support]: aten.permute_copy.default | True
[QNN Partitioner Op Support]: aten.view_copy.default | True
[QNN Partitioner Op Support]: aten.permute_copy.default | True
[QNN Partitioner Op Support]: aten.view_copy.default | True
[QNN Partitioner Op Support]: aten.permute_copy.default | True
[QNN Partitioner Op Support]: aten.view_copy.default | True
[QNN Partitioner Op Support]: aten.view_copy.default | True
[QNN Partitioner Op Support]: aten.linear.default | True
[QNN Partitioner Op Support]: aten.view_copy.default | True
[QNN Partitioner Op Support]: aten.linear.default | True
[QNN Partitioner Op Support]: aten.view_copy.default | True
[QNN Partitioner Op Support]: aten.linear.default | True
[QNN Partitioner Op Support]: aten.split_with_sizes_copy.default | True
[QNN Partitioner Op Support]: aten.cat.default | True
[QNN Partitioner Op Support]: aten.view_copy.default | True
[QNN Partitioner Op Support]: aten.view_copy.default | True
[QNN Partitioner Op Support]: aten.view_copy.default | True
[QNN Partitioner Op Support]: aten.permute_copy.default | True
[QNN Partitioner Op Support]: aten.view_copy.default | True
[QNN Partitioner Op Support]: aten.mul.Tensor | True
[QNN Partitioner Op Support]: aten.view_copy.default | True
[QNN Partitioner Op Support]: aten.add.Tensor | True
[QNN Partitioner Op Support]: aten.mul.Tensor | True
[QNN Partitioner Op Support]: aten.sub.Tensor | True
[QNN Partitioner Op Support]: aten.mul.Tensor | True
[QNN Partitioner Op Support]: aten.split_with_sizes_copy.default | True
[QNN Partitioner Op Support]: aten.sigmoid.default | True
[QNN Partitioner Op Support]: aten.sum.dim_IntList | True
[QNN Partitioner Op Support]: aten.view_copy.default | True
[QNN Partitioner Op Support]: aten.view_copy.default | True
[QNN Partitioner Op Support]: aten.linear.default | True
[QNN Partitioner Op Support]: aten.view_copy.default | True
[QNN Partitioner Op Support]: aten.permute_copy.default | True
[QNN Partitioner Op Support]: aten.view_copy.default | True
[QNN Partitioner Op Support]: aten.native_layer_norm.default | True
[QNN Partitioner Op Support]: aten.add.Tensor | True
[QNN Partitioner Op Support]: aten.view_copy.default | True
[QNN Partitioner Op Support]: aten.linear.default | True
[QNN Partitioner Op Support]: aten.view_copy.default | True
[QNN Partitioner Op Support]: aten.gelu.default | True
[QNN Partitioner Op Support]: aten.view_copy.default | True
[QNN Partitioner Op Support]: aten.linear.default | True
[QNN Partitioner Op Support]: aten.view_copy.default | True
[QNN Partitioner Op Support]: aten.native_layer_norm.default | True
[QNN Partitioner Op Support]: aten.add.Tensor | True
[QNN Partitioner Op Support]: aten.permute_copy.default | True
[QNN Partitioner Op Support]: aten.view_copy.default | True
[QNN Partitioner Op Support]: aten.linear.default | True
[QNN Partitioner Op Support]: aten.view_copy.default | True
[QNN Partitioner Op Support]: aten.permute_copy.default | True
[QNN Partitioner Op Support]: aten.permute_copy.default | True
[QNN Partitioner Op Support]: aten.permute_copy.default | True
[QNN Partitioner Op Support]: aten.view_copy.default | True
[QNN Partitioner Op Support]: aten.bmm.default | True
[QNN Partitioner Op Support]: aten.view_copy.default | True
[QNN Partitioner Op Support]: aten.view_copy.default | True
[QNN Partitioner Op Support]: aten._safe_softmax.default | True
[QNN Partitioner Op Support]: aten.add.Tensor | True
[QNN Partitioner Op Support]: aten.view_copy.default | True
[QNN Partitioner Op Support]: aten.bmm.default | True
[QNN Partitioner Op Support]: aten.view_copy.default | True
[QNN Partitioner Op Support]: aten.view_copy.default | True
[QNN Partitioner Op Support]: aten.mul.Tensor | True
[QNN Partitioner Op Support]: aten.permute_copy.default | True
[QNN Partitioner Op Support]: aten.mul.Tensor | True
[QNN Partitioner Op Support]: aten.view_copy.default | True
[QNN Partitioner Op Support]: aten.view_copy.default | True
[QNN Partitioner Op Support]: aten.view_copy.default | True
[QNN Partitioner Op Support]: aten.view_copy.default | True
[QNN Partitioner Op Support]: aten.permute_copy.default | True
[QNN Partitioner Op Support]: aten.view_copy.default | True
[QNN Partitioner Op Support]: aten.permute_copy.default | True
[QNN Partitioner Op Support]: aten.view_copy.default | True
[QNN Partitioner Op Support]: aten.permute_copy.default | True
[QNN Partitioner Op Support]: aten.view_copy.default | True
[QNN Partitioner Op Support]: aten.view_copy.default | True
[QNN Partitioner Op Support]: aten.linear.default | True
[QNN Partitioner Op Support]: aten.view_copy.default | True
[QNN Partitioner Op Support]: aten.linear.default | True
[QNN Partitioner Op Support]: aten.view_copy.default | True
[QNN Partitioner Op Support]: aten.linear.default | True
[QNN Partitioner Op Support]: aten.split_with_sizes_copy.default | True
[QNN Partitioner Op Support]: aten.cat.default | True
[QNN Partitioner Op Support]: aten.view_copy.default | True
[QNN Partitioner Op Support]: aten.view_copy.default | True
[QNN Partitioner Op Support]: aten.view_copy.default | True
[QNN Partitioner Op Support]: aten.permute_copy.default | True
[QNN Partitioner Op Support]: aten.view_copy.default | True
[QNN Partitioner Op Support]: aten.mul.Tensor | True
[QNN Partitioner Op Support]: aten.view_copy.default | True
[QNN Partitioner Op Support]: aten.add.Tensor | True
[QNN Partitioner Op Support]: aten.mul.Tensor | True
[QNN Partitioner Op Support]: aten.sub.Tensor | True
[QNN Partitioner Op Support]: aten.mul.Tensor | True
[QNN Partitioner Op Support]: aten.split_with_sizes_copy.default | True
[QNN Partitioner Op Support]: aten.sigmoid.default | True
[QNN Partitioner Op Support]: aten.sum.dim_IntList | True
[QNN Partitioner Op Support]: aten.view_copy.default | True
[QNN Partitioner Op Support]: aten.view_copy.default | True
[QNN Partitioner Op Support]: aten.linear.default | True
[QNN Partitioner Op Support]: aten.view_copy.default | True
[QNN Partitioner Op Support]: aten.permute_copy.default | True
[QNN Partitioner Op Support]: aten.view_copy.default | True
[QNN Partitioner Op Support]: aten.native_layer_norm.default | True
[QNN Partitioner Op Support]: aten.add.Tensor | True
[QNN Partitioner Op Support]: aten.view_copy.default | True
[QNN Partitioner Op Support]: aten.linear.default | True
[QNN Partitioner Op Support]: aten.view_copy.default | True
[QNN Partitioner Op Support]: aten.gelu.default | True
[QNN Partitioner Op Support]: aten.view_copy.default | True
[QNN Partitioner Op Support]: aten.linear.default | True
[QNN Partitioner Op Support]: aten.view_copy.default | True
[QNN Partitioner Op Support]: aten.native_layer_norm.default | True
[QNN Partitioner Op Support]: aten.add.Tensor | True
[QNN Partitioner Op Support]: aten.permute_copy.default | True
[QNN Partitioner Op Support]: aten.view_copy.default | True
[QNN Partitioner Op Support]: aten.linear.default | True
[QNN Partitioner Op Support]: aten.view_copy.default | True
[QNN Partitioner Op Support]: aten.permute_copy.default | True
[QNN Partitioner Op Support]: aten.permute_copy.default | True
[QNN Partitioner Op Support]: aten.permute_copy.default | True
[QNN Partitioner Op Support]: aten.view_copy.default | True
[QNN Partitioner Op Support]: aten.bmm.default | True
[QNN Partitioner Op Support]: aten.view_copy.default | True
[QNN Partitioner Op Support]: aten.view_copy.default | True
[QNN Partitioner Op Support]: aten._safe_softmax.default | True
[QNN Partitioner Op Support]: aten.add.Tensor | True
[QNN Partitioner Op Support]: aten.view_copy.default | True
[QNN Partitioner Op Support]: aten.bmm.default | True
[QNN Partitioner Op Support]: aten.view_copy.default | True
[QNN Partitioner Op Support]: aten.view_copy.default | True
[QNN Partitioner Op Support]: aten.mul.Tensor | True
[QNN Partitioner Op Support]: aten.permute_copy.default | True
[QNN Partitioner Op Support]: aten.mul.Tensor | True
[QNN Partitioner Op Support]: aten.view_copy.default | True
[QNN Partitioner Op Support]: aten.view_copy.default | True
[QNN Partitioner Op Support]: aten.view_copy.default | True
[QNN Partitioner Op Support]: aten.view_copy.default | True
[QNN Partitioner Op Support]: aten.permute_copy.default | True
[QNN Partitioner Op Support]: aten.view_copy.default | True
[QNN Partitioner Op Support]: aten.permute_copy.default | True
[QNN Partitioner Op Support]: aten.view_copy.default | True
[QNN Partitioner Op Support]: aten.permute_copy.default | True
[QNN Partitioner Op Support]: aten.view_copy.default | True
[QNN Partitioner Op Support]: aten.view_copy.default | True
[QNN Partitioner Op Support]: aten.linear.default | True
[QNN Partitioner Op Support]: aten.view_copy.default | True
[QNN Partitioner Op Support]: aten.linear.default | True
[QNN Partitioner Op Support]: aten.view_copy.default | True
[QNN Partitioner Op Support]: aten.linear.default | True
[QNN Partitioner Op Support]: aten.split_with_sizes_copy.default | True
[QNN Partitioner Op Support]: aten.cat.default | True
[QNN Partitioner Op Support]: aten.view_copy.default | True
[QNN Partitioner Op Support]: aten.view_copy.default | True
[QNN Partitioner Op Support]: aten.view_copy.default | True
[QNN Partitioner Op Support]: aten.permute_copy.default | True
[QNN Partitioner Op Support]: aten.view_copy.default | True
[QNN Partitioner Op Support]: aten.mul.Tensor | True
[QNN Partitioner Op Support]: aten.view_copy.default | True
[QNN Partitioner Op Support]: aten.add.Tensor | True
[QNN Partitioner Op Support]: aten.mul.Tensor | True
[QNN Partitioner Op Support]: aten.sub.Tensor | True
[QNN Partitioner Op Support]: aten.mul.Tensor | True
[QNN Partitioner Op Support]: aten.split_with_sizes_copy.default | True
[QNN Partitioner Op Support]: aten.sigmoid.default | True
[QNN Partitioner Op Support]: aten.sum.dim_IntList | True
[QNN Partitioner Op Support]: aten.view_copy.default | True
[QNN Partitioner Op Support]: aten.view_copy.default | True
[QNN Partitioner Op Support]: aten.linear.default | True
[QNN Partitioner Op Support]: aten.view_copy.default | True
[QNN Partitioner Op Support]: aten.permute_copy.default | True
[QNN Partitioner Op Support]: aten.view_copy.default | True
[QNN Partitioner Op Support]: aten.native_layer_norm.default | True
[QNN Partitioner Op Support]: aten.add.Tensor | True
[QNN Partitioner Op Support]: aten.view_copy.default | True
[QNN Partitioner Op Support]: aten.linear.default | True
[QNN Partitioner Op Support]: aten.view_copy.default | True
[QNN Partitioner Op Support]: aten.gelu.default | True
[QNN Partitioner Op Support]: aten.view_copy.default | True
[QNN Partitioner Op Support]: aten.linear.default | True
[QNN Partitioner Op Support]: aten.view_copy.default | True
[QNN Partitioner Op Support]: aten.native_layer_norm.default | True
[QNN Partitioner Op Support]: aten.add.Tensor | True
[QNN Partitioner Op Support]: aten.permute_copy.default | True
[QNN Partitioner Op Support]: aten.view_copy.default | True
[QNN Partitioner Op Support]: aten.linear.default | True
[QNN Partitioner Op Support]: aten.view_copy.default | True
[QNN Partitioner Op Support]: aten.permute_copy.default | True
[QNN Partitioner Op Support]: aten.permute_copy.default | True
[QNN Partitioner Op Support]: aten.permute_copy.default | True
[QNN Partitioner Op Support]: aten.view_copy.default | True
[QNN Partitioner Op Support]: aten.bmm.default | True
[QNN Partitioner Op Support]: aten.view_copy.default | True
[QNN Partitioner Op Support]: aten.view_copy.default | True
[QNN Partitioner Op Support]: aten._safe_softmax.default | True
[QNN Partitioner Op Support]: aten.add.Tensor | True
[QNN Partitioner Op Support]: aten.view_copy.default | True
[QNN Partitioner Op Support]: aten.bmm.default | True
[QNN Partitioner Op Support]: aten.view_copy.default | True
[QNN Partitioner Op Support]: aten.view_copy.default | True
[QNN Partitioner Op Support]: aten.mul.Tensor | True
[QNN Partitioner Op Support]: aten.permute_copy.default | True
[QNN Partitioner Op Support]: aten.mul.Tensor | True
[QNN Partitioner Op Support]: aten.view_copy.default | True
[QNN Partitioner Op Support]: aten.view_copy.default | True
[QNN Partitioner Op Support]: aten.view_copy.default | True
[QNN Partitioner Op Support]: aten.view_copy.default | True
[QNN Partitioner Op Support]: aten.permute_copy.default | True
[QNN Partitioner Op Support]: aten.view_copy.default | True
[QNN Partitioner Op Support]: aten.permute_copy.default | True
[QNN Partitioner Op Support]: aten.view_copy.default | True
[QNN Partitioner Op Support]: aten.permute_copy.default | True
[QNN Partitioner Op Support]: aten.view_copy.default | True
[QNN Partitioner Op Support]: aten.view_copy.default | True
[QNN Partitioner Op Support]: aten.linear.default | True
[QNN Partitioner Op Support]: aten.view_copy.default | True
[QNN Partitioner Op Support]: aten.linear.default | True
[QNN Partitioner Op Support]: aten.view_copy.default | True
[QNN Partitioner Op Support]: aten.linear.default | True
[QNN Partitioner Op Support]: aten.split_with_sizes_copy.default | True
[QNN Partitioner Op Support]: aten.cat.default | True
[QNN Partitioner Op Support]: aten.view_copy.default | True
[QNN Partitioner Op Support]: aten.view_copy.default | True
[QNN Partitioner Op Support]: aten.view_copy.default | True
[QNN Partitioner Op Support]: aten.permute_copy.default | True
[QNN Partitioner Op Support]: aten.view_copy.default | True
[QNN Partitioner Op Support]: aten.mul.Tensor | True
[QNN Partitioner Op Support]: aten.view_copy.default | True
[QNN Partitioner Op Support]: aten.add.Tensor | True
[QNN Partitioner Op Support]: aten.mul.Tensor | True
[QNN Partitioner Op Support]: aten.sub.Tensor | True
[QNN Partitioner Op Support]: aten.mul.Tensor | True
[QNN Partitioner Op Support]: aten.split_with_sizes_copy.default | True
[QNN Partitioner Op Support]: aten.sigmoid.default | True
[QNN Partitioner Op Support]: aten.sum.dim_IntList | True
[QNN Partitioner Op Support]: aten.view_copy.default | True
[QNN Partitioner Op Support]: aten.view_copy.default | True
[QNN Partitioner Op Support]: aten.linear.default | True
[QNN Partitioner Op Support]: aten.view_copy.default | True
[QNN Partitioner Op Support]: aten.permute_copy.default | True
[QNN Partitioner Op Support]: aten.view_copy.default | True
[QNN Partitioner Op Support]: aten.native_layer_norm.default | True
[QNN Partitioner Op Support]: aten.add.Tensor | True
[QNN Partitioner Op Support]: aten.view_copy.default | True
[QNN Partitioner Op Support]: aten.linear.default | True
[QNN Partitioner Op Support]: aten.view_copy.default | True
[QNN Partitioner Op Support]: aten.gelu.default | True
[QNN Partitioner Op Support]: aten.view_copy.default | True
[QNN Partitioner Op Support]: aten.linear.default | True
[QNN Partitioner Op Support]: aten.view_copy.default | True
[QNN Partitioner Op Support]: aten.native_layer_norm.default | True
[QNN Partitioner Op Support]: aten.add.Tensor | True
[QNN Partitioner Op Support]: aten.permute_copy.default | True
[QNN Partitioner Op Support]: aten.view_copy.default | True
[QNN Partitioner Op Support]: aten.linear.default | True
[QNN Partitioner Op Support]: aten.view_copy.default | True
[QNN Partitioner Op Support]: aten.permute_copy.default | True
[QNN Partitioner Op Support]: aten.permute_copy.default | True
[QNN Partitioner Op Support]: aten.permute_copy.default | True
[QNN Partitioner Op Support]: aten.view_copy.default | True
[QNN Partitioner Op Support]: aten.bmm.default | True
[QNN Partitioner Op Support]: aten.view_copy.default | True
[QNN Partitioner Op Support]: aten.view_copy.default | True
[QNN Partitioner Op Support]: aten._safe_softmax.default | True
[QNN Partitioner Op Support]: aten.add.Tensor | True
[QNN Partitioner Op Support]: aten.view_copy.default | True
[QNN Partitioner Op Support]: aten.bmm.default | True
[QNN Partitioner Op Support]: aten.view_copy.default | True
[QNN Partitioner Op Support]: aten.view_copy.default | True
[QNN Partitioner Op Support]: aten.mul.Tensor | True
[QNN Partitioner Op Support]: aten.permute_copy.default | True
[QNN Partitioner Op Support]: aten.mul.Tensor | True
[QNN Partitioner Op Support]: aten.view_copy.default | True
[QNN Partitioner Op Support]: aten.view_copy.default | True
[QNN Partitioner Op Support]: aten.view_copy.default | True
[QNN Partitioner Op Support]: aten.view_copy.default | True
[QNN Partitioner Op Support]: aten.permute_copy.default | True
[QNN Partitioner Op Support]: aten.view_copy.default | True
[QNN Partitioner Op Support]: aten.permute_copy.default | True
[QNN Partitioner Op Support]: aten.view_copy.default | True
[QNN Partitioner Op Support]: aten.permute_copy.default | True
[QNN Partitioner Op Support]: aten.view_copy.default | True
[QNN Partitioner Op Support]: aten.view_copy.default | True
[QNN Partitioner Op Support]: aten.linear.default | True
[QNN Partitioner Op Support]: aten.view_copy.default | True
[QNN Partitioner Op Support]: aten.linear.default | True
[QNN Partitioner Op Support]: aten.view_copy.default | True
[QNN Partitioner Op Support]: aten.linear.default | True
[QNN Partitioner Op Support]: aten.split_with_sizes_copy.default | True
[QNN Partitioner Op Support]: aten.cat.default | True
[QNN Partitioner Op Support]: aten.view_copy.default | True
[QNN Partitioner Op Support]: aten.view_copy.default | True
[QNN Partitioner Op Support]: aten.view_copy.default | True
[QNN Partitioner Op Support]: aten.permute_copy.default | True
[QNN Partitioner Op Support]: aten.view_copy.default | True
[QNN Partitioner Op Support]: aten.mul.Tensor | True
[QNN Partitioner Op Support]: aten.view_copy.default | True
[QNN Partitioner Op Support]: aten.add.Tensor | True
[QNN Partitioner Op Support]: aten.mul.Tensor | True
[QNN Partitioner Op Support]: aten.sub.Tensor | True
[QNN Partitioner Op Support]: aten.mul.Tensor | True
[QNN Partitioner Op Support]: aten.split_with_sizes_copy.default | True
[QNN Partitioner Op Support]: aten.sigmoid.default | True
[QNN Partitioner Op Support]: aten.sum.dim_IntList | True
[QNN Partitioner Op Support]: aten.view_copy.default | True
[QNN Partitioner Op Support]: aten.view_copy.default | True
[QNN Partitioner Op Support]: aten.linear.default | True
[QNN Partitioner Op Support]: aten.view_copy.default | True
[QNN Partitioner Op Support]: aten.permute_copy.default | True
[QNN Partitioner Op Support]: aten.view_copy.default | True
[QNN Partitioner Op Support]: aten.native_layer_norm.default | True
[QNN Partitioner Op Support]: aten.add.Tensor | True
[QNN Partitioner Op Support]: aten.view_copy.default | True
[QNN Partitioner Op Support]: aten.linear.default | True
[QNN Partitioner Op Support]: aten.view_copy.default | True
[QNN Partitioner Op Support]: aten.gelu.default | True
[QNN Partitioner Op Support]: aten.view_copy.default | True
[QNN Partitioner Op Support]: aten.linear.default | True
[QNN Partitioner Op Support]: aten.view_copy.default | True
[QNN Partitioner Op Support]: aten.native_layer_norm.default | True
[QNN Partitioner Op Support]: aten.add.Tensor | True
[QNN Partitioner Op Support]: aten.permute_copy.default | True
[QNN Partitioner Op Support]: aten.view_copy.default | True
[QNN Partitioner Op Support]: aten.linear.default | True
[QNN Partitioner Op Support]: aten.view_copy.default | True
[QNN Partitioner Op Support]: aten.permute_copy.default | True
[QNN Partitioner Op Support]: aten.permute_copy.default | True
[QNN Partitioner Op Support]: aten.permute_copy.default | True
[QNN Partitioner Op Support]: aten.view_copy.default | True
[QNN Partitioner Op Support]: aten.bmm.default | True
[QNN Partitioner Op Support]: aten.view_copy.default | True
[QNN Partitioner Op Support]: aten.view_copy.default | True
[QNN Partitioner Op Support]: aten._safe_softmax.default | True
[QNN Partitioner Op Support]: aten.add.Tensor | True
[QNN Partitioner Op Support]: aten.view_copy.default | True
[QNN Partitioner Op Support]: aten.bmm.default | True
[QNN Partitioner Op Support]: aten.view_copy.default | True
[QNN Partitioner Op Support]: aten.view_copy.default | True
[QNN Partitioner Op Support]: aten.mul.Tensor | True
[QNN Partitioner Op Support]: aten.permute_copy.default | True
[QNN Partitioner Op Support]: aten.mul.Tensor | True
[QNN Partitioner Op Support]: aten.view_copy.default | True
[QNN Partitioner Op Support]: aten.view_copy.default | True
[QNN Partitioner Op Support]: aten.view_copy.default | True
[QNN Partitioner Op Support]: aten.view_copy.default | True
[QNN Partitioner Op Support]: aten.permute_copy.default | True
[QNN Partitioner Op Support]: aten.view_copy.default | True
[QNN Partitioner Op Support]: aten.permute_copy.default | True
[QNN Partitioner Op Support]: aten.view_copy.default | True
[QNN Partitioner Op Support]: aten.permute_copy.default | True
[QNN Partitioner Op Support]: aten.view_copy.default | True
[QNN Partitioner Op Support]: aten.view_copy.default | True
[QNN Partitioner Op Support]: aten.linear.default | True
[QNN Partitioner Op Support]: aten.view_copy.default | True
[QNN Partitioner Op Support]: aten.linear.default | True
[QNN Partitioner Op Support]: aten.view_copy.default | True
[QNN Partitioner Op Support]: aten.linear.default | True
[QNN Partitioner Op Support]: aten.split_with_sizes_copy.default | True
[QNN Partitioner Op Support]: aten.cat.default | True
[QNN Partitioner Op Support]: aten.view_copy.default | True
[QNN Partitioner Op Support]: aten.view_copy.default | True
[QNN Partitioner Op Support]: aten.view_copy.default | True
[QNN Partitioner Op Support]: aten.permute_copy.default | True
[QNN Partitioner Op Support]: aten.view_copy.default | True
[QNN Partitioner Op Support]: aten.mul.Tensor | True
[QNN Partitioner Op Support]: aten.view_copy.default | True
[QNN Partitioner Op Support]: aten.add.Tensor | True
[QNN Partitioner Op Support]: aten.mul.Tensor | True
[QNN Partitioner Op Support]: aten.sub.Tensor | True
[QNN Partitioner Op Support]: aten.mul.Tensor | True
[QNN Partitioner Op Support]: aten.split_with_sizes_copy.default | True
[QNN Partitioner Op Support]: aten.sigmoid.default | True
[QNN Partitioner Op Support]: aten.sum.dim_IntList | True
[QNN Partitioner Op Support]: aten.view_copy.default | True
[QNN Partitioner Op Support]: aten.view_copy.default | True
[QNN Partitioner Op Support]: aten.linear.default | True[ERROR] [Qnn ExecuTorch]:  <E> QnnBackend_validateOpConfig failed 3110

[ERROR] [Qnn ExecuTorch]:  <E> Failed to validate op aten_minimum_default with error 0xc26

[WARNING] [Qnn ExecuTorch]: Qnn Backend op validation failed with error: 3110
[ERROR] [Qnn ExecuTorch]:  <E> QnnBackend_validateOpConfig failed 3110

[ERROR] [Qnn ExecuTorch]:  <E> Failed to validate op aten_abs_default with error 0xc26

[WARNING] [Qnn ExecuTorch]: Qnn Backend op validation failed with error: 3110

[QNN Partitioner Op Support]: aten.view_copy.default | True
[QNN Partitioner Op Support]: aten.permute_copy.default | True
[QNN Partitioner Op Support]: aten.view_copy.default | True
[QNN Partitioner Op Support]: aten.view_copy.default | True
[QNN Partitioner Op Support]: aten.unsqueeze_copy.default | True
[QNN Partitioner Op Support]: aten.permute_copy.default | True
[QNN Partitioner Op Support]: aten.embedding.default | True
[QNN Partitioner Op Support]: aten.add.Tensor | True
[QNN Partitioner Op Support]: aten.where.self | True
[QNN Partitioner Op Support]: aten.minimum.default | False
[QNN Partitioner Op Support]: aten._to_copy.default | True
[QNN Partitioner Op Support]: dim_order_ops._to_dim_order_copy.default | True
[QNN Partitioner Op Support]: aten.add.Tensor | True
[QNN Partitioner Op Support]: aten.mul.Tensor | True
[QNN Partitioner Op Support]: aten.div.Tensor | True
[QNN Partitioner Op Support]: aten.log.default | True
[QNN Partitioner Op Support]: aten.div.Tensor | True
[QNN Partitioner Op Support]: dim_order_ops._to_dim_order_copy.default | True
[QNN Partitioner Op Support]: aten.lt.Tensor | True
[QNN Partitioner Op Support]: aten.abs.default | False
[QNN Partitioner Op Support]: aten.mul.Tensor | True
[QNN Partitioner Op Support]: aten._to_copy.default | True
[QNN Partitioner Op Support]: dim_order_ops._to_dim_order_copy.default | True
[QNN Partitioner Op Support]: aten.gt.Tensor | True
[QNN Partitioner Op Support]: aten.sub.Tensor | True
[QNN Partitioner Op Support]: aten.unsqueeze_copy.default | True
[QNN Partitioner Op Support]: aten._to_copy.default | True
[QNN Partitioner Op Support]: aten.arange.start_step | Skipped
[QNN Partitioner Op Support]: aten.unsqueeze_copy.default | True
[QNN Partitioner Op Support]: aten._to_copy.default | True
[QNN Partitioner Op Support]: aten.arange.start_step | Skipped
[QNN Partitioner Op Support]: aten.native_layer_norm.default | True
[QNN Partitioner Op Support]: aten.add.Tensor | True
[QNN Partitioner Op Support]: aten.permute_copy.default | True
[QNN Partitioner Op Support]: aten.gelu.default | True
[QNN Partitioner Op Support]: aten.slice_copy.Tensor | True
[QNN Partitioner Op Support]: aten.squeeze_copy.dims | True
[QNN Partitioner Op Support]: aten.convolution.default | True
[QNN Partitioner Op Support]: aten.unsqueeze_copy.default | True
[QNN Partitioner Op Support]: aten.permute_copy.default | True
[QNN Partitioner Op Support]: aten.view_copy.default | True
[QNN Partitioner Op Support]: aten.linear.default | True
[QNN Partitioner Op Support]: aten.view_copy.default | True
[QNN Partitioner Op Support]: aten.native_layer_norm.default | True
[QNN Partitioner Op Support]: aten.permute_copy.default | True
[QNN Partitioner Op Support]: aten.gelu.default | True
[QNN Partitioner Op Support]: aten.permute_copy.default | True
[QNN Partitioner Op Support]: aten.native_layer_norm.default | True
[QNN Partitioner Op Support]: aten.permute_copy.default | True
[QNN Partitioner Op Support]: aten.squeeze_copy.dims | True
[QNN Partitioner Op Support]: aten.convolution.default | True
[QNN Partitioner Op Support]: aten.unsqueeze_copy.default | True
[QNN Partitioner Op Support]: aten.gelu.default | True
[QNN Partitioner Op Support]: aten.permute_copy.default | True
[QNN Partitioner Op Support]: aten.native_layer_norm.default | True
[QNN Partitioner Op Support]: aten.permute_copy.default | True
[QNN Partitioner Op Support]: aten.squeeze_copy.dims | True
[QNN Partitioner Op Support]: aten.convolution.default | True
[QNN Partitioner Op Support]: aten.unsqueeze_copy.default | True
[QNN Partitioner Op Support]: aten.gelu.default | True
[QNN Partitioner Op Support]: aten.permute_copy.default | True
[QNN Partitioner Op Support]: aten.native_layer_norm.default | True
[QNN Partitioner Op Support]: aten.permute_copy.default | True
[QNN Partitioner Op Support]: aten.squeeze_copy.dims | True
[QNN Partitioner Op Support]: aten.convolution.default | True
[QNN Partitioner Op Support]: aten.unsqueeze_copy.default | True
[QNN Partitioner Op Support]: aten.gelu.default | True
[QNN Partitioner Op Support]: aten.permute_copy.default | True
[QNN Partitioner Op Support]: aten.native_layer_norm.default | True
[QNN Partitioner Op Support]: aten.permute_copy.default | True
[QNN Partitioner Op Support]: aten.squeeze_copy.dims | True
[QNN Partitioner Op Support]: aten.convolution.default | True
[QNN Partitioner Op Support]: aten.unsqueeze_copy.default | True
[QNN Partitioner Op Support]: aten.gelu.default | True
[QNN Partitioner Op Support]: aten.permute_copy.default | True
[QNN Partitioner Op Support]: aten.native_layer_norm.default | True
[QNN Partitioner Op Support]: aten.permute_copy.default | True
[QNN Partitioner Op Support]: aten.squeeze_copy.dims | True
[QNN Partitioner Op Support]: aten.convolution.default | True
[QNN Partitioner Op Support]: aten.unsqueeze_copy.default | True
[QNN Partitioner Op Support]: aten.gelu.default | True
[QNN Partitioner Op Support]: aten.permute_copy.default | True
[QNN Partitioner Op Support]: aten.native_layer_norm.default | True
[QNN Partitioner Op Support]: aten.permute_copy.default | True
[QNN Partitioner Op Support]: aten.squeeze_copy.dims | True
[QNN Partitioner Op Support]: aten.convolution.default | True
[QNN Partitioner Op Support]: aten.unsqueeze_copy.default | True
[QNN Partitioner Op Support]: aten.gelu.default | True
[QNN Partitioner Op Support]: aten.permute_copy.default | True
[QNN Partitioner Op Support]: aten.native_layer_norm.default | True
[QNN Partitioner Op Support]: aten.permute_copy.default | True
[QNN Partitioner Op Support]: aten.squeeze_copy.dims | True
[QNN Partitioner Op Support]: aten.convolution.default | True
[QNN Partitioner Op Support]: aten.unsqueeze_copy.default | True
[QNN Partitioner Op Support]: aten.unsqueeze_copy.default | True
[QNN Partitioner Op Support]: aten.div.Tensor | True
[QNN Partitioner Op Support]: aten.add.Tensor | True
[QNN Partitioner Op Support]: aten.sqrt.default | True
[QNN Partitioner Op Support]: aten.mean.dim | True
[QNN Partitioner Op Support]: aten.mul.Tensor | True
[QNN Partitioner Op Support]: aten.sub.Tensor | True
[QNN Partitioner Op Support]: aten.mean.dim | True
[QNN Partitioner Op Support]: aten.view_copy.default | True
[QNN Partitioner Op Support]: aten.view_copy.default | True
[QNN Partitioner Op Support]: aten.view_copy.default | True
[QNN Partitioner Op Support]: aten.view_copy.default | True
[QNN Partitioner Op Support]: aten.view_copy.default | True
[QNN Partitioner Op Support]: aten.view_copy.default | True
[QNN Partitioner Op Support]: aten.view_copy.default | True
[QNN Partitioner Op Support]: aten.view_copy.default | True
[QNN Partitioner Op Support]: aten.view_copy.default | True
[QNN Partitioner Op Support]: aten.view_copy.default | True
[QNN Partitioner Op Support]: aten.view_copy.default | True
[QNN Partitioner Op Support]: aten.view_copy.default | True
[QNN Partitioner Op Support]: aten.view_copy.default | True
[QNN Partitioner Op Support]: aten.view_copy.default | True
[QNN Partitioner Op Support]: aten.view_copy.default | True
[QNN Partitioner Op Support]: aten.view_copy.default | True
[QNN Partitioner Op Support]: aten.view_copy.default | True
[QNN Partitioner Op Support]: aten.view_copy.default | True
[QNN Partitioner Op Support]: aten.view_copy.default | True
[QNN Partitioner Op Support]: aten.view_copy.default | True
[QNN Partitioner Op Support]: aten.view_copy.default | True
[QNN Partitioner Op Support]: aten.view_copy.default | True
[QNN Partitioner Op Support]: aten.view_copy.default | True
[QNN Partitioner Op Support]: aten.view_copy.default | True
[QNN Partitioner Op Support]: aten.view_copy.default | True
[QNN Partitioner Op Support]: aten.view_copy.default | True
[QNN Partitioner Op Support]: aten.view_copy.default | True
[QNN Partitioner Op Support]: aten.view_copy.default | True
[QNN Partitioner Op Support]: aten.view_copy.default | True
[QNN Partitioner Op Support]: aten.view_copy.default | True
[QNN Partitioner Op Support]: aten.view_copy.default | True
[QNN Partitioner Op Support]: aten.view_copy.default | True
[QNN Partitioner Op Support]: aten.view_copy.default | True
[QNN Partitioner Op Support]: aten.view_copy.default | True[INFO 2026-06-27 11:06:49,096 qnn_partitioner.py:202] Qnn partitioner will delegate torch mutable buffer with the same I/O address during the runtime, so if your model contains mutable buffer, then you can get the better performance with skip_mutable_buffer=False. If you encounter accuracy issue during the runtime, then please set `skip_mutable_buffer=True` and try again.
/usr/local/lib/python3.11/copyreg.py:105: FutureWarning: `isinstance(treespec, LeafSpec)` is deprecated, use `isinstance(treespec, TreeSpec) and treespec.is_leaf()` instead.
  return cls.__new__(cls, *args)
[INFO] [Qnn ExecuTorch]: Initialize Qnn backend parameters for Qnn executorch backend type 2
[INFO] [Qnn ExecuTorch]: Caching: Caching is in SAVE MODE.
[INFO] [Qnn ExecuTorch]: Running level=3 optimization.
[INFO 2026-06-27 11:06:50,171 qnn_preprocess.py:172] Processing Method(0): (1/3)
[INFO 2026-06-27 11:06:50,180 qnn_preprocess.py:68] Visiting: aten__to_copy_default_3, aten._to_copy.default
[INFO 2026-06-27 11:06:50,180 qnn_preprocess.py:68] Visiting: aten__to_copy_default_4, aten._to_copy.default
[INFO 2026-06-27 11:06:50,180 qnn_preprocess.py:68] Visiting: aten_unsqueeze_copy_default_9, aten.unsqueeze_copy.default
[INFO 2026-06-27 11:06:50,180 qnn_preprocess.py:68] Visiting: aten_unsqueeze_copy_default_10, aten.unsqueeze_copy.default
[INFO 2026-06-27 11:06:50,180 qnn_preprocess.py:68] Visiting: aten_sub_tensor_1, aten.sub.Tensor

====== DDR bandwidth summary ======
spill_bytes=0
fill_bytes=0
write_total_bytes=96256
read_total_bytes=4096

[INFO] [Qnn ExecuTorch]: Destroy Qnn context
[INFO] [Qnn ExecuTorch]: Initialize Qnn backend parameters for Qnn executorch backend type 2
[INFO] [Qnn ExecuTorch]: Caching: Caching is in SAVE MODE.
[INFO] [Qnn ExecuTorch]: Running level=3 optimization.
[INFO 2026-06-27 11:06:50,294 qnn_preprocess.py:172] Processing Method(0): (2/3)
[INFO 2026-06-27 11:06:50,304 qnn_preprocess.py:68] Visiting: dim_order_ops__to_dim_order_copy_default_1, dim_order_ops._to_dim_order_copy.default
[INFO 2026-06-27 11:06:50,304 qnn_preprocess.py:68] Visiting: aten_view_copy_default_2, aten.view_copy.default
[INFO 2026-06-27 11:06:50,304 qnn_preprocess.py:68] Visiting: aten_view_copy_default_3, aten.view_copy.default
[INFO 2026-06-27 11:06:50,305 qnn_preprocess.py:68] Visiting: aten_view_copy_default_4, aten.view_copy.default
[INFO 2026-06-27 11:06:50,305 qnn_preprocess.py:68] Visiting: aten_view_copy_default_5, aten.view_copy.default
[INFO 2026-06-27 11:06:50,305 qnn_preprocess.py:68] Visiting: aten_div_tensor_1, aten.div.Tensor
[INFO 2026-06-27 11:06:50,305 qnn_preprocess.py:68] Visiting: aten_log_default, aten.log.default
[INFO 2026-06-27 11:06:50,305 qnn_preprocess.py:68] Visiting: aten_div_tensor_2, aten.div.Tensor
[INFO 2026-06-27 11:06:50,305 qnn_preprocess.py:68] Visiting: aten_mul_tensor_2, aten.mul.Tensor
[INFO 2026-06-27 11:06:50,305 qnn_preprocess.py:68] Visiting: aten_add_tensor_2, aten.add.Tensor
[INFO 2026-06-27 11:06:50,305 qnn_preprocess.py:68] Visiting: aten__to_copy_default_6, aten._to_copy.default
[INFO 2026-06-27 11:06:50,305 qnn_preprocess.py:68] Visiting: aten_full_like_default, aten.full_like.default

====== DDR bandwidth summary ======
spill_bytes=0
fill_bytes=0
write_total_bytes=92160
read_total_bytes=90112

[INFO] [Qnn ExecuTorch]: Destroy Qnn context
[INFO] [Qnn ExecuTorch]: Initialize Qnn backend parameters for Qnn executorch backend type 2
[INFO] [Qnn ExecuTorch]: Caching: Caching is in SAVE MODE.
[INFO] [Qnn ExecuTorch]: Running level=3 optimization.
[INFO 2026-06-27 11:06:50,321 qnn_preprocess.py:172] Processing Method(0): (3/3)
[INFO 2026-06-27 11:06:51,194 qnn_preprocess.py:68] Visiting: aten_mean_dim, aten.mean.dim
[INFO 2026-06-27 11:06:51,195 qnn_preprocess.py:68] Visiting: aten_cat_default, aten.cat.default
[INFO 2026-06-27 11:06:51,198 qnn_preprocess.py:68] Visiting: aten_cat_default_1, aten.cat.default
[INFO 2026-06-27 11:06:51,201 qnn_preprocess.py:68] Visiting: aten_cat_default_2, aten.cat.default
[INFO 2026-06-27 11:06:51,204 qnn_preprocess.py:68] Visiting: aten_cat_default_3, aten.cat.default
[INFO 2026-06-27 11:06:51,208 qnn_preprocess.py:68] Visiting: aten_cat_default_4, aten.cat.default
[INFO 2026-06-27 11:06:51,211 qnn_preprocess.py:68] Visiting: aten_cat_default_5, aten.cat.default
[INFO 2026-06-27 11:06:51,214 qnn_preprocess.py:68] Visiting: aten_cat_default_6, aten.cat.default
[INFO 2026-06-27 11:06:51,217 qnn_preprocess.py:68] Visiting: aten_cat_default_7, aten.cat.default
[INFO 2026-06-27 11:06:51,220 qnn_preprocess.py:68] Visiting: aten_cat_default_8, aten.cat.default
[INFO 2026-06-27 11:06:51,223 qnn_preprocess.py:68] Visiting: aten_cat_default_9, aten.cat.default
[INFO 2026-06-27 11:06:51,226 qnn_preprocess.py:68] Visiting: aten_cat_default_10, aten.cat.default
[INFO 2026-06-27 11:06:51,229 qnn_preprocess.py:68] Visiting: aten_cat_default_11, aten.cat.default
[INFO 2026-06-27 11:06:51,232 qnn_preprocess.py:68] Visiting: aten_cat_default_12, aten.cat.default
[INFO 2026-06-27 11:06:51,235 qnn_preprocess.py:68] Visiting: aten_cat_default_13, aten.cat.default
[INFO 2026-06-27 11:06:51,238 qnn_preprocess.py:68] Visiting: aten_cat_default_14, aten.cat.default
[INFO 2026-06-27 11:06:51,241 qnn_preprocess.py:68] Visiting: aten_cat_default_15, aten.cat.default
[INFO 2026-06-27 11:06:51,245 qnn_preprocess.py:68] Visiting: aten_cat_default_16, aten.cat.default
[INFO 2026-06-27 11:06:51,248 qnn_preprocess.py:68] Visiting: aten_cat_default_17, aten.cat.default
[INFO 2026-06-27 11:06:51,251 qnn_preprocess.py:68] Visiting: aten_cat_default_18, aten.cat.default
[INFO 2026-06-27 11:06:51,254 qnn_preprocess.py:68] Visiting: aten_cat_default_19, aten.cat.default
[INFO 2026-06-27 11:06:51,257 qnn_preprocess.py:68] Visiting: aten_cat_default_20, aten.cat.default
[INFO 2026-06-27 11:06:51,260 qnn_preprocess.py:68] Visiting: aten_cat_default_21, aten.cat.default
[INFO 2026-06-27 11:06:51,263 qnn_preprocess.py:68] Visiting: aten_cat_default_22, aten.cat.default
[INFO 2026-06-27 11:06:51,266 qnn_preprocess.py:68] Visiting: aten_cat_default_23, aten.cat.default
[INFO 2026-06-27 11:06:51,269 qnn_preprocess.py:68] Visiting: aten_view_copy_default, aten.view_copy.default
[INFO 2026-06-27 11:06:51,270 qnn_preprocess.py:68] Visiting: aten__to_copy_default, aten._to_copy.default
[INFO 2026-06-27 11:06:51,272 qnn_preprocess.py:68] Visiting: aten__to_copy_default_1, aten._to_copy.default
[INFO 2026-06-27 11:06:51,273 qnn_preprocess.py:68] Visiting: aten__to_copy_default_2, aten._to_copy.default
[INFO 2026-06-27 11:06:51,275 qnn_preprocess.py:68] Visiting: aten_view_copy_default_6, aten.view_copy.default
[INFO 2026-06-27 11:06:51,276 qnn_preprocess.py:68] Visiting: aten_view_copy_default_7, aten.view_copy.default
[INFO 2026-06-27 11:06:51,278 qnn_preprocess.py:68] Visiting: aten_view_copy_default_8, aten.view_copy.default
[INFO 2026-06-27 11:06:51,279 qnn_preprocess.py:68] Visiting: aten_view_copy_default_9, aten.view_copy.default
[INFO 2026-06-27 11:06:51,280 qnn_preprocess.py:68] Visiting: aten_view_copy_default_10, aten.view_copy.default
[INFO 2026-06-27 11:06:51,282 qnn_preprocess.py:68] Visiting: aten_view_copy_default_11, aten.view_copy.default
[INFO 2026-06-27 11:06:51,283 qnn_preprocess.py:68] Visiting: aten_view_copy_default_12, aten.view_copy.default
[INFO 2026-06-27 11:06:51,285 qnn_preprocess.py:68] Visiting: aten_view_copy_default_13, aten.view_copy.default
[INFO 2026-06-27 11:06:51,286 qnn_preprocess.py:68] Visiting: aten_view_copy_default_14, aten.view_copy.default
[INFO 2026-06-27 11:06:51,287 qnn_preprocess.py:68] Visiting: aten_view_copy_default_15, aten.view_copy.default
[INFO 2026-06-27 11:06:51,289 qnn_preprocess.py:68] Visiting: aten_view_copy_default_16, aten.view_copy.default
[INFO 2026-06-27 11:06:51,290 qnn_preprocess.py:68] Visiting: aten_view_copy_default_17, aten.view_copy.default
[INFO 2026-06-27 11:06:51,292 qnn_preprocess.py:68] Visiting: aten_view_copy_default_18, aten.view_copy.default
[INFO 2026-06-27 11:06:51,293 qnn_preprocess.py:68] Visiting: aten_view_copy_default_19, aten.view_copy.default
[INFO 2026-06-27 11:06:51,294 qnn_preprocess.py:68] Visiting: aten_view_copy_default_20, aten.view_copy.default
[INFO 2026-06-27 11:06:51,296 qnn_preprocess.py:68] Visiting: aten_view_copy_default_21, aten.view_copy.default
[INFO 2026-06-27 11:06:51,297 qnn_preprocess.py:68] Visiting: aten_view_copy_default_22, aten.view_copy.default
[INFO 2026-06-27 11:06:51,299 qnn_preprocess.py:68] Visiting: aten_view_copy_default_23, aten.view_copy.default
[INFO 2026-06-27 11:06:51,300 qnn_preprocess.py:68] Visiting: aten_view_copy_default_24, aten.view_copy.default
[INFO 2026-06-27 11:06:51,301 qnn_preprocess.py:68] Visiting: aten_view_copy_default_25, aten.view_copy.default
[INFO 2026-06-27 11:06:51,303 qnn_preprocess.py:68] Visiting: aten_view_copy_default_26, aten.view_copy.default
[INFO 2026-06-27 11:06:51,304 qnn_preprocess.py:68] Visiting: aten_view_copy_default_27, aten.view_copy.default
[INFO 2026-06-27 11:06:51,305 qnn_preprocess.py:68] Visiting: aten_view_copy_default_28, aten.view_copy.default
[INFO 2026-06-27 11:06:51,307 qnn_preprocess.py:68] Visiting: aten_view_copy_default_29, aten.view_copy.default
[INFO 2026-06-27 11:06:51,308 qnn_preprocess.py:68] Visiting: aten_view_copy_default_30, aten.view_copy.default
[INFO 2026-06-27 11:06:51,310 qnn_preprocess.py:68] Visiting: aten_view_copy_default_31, aten.view_copy.default
[INFO 2026-06-27 11:06:51,311 qnn_preprocess.py:68] Visiting: aten_view_copy_default_32, aten.view_copy.default
[INFO 2026-06-27 11:06:51,312 qnn_preprocess.py:68] Visiting: aten_view_copy_default_33, aten.view_copy.default
[INFO 2026-06-27 11:06:51,314 qnn_preprocess.py:68] Visiting: aten_view_copy_default_34, aten.view_copy.default
[INFO 2026-06-27 11:06:51,315 qnn_preprocess.py:68] Visiting: aten_view_copy_default_35, aten.view_copy.default
[INFO 2026-06-27 11:06:51,317 qnn_preprocess.py:68] Visiting: aten_view_copy_default_36, aten.view_copy.default
[INFO 2026-06-27 11:06:51,318 qnn_preprocess.py:68] Visiting: aten_view_copy_default_37, aten.view_copy.default
[INFO 2026-06-27 11:06:51,319 qnn_preprocess.py:68] Visiting: aten_view_copy_default_38, aten.view_copy.default
[INFO 2026-06-27 11:06:51,321 qnn_preprocess.py:68] Visiting: aten_view_copy_default_39, aten.view_copy.default
[INFO 2026-06-27 11:06:51,322 qnn_preprocess.py:68] Visiting: aten_view_copy_default_40, aten.view_copy.default
[INFO 2026-06-27 11:06:51,323 qnn_preprocess.py:68] Visiting: aten_view_copy_default_41, aten.view_copy.default
[INFO 2026-06-27 11:06:51,325 qnn_preprocess.py:68] Visiting: aten_view_copy_default_42, aten.view_copy.default
[INFO 2026-06-27 11:06:51,326 qnn_preprocess.py:68] Visiting: aten_view_copy_default_43, aten.view_copy.default
[INFO 2026-06-27 11:06:51,328 qnn_preprocess.py:68] Visiting: aten_view_copy_default_44, aten.view_copy.default
[INFO 2026-06-27 11:06:51,329 qnn_preprocess.py:68] Visiting: aten_view_copy_default_45, aten.view_copy.default
[INFO 2026-06-27 11:06:51,330 qnn_preprocess.py:68] Visiting: aten_view_copy_default_46, aten.view_copy.default
[INFO 2026-06-27 11:06:51,332 qnn_preprocess.py:68] Visiting: aten_view_copy_default_47, aten.view_copy.default
[INFO 2026-06-27 11:06:51,333 qnn_preprocess.py:68] Visiting: aten_view_copy_default_48, aten.view_copy.default
[INFO 2026-06-27 11:06:51,334 qnn_preprocess.py:68] Visiting: aten_view_copy_default_49, aten.view_copy.default
[INFO 2026-06-27 11:06:51,336 qnn_preprocess.py:68] Visiting: aten_view_copy_default_50, aten.view_copy.default
[INFO 2026-06-27 11:06:51,337 qnn_preprocess.py:68] Visiting: aten_view_copy_default_51, aten.view_copy.default
[INFO 2026-06-27 11:06:51,339 qnn_preprocess.py:68] Visiting: aten_view_copy_default_52, aten.view_copy.default
[INFO 2026-06-27 11:06:51,340 qnn_preprocess.py:68] Visiting: aten_view_copy_default_53, aten.view_copy.default
[INFO 2026-06-27 11:06:51,341 qnn_preprocess.py:68] Visiting: aten_view_copy_default_54, aten.view_copy.default
[INFO 2026-06-27 11:06:51,343 qnn_preprocess.py:68] Visiting: aten_view_copy_default_55, aten.view_copy.default
[INFO 2026-06-27 11:06:51,344 qnn_preprocess.py:68] Visiting: aten_view_copy_default_56, aten.view_copy.default
[INFO 2026-06-27 11:06:51,345 qnn_preprocess.py:68] Visiting: aten_view_copy_default_57, aten.view_copy.default
[INFO 2026-06-27 11:06:51,347 qnn_preprocess.py:68] Visiting: aten_view_copy_default_58, aten.view_copy.default
[INFO 2026-06-27 11:06:51,348 qnn_preprocess.py:68] Visiting: aten_view_copy_default_59, aten.view_copy.default
[INFO 2026-06-27 11:06:51,350 qnn_preprocess.py:68] Visiting: aten_view_copy_default_60, aten.view_copy.default
[INFO 2026-06-27 11:06:51,351 qnn_preprocess.py:68] Visiting: aten_view_copy_default_61, aten.view_copy.default
[INFO 2026-06-27 11:06:51,352 qnn_preprocess.py:68] Visiting: aten_view_copy_default_62, aten.view_copy.default
[INFO 2026-06-27 11:06:51,354 qnn_preprocess.py:68] Visiting: aten_view_copy_default_63, aten.view_copy.default
[INFO 2026-06-27 11:06:51,355 qnn_preprocess.py:68] Visiting: aten_view_copy_default_64, aten.view_copy.default
[INFO 2026-06-27 11:06:51,356 qnn_preprocess.py:68] Visiting: aten_view_copy_default_65, aten.view_copy.default
[INFO 2026-06-27 11:06:51,358 qnn_preprocess.py:68] Visiting: aten_view_copy_default_66, aten.view_copy.default
[INFO 2026-06-27 11:06:51,359 qnn_preprocess.py:68] Visiting: aten_view_copy_default_67, aten.view_copy.default
[INFO 2026-06-27 11:06:51,360 qnn_preprocess.py:68] Visiting: aten_view_copy_default_68, aten.view_copy.default
[INFO 2026-06-27 11:06:51,362 qnn_preprocess.py:68] Visiting: aten_view_copy_default_69, aten.view_copy.default
[INFO 2026-06-27 11:06:51,363 qnn_preprocess.py:68] Visiting: aten_view_copy_default_70, aten.view_copy.default
[INFO 2026-06-27 11:06:51,365 qnn_preprocess.py:68] Visiting: aten_view_copy_default_71, aten.view_copy.default
[INFO 2026-06-27 11:06:51,366 qnn_preprocess.py:68] Visiting: aten_view_copy_default_72, aten.view_copy.default
[INFO 2026-06-27 11:06:51,367 qnn_preprocess.py:68] Visiting: aten_view_copy_default_73, aten.view_copy.default
[INFO 2026-06-27 11:06:51,369 qnn_preprocess.py:68] Visiting: aten_view_copy_default_74, aten.view_copy.default
[INFO 2026-06-27 11:06:51,370 qnn_preprocess.py:68] Visiting: aten_view_copy_default_75, aten.view_copy.default
[INFO 2026-06-27 11:06:51,371 qnn_preprocess.py:68] Visiting: aten_view_copy_default_76, aten.view_copy.default
[INFO 2026-06-27 11:06:51,373 qnn_preprocess.py:68] Visiting: aten_view_copy_default_77, aten.view_copy.default
[INFO 2026-06-27 11:06:51,374 qnn_preprocess.py:68] Visiting: aten_view_copy_default_78, aten.view_copy.default
[INFO 2026-06-27 11:06:51,376 qnn_preprocess.py:68] Visiting: aten_view_copy_default_79, aten.view_copy.default
[INFO 2026-06-27 11:06:51,377 qnn_preprocess.py:68] Visiting: aten_view_copy_default_80, aten.view_copy.default
[INFO 2026-06-27 11:06:51,378 qnn_preprocess.py:68] Visiting: aten_view_copy_default_81, aten.view_copy.default
[INFO 2026-06-27 11:06:51,380 qnn_preprocess.py:68] Visiting: aten_view_copy_default_82, aten.view_copy.default
[INFO 2026-06-27 11:06:51,381 qnn_preprocess.py:68] Visiting: aten_view_copy_default_83, aten.view_copy.default
[INFO 2026-06-27 11:06:51,382 qnn_preprocess.py:68] Visiting: aten_view_copy_default_84, aten.view_copy.default
[INFO 2026-06-27 11:06:51,384 qnn_preprocess.py:68] Visiting: aten_view_copy_default_85, aten.view_copy.default
[INFO 2026-06-27 11:06:51,385 qnn_preprocess.py:68] Visiting: aten_view_copy_default_86, aten.view_copy.default
[INFO 2026-06-27 11:06:51,387 qnn_preprocess.py:68] Visiting: aten_view_copy_default_87, aten.view_copy.default
[INFO 2026-06-27 11:06:51,388 qnn_preprocess.py:68] Visiting: aten_view_copy_default_88, aten.view_copy.default
[INFO 2026-06-27 11:06:51,389 qnn_preprocess.py:68] Visiting: aten_view_copy_default_89, aten.view_copy.default
[INFO 2026-06-27 11:06:51,391 qnn_preprocess.py:68] Visiting: aten_view_copy_default_90, aten.view_copy.default
[INFO 2026-06-27 11:06:51,392 qnn_preprocess.py:68] Visiting: aten_view_copy_default_91, aten.view_copy.default
[INFO 2026-06-27 11:06:51,393 qnn_preprocess.py:68] Visiting: aten_view_copy_default_92, aten.view_copy.default
[INFO 2026-06-27 11:06:51,395 qnn_preprocess.py:68] Visiting: aten_view_copy_default_93, aten.view_copy.default
[INFO 2026-06-27 11:06:51,396 qnn_preprocess.py:68] Visiting: aten_view_copy_default_94, aten.view_copy.default
[INFO 2026-06-27 11:06:51,398 qnn_preprocess.py:68] Visiting: aten_view_copy_default_95, aten.view_copy.default
[INFO 2026-06-27 11:06:51,399 qnn_preprocess.py:68] Visiting: aten_view_copy_default_96, aten.view_copy.default
[INFO 2026-06-27 11:06:51,400 qnn_preprocess.py:68] Visiting: aten_view_copy_default_97, aten.view_copy.default
[INFO 2026-06-27 11:06:51,402 qnn_preprocess.py:68] Visiting: aten_view_copy_default_98, aten.view_copy.default
[INFO 2026-06-27 11:06:51,403 qnn_preprocess.py:68] Visiting: aten_view_copy_default_99, aten.view_copy.default
[INFO 2026-06-27 11:06:51,404 qnn_preprocess.py:68] Visiting: aten_view_copy_default_100, aten.view_copy.default
[INFO 2026-06-27 11:06:51,406 qnn_preprocess.py:68] Visiting: aten_view_copy_default_101, aten.view_copy.default
[INFO 2026-06-27 11:06:51,407 qnn_preprocess.py:68] Visiting: aten_sub_tensor, aten.sub.Tensor
[INFO 2026-06-27 11:06:51,408 qnn_preprocess.py:68] Visiting: aten_split_with_sizes_copy_default_1, aten.split_with_sizes_copy.default
[INFO 2026-06-27 11:06:51,409 qnn_preprocess.py:68] Visiting: aten_split_with_sizes_copy_default_3, aten.split_with_sizes_copy.default
[INFO 2026-06-27 11:06:51,411 qnn_preprocess.py:68] Visiting: aten_split_with_sizes_copy_default_5, aten.split_with_sizes_copy.default
[INFO 2026-06-27 11:06:51,412 qnn_preprocess.py:68] Visiting: aten_split_with_sizes_copy_default_7, aten.split_with_sizes_copy.default
[INFO 2026-06-27 11:06:51,414 qnn_preprocess.py:68] Visiting: aten_split_with_sizes_copy_default_9, aten.split_with_sizes_copy.default
[INFO 2026-06-27 11:06:51,415 qnn_preprocess.py:68] Visiting: aten_split_with_sizes_copy_default_11, aten.split_with_sizes_copy.default
[INFO 2026-06-27 11:06:51,416 qnn_preprocess.py:68] Visiting: aten_split_with_sizes_copy_default_13, aten.split_with_sizes_copy.default
[INFO 2026-06-27 11:06:51,418 qnn_preprocess.py:68] Visiting: aten_split_with_sizes_copy_default_15, aten.split_with_sizes_copy.default
[INFO 2026-06-27 11:06:51,419 qnn_preprocess.py:68] Visiting: aten_split_with_sizes_copy_default_17, aten.split_with_sizes_copy.default
[INFO 2026-06-27 11:06:51,421 qnn_preprocess.py:68] Visiting: aten_split_with_sizes_copy_default_19, aten.split_with_sizes_copy.default
[INFO 2026-06-27 11:06:51,422 qnn_preprocess.py:68] Visiting: aten_split_with_sizes_copy_default_21, aten.split_with_sizes_copy.default
[INFO 2026-06-27 11:06:51,423 qnn_preprocess.py:68] Visiting: aten_split_with_sizes_copy_default_23, aten.split_with_sizes_copy.default
[INFO 2026-06-27 11:06:51,425 qnn_preprocess.py:68] Visiting: aten_split_with_sizes_copy_default_25, aten.split_with_sizes_copy.default
[INFO 2026-06-27 11:06:51,426 qnn_preprocess.py:68] Visiting: aten_split_with_sizes_copy_default_27, aten.split_with_sizes_copy.default
[INFO 2026-06-27 11:06:51,427 qnn_preprocess.py:68] Visiting: aten_split_with_sizes_copy_default_29, aten.split_with_sizes_copy.default
[INFO 2026-06-27 11:06:51,429 qnn_preprocess.py:68] Visiting: aten_split_with_sizes_copy_default_31, aten.split_with_sizes_copy.default
[INFO 2026-06-27 11:06:51,430 qnn_preprocess.py:68] Visiting: aten_split_with_sizes_copy_default_33, aten.split_with_sizes_copy.default
[INFO 2026-06-27 11:06:51,432 qnn_preprocess.py:68] Visiting: aten_split_with_sizes_copy_default_35, aten.split_with_sizes_copy.default
[INFO 2026-06-27 11:06:51,433 qnn_preprocess.py:68] Visiting: aten_split_with_sizes_copy_default_37, aten.split_with_sizes_copy.default
[INFO 2026-06-27 11:06:51,434 qnn_preprocess.py:68] Visiting: aten_split_with_sizes_copy_default_39, aten.split_with_sizes_copy.default
[INFO 2026-06-27 11:06:51,436 qnn_preprocess.py:68] Visiting: aten_split_with_sizes_copy_default_41, aten.split_with_sizes_copy.default
[INFO 2026-06-27 11:06:51,437 qnn_preprocess.py:68] Visiting: aten_split_with_sizes_copy_default_43, aten.split_with_sizes_copy.default
[INFO 2026-06-27 11:06:51,439 qnn_preprocess.py:68] Visiting: aten_split_with_sizes_copy_default_45, aten.split_with_sizes_copy.default
[INFO 2026-06-27 11:06:51,440 qnn_preprocess.py:68] Visiting: aten_split_with_sizes_copy_default_47, aten.split_with_sizes_copy.default
[INFO 2026-06-27 11:06:51,442 qnn_preprocess.py:68] Visiting: aten_gt_tensor, aten.gt.Tensor
[INFO 2026-06-27 11:06:51,443 qnn_preprocess.py:68] Visiting: aten_view_copy_default_1, aten.view_copy.default
[INFO 2026-06-27 11:06:51,443 qnn_preprocess.py:68] Visiting: aten_lt_tensor, aten.lt.Tensor
[INFO 2026-06-27 11:06:51,445 qnn_preprocess.py:68] Visiting: aten_mul_tensor, aten.mul.Tensor
[INFO 2026-06-27 11:06:51,445 qnn_preprocess.py:68] Visiting: getitem_11, getitem
[INFO 2026-06-27 11:06:51,445 qnn_preprocess.py:68] Visiting: getitem_12, getitem
[INFO 2026-06-27 11:06:51,445 qnn_preprocess.py:68] Visiting: getitem_13, getitem
[INFO 2026-06-27 11:06:51,445 qnn_preprocess.py:68] Visiting: getitem_18, getitem
[INFO 2026-06-27 11:06:51,445 qnn_preprocess.py:68] Visiting: getitem_19, getitem
[INFO 2026-06-27 11:06:51,445 qnn_preprocess.py:68] Visiting: getitem_20, getitem
[INFO 2026-06-27 11:06:51,445 qnn_preprocess.py:68] Visiting: getitem_25, getitem
[INFO 2026-06-27 11:06:51,445 qnn_preprocess.py:68] Visiting: getitem_26, getitem
[INFO 2026-06-27 11:06:51,445 qnn_preprocess.py:68] Visiting: getitem_27, getitem
[INFO 2026-06-27 11:06:51,445 qnn_preprocess.py:68] Visiting: getitem_32, getitem
[INFO 2026-06-27 11:06:51,446 qnn_preprocess.py:68] Visiting: getitem_33, getitem
[INFO 2026-06-27 11:06:51,446 qnn_preprocess.py:68] Visiting: getitem_34, getitem
[INFO 2026-06-27 11:06:51,446 qnn_preprocess.py:68] Visiting: getitem_39, getitem
[INFO 2026-06-27 11:06:51,446 qnn_preprocess.py:68] Visiting: getitem_40, getitem
[INFO 2026-06-27 11:06:51,446 qnn_preprocess.py:68] Visiting: getitem_41, getitem
[INFO 2026-06-27 11:06:51,446 qnn_preprocess.py:68] Visiting: getitem_46, getitem
[INFO 2026-06-27 11:06:51,446 qnn_preprocess.py:68] Visiting: getitem_47, getitem
[INFO 2026-06-27 11:06:51,446 qnn_preprocess.py:68] Visiting: getitem_48, getitem
[INFO 2026-06-27 11:06:51,446 qnn_preprocess.py:68] Visiting: getitem_53, getitem
[INFO 2026-06-27 11:06:51,446 qnn_preprocess.py:68] Visiting: getitem_54, getitem
[INFO 2026-06-27 11:06:51,446 qnn_preprocess.py:68] Visiting: getitem_55, getitem
[INFO 2026-06-27 11:06:51,446 qnn_preprocess.py:68] Visiting: getitem_60, getitem
[INFO 2026-06-27 11:06:51,446 qnn_preprocess.py:68] Visiting: getitem_61, getitem
[INFO 2026-06-27 11:06:51,446 qnn_preprocess.py:68] Visiting: getitem_62, getitem
[INFO 2026-06-27 11:06:51,446 qnn_preprocess.py:68] Visiting: getitem_67, getitem
[INFO 2026-06-27 11:06:51,446 qnn_preprocess.py:68] Visiting: getitem_68, getitem
[INFO 2026-06-27 11:06:51,446 qnn_preprocess.py:68] Visiting: getitem_69, getitem
[INFO 2026-06-27 11:06:51,446 qnn_preprocess.py:68] Visiting: getitem_74, getitem
[INFO 2026-06-27 11:06:51,446 qnn_preprocess.py:68] Visiting: getitem_75, getitem
[INFO 2026-06-27 11:06:51,446 qnn_preprocess.py:68] Visiting: getitem_76, getitem
[INFO 2026-06-27 11:06:51,446 qnn_preprocess.py:68] Visiting: getitem_81, getitem
[INFO 2026-06-27 11:06:51,446 qnn_preprocess.py:68] Visiting: getitem_82, getitem
[INFO 2026-06-27 11:06:51,446 qnn_preprocess.py:68] Visiting: getitem_83, getitem
[INFO 2026-06-27 11:06:51,446 qnn_preprocess.py:68] Visiting: getitem_88, getitem
[INFO 2026-06-27 11:06:51,446 qnn_preprocess.py:68] Visiting: getitem_89, getitem
[INFO 2026-06-27 11:06:51,446 qnn_preprocess.py:68] Visiting: getitem_90, getitem
[INFO 2026-06-27 11:06:51,446 qnn_preprocess.py:68] Visiting: getitem_95, getitem
[INFO 2026-06-27 11:06:51,446 qnn_preprocess.py:68] Visiting: getitem_96, getitem
[INFO 2026-06-27 11:06:51,446 qnn_preprocess.py:68] Visiting: getitem_97, getitem
[INFO 2026-06-27 11:06:51,446 qnn_preprocess.py:68] Visiting: getitem_102, getitem
[INFO 2026-06-27 11:06:51,446 qnn_preprocess.py:68] Visiting: getitem_103, getitem
[INFO 2026-06-27 11:06:51,446 qnn_preprocess.py:68] Visiting: getitem_104, getitem
[INFO 2026-06-27 11:06:51,446 qnn_preprocess.py:68] Visiting: getitem_109, getitem
[INFO 2026-06-27 11:06:51,446 qnn_preprocess.py:68] Visiting: getitem_110, getitem
[INFO 2026-06-27 11:06:51,446 qnn_preprocess.py:68] Visiting: getitem_111, getitem
[INFO 2026-06-27 11:06:51,446 qnn_preprocess.py:68] Visiting: getitem_116, getitem
[INFO 2026-06-27 11:06:51,446 qnn_preprocess.py:68] Visiting: getitem_117, getitem
[INFO 2026-06-27 11:06:51,446 qnn_preprocess.py:68] Visiting: getitem_118, getitem
[INFO 2026-06-27 11:06:51,446 qnn_preprocess.py:68] Visiting: getitem_123, getitem
[INFO 2026-06-27 11:06:51,446 qnn_preprocess.py:68] Visiting: getitem_124, getitem
[INFO 2026-06-27 11:06:51,446 qnn_preprocess.py:68] Visiting: getitem_125, getitem
[INFO 2026-06-27 11:06:51,446 qnn_preprocess.py:68] Visiting: getitem_130, getitem
[INFO 2026-06-27 11:06:51,446 qnn_preprocess.py:68] Visiting: getitem_131, getitem
[INFO 2026-06-27 11:06:51,446 qnn_preprocess.py:68] Visiting: getitem_132, getitem
[INFO 2026-06-27 11:06:51,447 qnn_preprocess.py:68] Visiting: getitem_137, getitem
[INFO 2026-06-27 11:06:51,447 qnn_preprocess.py:68] Visiting: getitem_138, getitem
[INFO 2026-06-27 11:06:51,447 qnn_preprocess.py:68] Visiting: getitem_139, getitem
[INFO 2026-06-27 11:06:51,447 qnn_preprocess.py:68] Visiting: getitem_144, getitem
[INFO 2026-06-27 11:06:51,447 qnn_preprocess.py:68] Visiting: getitem_145, getitem
[INFO 2026-06-27 11:06:51,447 qnn_preprocess.py:68] Visiting: getitem_146, getitem
[INFO 2026-06-27 11:06:51,447 qnn_preprocess.py:68] Visiting: getitem_151, getitem
[INFO 2026-06-27 11:06:51,447 qnn_preprocess.py:68] Visiting: getitem_152, getitem
[INFO 2026-06-27 11:06:51,447 qnn_preprocess.py:68] Visiting: getitem_153, getitem
[INFO 2026-06-27 11:06:51,447 qnn_preprocess.py:68] Visiting: getitem_158, getitem
[INFO 2026-06-27 11:06:51,447 qnn_preprocess.py:68] Visiting: getitem_159, getitem
[INFO 2026-06-27 11:06:51,447 qnn_preprocess.py:68] Visiting: getitem_160, getitem
[INFO 2026-06-27 11:06:51,447 qnn_preprocess.py:68] Visiting: getitem_165, getitem
[INFO 2026-06-27 11:06:51,447 qnn_preprocess.py:68] Visiting: getitem_166, getitem
[INFO 2026-06-27 11:06:51,447 qnn_preprocess.py:68] Visiting: getitem_167, getitem
[INFO 2026-06-27 11:06:51,447 qnn_preprocess.py:68] Visiting: getitem_172, getitem
[INFO 2026-06-27 11:06:51,447 qnn_preprocess.py:68] Visiting: getitem_173, getitem
[INFO 2026-06-27 11:06:51,447 qnn_preprocess.py:68] Visiting: getitem_174, getitem
[INFO 2026-06-27 11:06:51,447 qnn_preprocess.py:68] Visiting: aten_where_self, aten.where.self
[INFO 2026-06-27 11:06:51,448 qnn_preprocess.py:68] Visiting: aten_mean_dim_1, aten.mean.dim
[INFO 2026-06-27 11:06:51,449 qnn_preprocess.py:68] Visiting: aten__to_copy_default_5, aten._to_copy.default
[INFO 2026-06-27 11:06:51,450 qnn_preprocess.py:68] Visiting: aten_sqrt_default, aten.sqrt.default
[INFO 2026-06-27 11:06:51,450 qnn_preprocess.py:68] Visiting: aten_mul_tensor_1, aten.mul.Tensor
[INFO 2026-06-27 11:06:51,451 qnn_preprocess.py:68] Visiting: aten_add_tensor, aten.add.Tensor
[INFO 2026-06-27 11:06:51,452 qnn_preprocess.py:68] Visiting: aten_add_tensor_3, aten.add.Tensor
[INFO 2026-06-27 11:06:51,453 qnn_preprocess.py:68] Visiting: aten_div_tensor, aten.div.Tensor
[INFO 2026-06-27 11:06:51,453 qnn_preprocess.py:68] Visiting: aten_embedding_default, aten.embedding.default
[INFO 2026-06-27 11:06:51,455 qnn_preprocess.py:68] Visiting: aten_unsqueeze_copy_default, aten.unsqueeze_copy.default
[INFO 2026-06-27 11:06:51,455 qnn_preprocess.py:68] Visiting: aten_permute_copy_default_17, aten.permute_copy.default
[INFO 2026-06-27 11:06:51,456 qnn_preprocess.py:68] Visiting: aten_unsqueeze_copy_default_1, aten.unsqueeze_copy.default
[INFO 2026-06-27 11:06:51,457 qnn_preprocess.py:68] Visiting: aten_permute_copy_default_258, aten.permute_copy.default
[INFO 2026-06-27 11:06:51,458 qnn_preprocess.py:68] Visiting: aten_unsqueeze_copy_default_11, aten.unsqueeze_copy.default
[INFO 2026-06-27 11:06:51,459 qnn_preprocess.py:68] Visiting: aten_convolution_default, aten.convolution.default
[INFO 2026-06-27 11:06:51,461 qnn_preprocess.py:68] Visiting: aten_permute_copy_default_259, aten.permute_copy.default
[INFO 2026-06-27 11:06:51,462 qnn_preprocess.py:68] Visiting: aten_view_copy_default_104, aten.view_copy.default
[INFO 2026-06-27 11:06:51,463 qnn_preprocess.py:68] Visiting: aten_squeeze_copy_dims, aten.squeeze_copy.dims
[INFO 2026-06-27 11:06:51,463 qnn_preprocess.py:68] Visiting: aten_permute_copy_default, aten.permute_copy.default
[INFO 2026-06-27 11:06:51,464 qnn_preprocess.py:68] Visiting: aten_native_layer_norm_default, aten.native_layer_norm.default
[INFO 2026-06-27 11:06:51,466 qnn_preprocess.py:68] Visiting: getitem, getitem
[INFO 2026-06-27 11:06:51,466 qnn_preprocess.py:68] Visiting: aten_permute_copy_default_1, aten.permute_copy.default
[INFO 2026-06-27 11:06:51,467 qnn_preprocess.py:68] Visiting: aten_gelu_default, aten.gelu.default
[INFO 2026-06-27 11:06:51,467 qnn_preprocess.py:68] Visiting: aten_unsqueeze_copy_default_2, aten.unsqueeze_copy.default
[INFO 2026-06-27 11:06:51,468 qnn_preprocess.py:68] Visiting: aten_permute_copy_default_260, aten.permute_copy.default
[INFO 2026-06-27 11:06:51,469 qnn_preprocess.py:68] Visiting: aten_convolution_default_1, aten.convolution.default
[INFO 2026-06-27 11:06:51,471 qnn_preprocess.py:68] Visiting: aten_permute_copy_default_261, aten.permute_copy.default
[INFO 2026-06-27 11:06:51,473 qnn_preprocess.py:68] Visiting: aten_squeeze_copy_dims_1, aten.squeeze_copy.dims
[INFO 2026-06-27 11:06:51,473 qnn_preprocess.py:68] Visiting: aten_permute_copy_default_2, aten.permute_copy.default
[INFO 2026-06-27 11:06:51,474 qnn_preprocess.py:68] Visiting: aten_native_layer_norm_default_1, aten.native_layer_norm.default
[INFO 2026-06-27 11:06:51,476 qnn_preprocess.py:68] Visiting: getitem_1, getitem
[INFO 2026-06-27 11:06:51,476 qnn_preprocess.py:68] Visiting: aten_permute_copy_default_3, aten.permute_copy.default
[INFO 2026-06-27 11:06:51,477 qnn_preprocess.py:68] Visiting: aten_gelu_default_1, aten.gelu.default
[INFO 2026-06-27 11:06:51,478 qnn_preprocess.py:68] Visiting: aten_unsqueeze_copy_default_3, aten.unsqueeze_copy.default
[INFO 2026-06-27 11:06:51,478 qnn_preprocess.py:68] Visiting: aten_permute_copy_default_262, aten.permute_copy.default
[INFO 2026-06-27 11:06:51,479 qnn_preprocess.py:68] Visiting: aten_convolution_default_2, aten.convolution.default
[INFO 2026-06-27 11:06:51,482 qnn_preprocess.py:68] Visiting: aten_permute_copy_default_263, aten.permute_copy.default
[INFO 2026-06-27 11:06:51,483 qnn_preprocess.py:68] Visiting: aten_squeeze_copy_dims_2, aten.squeeze_copy.dims
[INFO 2026-06-27 11:06:51,484 qnn_preprocess.py:68] Visiting: aten_permute_copy_default_4, aten.permute_copy.default
[INFO 2026-06-27 11:06:51,485 qnn_preprocess.py:68] Visiting: aten_native_layer_norm_default_2, aten.native_layer_norm.default
[INFO 2026-06-27 11:06:51,487 qnn_preprocess.py:68] Visiting: getitem_2, getitem
[INFO 2026-06-27 11:06:51,487 qnn_preprocess.py:68] Visiting: aten_permute_copy_default_5, aten.permute_copy.default
[INFO 2026-06-27 11:06:51,488 qnn_preprocess.py:68] Visiting: aten_gelu_default_2, aten.gelu.default
[INFO 2026-06-27 11:06:51,488 qnn_preprocess.py:68] Visiting: aten_unsqueeze_copy_default_4, aten.unsqueeze_copy.default
[INFO 2026-06-27 11:06:51,489 qnn_preprocess.py:68] Visiting: aten_permute_copy_default_264, aten.permute_copy.default
[INFO 2026-06-27 11:06:51,489 qnn_preprocess.py:68] Visiting: aten_convolution_default_3, aten.convolution.default
[INFO 2026-06-27 11:06:51,493 qnn_preprocess.py:68] Visiting: aten_permute_copy_default_265, aten.permute_copy.default
[INFO 2026-06-27 11:06:51,494 qnn_preprocess.py:68] Visiting: aten_squeeze_copy_dims_3, aten.squeeze_copy.dims
[INFO 2026-06-27 11:06:51,495 qnn_preprocess.py:68] Visiting: aten_permute_copy_default_6, aten.permute_copy.default
[INFO 2026-06-27 11:06:51,495 qnn_preprocess.py:68] Visiting: aten_native_layer_norm_default_3, aten.native_layer_norm.default
[INFO 2026-06-27 11:06:51,498 qnn_preprocess.py:68] Visiting: getitem_3, getitem
[INFO 2026-06-27 11:06:51,498 qnn_preprocess.py:68] Visiting: aten_permute_copy_default_7, aten.permute_copy.default
[INFO 2026-06-27 11:06:51,498 qnn_preprocess.py:68] Visiting: aten_gelu_default_3, aten.gelu.default
[INFO 2026-06-27 11:06:51,499 qnn_preprocess.py:68] Visiting: aten_unsqueeze_copy_default_5, aten.unsqueeze_copy.default
[INFO 2026-06-27 11:06:51,499 qnn_preprocess.py:68] Visiting: aten_permute_copy_default_266, aten.permute_copy.default
[INFO 2026-06-27 11:06:51,500 qnn_preprocess.py:68] Visiting: aten_convolution_default_4, aten.convolution.default
[INFO 2026-06-27 11:06:51,504 qnn_preprocess.py:68] Visiting: aten_permute_copy_default_267, aten.permute_copy.default
[INFO 2026-06-27 11:06:51,505 qnn_preprocess.py:68] Visiting: aten_squeeze_copy_dims_4, aten.squeeze_copy.dims
[INFO 2026-06-27 11:06:51,505 qnn_preprocess.py:68] Visiting: aten_permute_copy_default_8, aten.permute_copy.default
[INFO 2026-06-27 11:06:51,506 qnn_preprocess.py:68] Visiting: aten_native_layer_norm_default_4, aten.native_layer_norm.default
[INFO 2026-06-27 11:06:51,508 qnn_preprocess.py:68] Visiting: getitem_4, getitem
[INFO 2026-06-27 11:06:51,508 qnn_preprocess.py:68] Visiting: aten_permute_copy_default_9, aten.permute_copy.default
[INFO 2026-06-27 11:06:51,509 qnn_preprocess.py:68] Visiting: aten_gelu_default_4, aten.gelu.default
[INFO 2026-06-27 11:06:51,510 qnn_preprocess.py:68] Visiting: aten_unsqueeze_copy_default_6, aten.unsqueeze_copy.default
[INFO 2026-06-27 11:06:51,510 qnn_preprocess.py:68] Visiting: aten_permute_copy_default_268, aten.permute_copy.default
[INFO 2026-06-27 11:06:51,511 qnn_preprocess.py:68] Visiting: aten_convolution_default_5, aten.convolution.default
[INFO 2026-06-27 11:06:51,515 qnn_preprocess.py:68] Visiting: aten_permute_copy_default_269, aten.permute_copy.default
[INFO 2026-06-27 11:06:51,516 qnn_preprocess.py:68] Visiting: aten_squeeze_copy_dims_5, aten.squeeze_copy.dims
[INFO 2026-06-27 11:06:51,517 qnn_preprocess.py:68] Visiting: aten_permute_copy_default_10, aten.permute_copy.default
[INFO 2026-06-27 11:06:51,517 qnn_preprocess.py:68] Visiting: aten_native_layer_norm_default_5, aten.native_layer_norm.default
[INFO 2026-06-27 11:06:51,519 qnn_preprocess.py:68] Visiting: getitem_5, getitem
[INFO 2026-06-27 11:06:51,519 qnn_preprocess.py:68] Visiting: aten_permute_copy_default_11, aten.permute_copy.default
[INFO 2026-06-27 11:06:51,520 qnn_preprocess.py:68] Visiting: aten_gelu_default_5, aten.gelu.default
[INFO 2026-06-27 11:06:51,521 qnn_preprocess.py:68] Visiting: aten_unsqueeze_copy_default_7, aten.unsqueeze_copy.default
[INFO 2026-06-27 11:06:51,521 qnn_preprocess.py:68] Visiting: aten_permute_copy_default_270, aten.permute_copy.default
[INFO 2026-06-27 11:06:51,522 qnn_preprocess.py:68] Visiting: aten_convolution_default_6, aten.convolution.default
[INFO 2026-06-27 11:06:51,525 qnn_preprocess.py:68] Visiting: aten_permute_copy_default_271, aten.permute_copy.default
[INFO 2026-06-27 11:06:51,526 qnn_preprocess.py:68] Visiting: aten_squeeze_copy_dims_6, aten.squeeze_copy.dims
[INFO 2026-06-27 11:06:51,527 qnn_preprocess.py:68] Visiting: aten_permute_copy_default_12, aten.permute_copy.default
[INFO 2026-06-27 11:06:51,527 qnn_preprocess.py:68] Visiting: aten_native_layer_norm_default_6, aten.native_layer_norm.default
[INFO 2026-06-27 11:06:51,530 qnn_preprocess.py:68] Visiting: getitem_6, getitem
[INFO 2026-06-27 11:06:51,530 qnn_preprocess.py:68] Visiting: aten_permute_copy_default_13, aten.permute_copy.default
[INFO 2026-06-27 11:06:51,530 qnn_preprocess.py:68] Visiting: aten_gelu_default_6, aten.gelu.default
[INFO 2026-06-27 11:06:51,531 qnn_preprocess.py:68] Visiting: aten_permute_copy_default_14, aten.permute_copy.default
[INFO 2026-06-27 11:06:51,532 qnn_preprocess.py:68] Visiting: aten_native_layer_norm_default_7, aten.native_layer_norm.default
[INFO 2026-06-27 11:06:51,534 qnn_preprocess.py:68] Visiting: getitem_7, getitem
[INFO 2026-06-27 11:06:51,534 qnn_preprocess.py:68] Visiting: aten_view_copy_default_102, aten.view_copy.default
[INFO 2026-06-27 11:06:51,534 qnn_preprocess.py:68] Visiting: aten_linear_default, aten.linear.default
[INFO 2026-06-27 11:06:51,537 qnn_preprocess.py:68] Visiting: aten_view_copy_default_103, aten.view_copy.default
[INFO 2026-06-27 11:06:51,537 qnn_preprocess.py:68] Visiting: aten_permute_copy_default_15, aten.permute_copy.default
[INFO 2026-06-27 11:06:51,538 qnn_preprocess.py:68] Visiting: aten_unsqueeze_copy_default_8, aten.unsqueeze_copy.default
[INFO 2026-06-27 11:06:51,539 qnn_preprocess.py:68] Visiting: aten_permute_copy_default_272, aten.permute_copy.default
[INFO 2026-06-27 11:06:51,539 qnn_preprocess.py:68] Visiting: aten_convolution_default_7, aten.convolution.default
[INFO 2026-06-27 11:06:51,570 qnn_preprocess.py:68] Visiting: aten_permute_copy_default_273, aten.permute_copy.default
[INFO 2026-06-27 11:06:51,571 qnn_preprocess.py:68] Visiting: aten_squeeze_copy_dims_7, aten.squeeze_copy.dims
[INFO 2026-06-27 11:06:51,572 qnn_preprocess.py:68] Visiting: aten_slice_copy_tensor, aten.slice_copy.Tensor
[INFO 2026-06-27 11:06:51,573 qnn_preprocess.py:68] Visiting: aten_gelu_default_7, aten.gelu.default
[INFO 2026-06-27 11:06:51,573 qnn_preprocess.py:68] Visiting: aten_permute_copy_default_16, aten.permute_copy.default
[INFO 2026-06-27 11:06:51,574 qnn_preprocess.py:68] Visiting: aten_add_tensor_1, aten.add.Tensor
[INFO 2026-06-27 11:06:51,575 qnn_preprocess.py:68] Visiting: aten_native_layer_norm_default_8, aten.native_layer_norm.default
[INFO 2026-06-27 11:06:51,577 qnn_preprocess.py:68] Visiting: getitem_8, getitem
[INFO 2026-06-27 11:06:51,577 qnn_preprocess.py:68] Visiting: aten_view_copy_default_105, aten.view_copy.default
[INFO 2026-06-27 11:06:51,577 qnn_preprocess.py:68] Visiting: aten_permute_copy_default_19, aten.permute_copy.default
[INFO 2026-06-27 11:06:51,578 qnn_preprocess.py:68] Visiting: aten_permute_copy_default_18, aten.permute_copy.default
[INFO 2026-06-27 11:06:51,579 qnn_preprocess.py:68] Visiting: aten_view_copy_default_111, aten.view_copy.default
[INFO 2026-06-27 11:06:51,579 qnn_preprocess.py:68] Visiting: aten_view_copy_default_112, aten.view_copy.default
[INFO 2026-06-27 11:06:51,579 qnn_preprocess.py:68] Visiting: aten_view_copy_default_113, aten.view_copy.default
[INFO 2026-06-27 11:06:51,580 qnn_preprocess.py:68] Visiting: aten_view_copy_default_106, aten.view_copy.default
[INFO 2026-06-27 11:06:51,580 qnn_preprocess.py:68] Visiting: aten_linear_default_4, aten.linear.default
[INFO 2026-06-27 11:06:51,583 qnn_preprocess.py:68] Visiting: aten_linear_default_3, aten.linear.default
[INFO 2026-06-27 11:06:51,585 qnn_preprocess.py:68] Visiting: aten_linear_default_2, aten.linear.default
[INFO 2026-06-27 11:06:51,587 qnn_preprocess.py:68] Visiting: aten_linear_default_1, aten.linear.default
[INFO 2026-06-27 11:06:51,590 qnn_preprocess.py:68] Visiting: aten_view_copy_default_116, aten.view_copy.default
[INFO 2026-06-27 11:06:51,590 qnn_preprocess.py:68] Visiting: aten_view_copy_default_115, aten.view_copy.default
[INFO 2026-06-27 11:06:51,591 qnn_preprocess.py:68] Visiting: aten_view_copy_default_114, aten.view_copy.default
[INFO 2026-06-27 11:06:51,591 qnn_preprocess.py:68] Visiting: aten_view_copy_default_107, aten.view_copy.default
[INFO 2026-06-27 11:06:51,591 qnn_preprocess.py:68] Visiting: aten_view_copy_default_119, aten.view_copy.default
[INFO 2026-06-27 11:06:51,592 qnn_preprocess.py:68] Visiting: aten_view_copy_default_118, aten.view_copy.default
[INFO 2026-06-27 11:06:51,592 qnn_preprocess.py:68] Visiting: aten_view_copy_default_117, aten.view_copy.default
[INFO 2026-06-27 11:06:51,593 qnn_preprocess.py:68] Visiting: aten_view_copy_default_108, aten.view_copy.default
[INFO 2026-06-27 11:06:51,593 qnn_preprocess.py:68] Visiting: aten_permute_copy_default_22, aten.permute_copy.default
[INFO 2026-06-27 11:06:51,594 qnn_preprocess.py:68] Visiting: aten_permute_copy_default_21, aten.permute_copy.default
[INFO 2026-06-27 11:06:51,594 qnn_preprocess.py:68] Visiting: aten_permute_copy_default_20, aten.permute_copy.default
[INFO 2026-06-27 11:06:51,595 qnn_preprocess.py:68] Visiting: aten_sum_dim_int_list, aten.sum.dim_IntList
[INFO 2026-06-27 11:06:51,596 qnn_preprocess.py:68] Visiting: aten_view_copy_default_123, aten.view_copy.default
[INFO 2026-06-27 11:06:51,596 qnn_preprocess.py:68] Visiting: aten_view_copy_default_122, aten.view_copy.default
[INFO 2026-06-27 11:06:51,597 qnn_preprocess.py:68] Visiting: aten_view_copy_default_121, aten.view_copy.default
[INFO 2026-06-27 11:06:51,597 qnn_preprocess.py:68] Visiting: aten_sigmoid_default, aten.sigmoid.default
[INFO 2026-06-27 11:06:51,598 qnn_preprocess.py:68] Visiting: aten_view_copy_default_128, aten.view_copy.default
[INFO 2026-06-27 11:06:51,598 qnn_preprocess.py:68] Visiting: aten_permute_copy_default_23, aten.permute_copy.default
[INFO 2026-06-27 11:06:51,599 qnn_preprocess.py:68] Visiting: aten_mul_tensor_6, aten.mul.Tensor
[INFO 2026-06-27 11:06:51,600 qnn_preprocess.py:68] Visiting: aten_split_with_sizes_copy_default, aten.split_with_sizes_copy.default
[INFO 2026-06-27 11:06:51,601 qnn_preprocess.py:68] Visiting: aten_mul_tensor_7, aten.mul.Tensor
[INFO 2026-06-27 11:06:51,601 qnn_preprocess.py:68] Visiting: aten_view_copy_default_124, aten.view_copy.default
[INFO 2026-06-27 11:06:51,602 qnn_preprocess.py:68] Visiting: getitem_9, getitem
[INFO 2026-06-27 11:06:51,602 qnn_preprocess.py:68] Visiting: getitem_10, getitem
[INFO 2026-06-27 11:06:51,602 qnn_preprocess.py:68] Visiting: aten_view_copy_default_125, aten.view_copy.default
[INFO 2026-06-27 11:06:51,602 qnn_preprocess.py:68] Visiting: aten_mul_tensor_3, aten.mul.Tensor
[INFO 2026-06-27 11:06:51,604 qnn_preprocess.py:68] Visiting: aten_bmm_default, aten.bmm.default
[INFO 2026-06-27 11:06:51,605 qnn_preprocess.py:68] Visiting: aten_sub_tensor_2, aten.sub.Tensor
[INFO 2026-06-27 11:06:51,605 qnn_preprocess.py:68] Visiting: aten_view_copy_default_126, aten.view_copy.default
[INFO 2026-06-27 11:06:51,606 qnn_preprocess.py:68] Visiting: aten_mul_tensor_4, aten.mul.Tensor
[INFO 2026-06-27 11:06:51,607 qnn_preprocess.py:68] Visiting: aten_add_tensor_4, aten.add.Tensor
[INFO 2026-06-27 11:06:51,607 qnn_preprocess.py:68] Visiting: aten_view_copy_default_109, aten.view_copy.default
[INFO 2026-06-27 11:06:51,608 qnn_preprocess.py:68] Visiting: aten_mul_tensor_5, aten.mul.Tensor
[INFO 2026-06-27 11:06:51,609 qnn_preprocess.py:68] Visiting: aten_view_copy_default_110, aten.view_copy.default
[INFO 2026-06-27 11:06:51,609 qnn_preprocess.py:68] Visiting: aten_view_copy_default_120, aten.view_copy.default
[INFO 2026-06-27 11:06:51,609 qnn_preprocess.py:68] Visiting: aten_add_tensor_5, aten.add.Tensor
[INFO 2026-06-27 11:06:51,610 qnn_preprocess.py:68] Visiting: aten__safe_softmax_default, aten._safe_softmax.default
[INFO 2026-06-27 11:06:51,611 qnn_preprocess.py:68] Visiting: aten_view_copy_default_127, aten.view_copy.default
[INFO 2026-06-27 11:06:51,611 qnn_preprocess.py:68] Visiting: aten_bmm_default_1, aten.bmm.default
[INFO 2026-06-27 11:06:51,612 qnn_preprocess.py:68] Visiting: aten_view_copy_default_129, aten.view_copy.default
[INFO 2026-06-27 11:06:51,613 qnn_preprocess.py:68] Visiting: aten_permute_copy_default_274, aten.permute_copy.default
[INFO 2026-06-27 11:06:51,613 qnn_preprocess.py:68] Visiting: aten_view_copy_default_130, aten.view_copy.default
[INFO 2026-06-27 11:06:51,614 qnn_preprocess.py:68] Visiting: aten_linear_default_5, aten.linear.default
[INFO 2026-06-27 11:06:51,617 qnn_preprocess.py:68] Visiting: aten_view_copy_default_131, aten.view_copy.default
[INFO 2026-06-27 11:06:51,617 qnn_preprocess.py:68] Visiting: aten_permute_copy_default_27, aten.permute_copy.default
[INFO 2026-06-27 11:06:51,618 qnn_preprocess.py:68] Visiting: aten_add_tensor_6, aten.add.Tensor
[INFO 2026-06-27 11:06:51,618 qnn_preprocess.py:68] Visiting: aten_native_layer_norm_default_9, aten.native_layer_norm.default
[INFO 2026-06-27 11:06:51,621 qnn_preprocess.py:68] Visiting: getitem_14, getitem
[INFO 2026-06-27 11:06:51,621 qnn_preprocess.py:68] Visiting: aten_view_copy_default_132, aten.view_copy.default
[INFO 2026-06-27 11:06:51,621 qnn_preprocess.py:68] Visiting: aten_linear_default_6, aten.linear.default
[INFO 2026-06-27 11:06:51,626 qnn_preprocess.py:68] Visiting: aten_view_copy_default_133, aten.view_copy.default
[INFO 2026-06-27 11:06:51,626 qnn_preprocess.py:68] Visiting: aten_gelu_default_8, aten.gelu.default
[INFO 2026-06-27 11:06:51,627 qnn_preprocess.py:68] Visiting: aten_view_copy_default_134, aten.view_copy.default
[INFO 2026-06-27 11:06:51,627 qnn_preprocess.py:68] Visiting: aten_linear_default_7, aten.linear.default
[INFO 2026-06-27 11:06:51,632 qnn_preprocess.py:68] Visiting: aten_view_copy_default_135, aten.view_copy.default
[INFO 2026-06-27 11:06:51,632 qnn_preprocess.py:68] Visiting: aten_add_tensor_7, aten.add.Tensor
[INFO 2026-06-27 11:06:51,633 qnn_preprocess.py:68] Visiting: aten_native_layer_norm_default_10, aten.native_layer_norm.default
[INFO 2026-06-27 11:06:51,635 qnn_preprocess.py:68] Visiting: getitem_15, getitem
[INFO 2026-06-27 11:06:51,635 qnn_preprocess.py:68] Visiting: aten_view_copy_default_136, aten.view_copy.default
[INFO 2026-06-27 11:06:51,636 qnn_preprocess.py:68] Visiting: aten_permute_copy_default_29, aten.permute_copy.default
[INFO 2026-06-27 11:06:51,637 qnn_preprocess.py:68] Visiting: aten_permute_copy_default_28, aten.permute_copy.default
[INFO 2026-06-27 11:06:51,637 qnn_preprocess.py:68] Visiting: aten_view_copy_default_142, aten.view_copy.default
[INFO 2026-06-27 11:06:51,638 qnn_preprocess.py:68] Visiting: aten_view_copy_default_143, aten.view_copy.default
[INFO 2026-06-27 11:06:51,638 qnn_preprocess.py:68] Visiting: aten_view_copy_default_144, aten.view_copy.default
[INFO 2026-06-27 11:06:51,639 qnn_preprocess.py:68] Visiting: aten_view_copy_default_137, aten.view_copy.default
[INFO 2026-06-27 11:06:51,639 qnn_preprocess.py:68] Visiting: aten_linear_default_11, aten.linear.default
[INFO 2026-06-27 11:06:51,641 qnn_preprocess.py:68] Visiting: aten_linear_default_10, aten.linear.default
[INFO 2026-06-27 11:06:51,644 qnn_preprocess.py:68] Visiting: aten_linear_default_9, aten.linear.default
[INFO 2026-06-27 11:06:51,646 qnn_preprocess.py:68] Visiting: aten_linear_default_8, aten.linear.default
[INFO 2026-06-27 11:06:51,648 qnn_preprocess.py:68] Visiting: aten_view_copy_default_147, aten.view_copy.default
[INFO 2026-06-27 11:06:51,649 qnn_preprocess.py:68] Visiting: aten_view_copy_default_146, aten.view_copy.default
[INFO 2026-06-27 11:06:51,649 qnn_preprocess.py:68] Visiting: aten_view_copy_default_145, aten.view_copy.default
[INFO 2026-06-27 11:06:51,650 qnn_preprocess.py:68] Visiting: aten_view_copy_default_138, aten.view_copy.default
[INFO 2026-06-27 11:06:51,650 qnn_preprocess.py:68] Visiting: aten_view_copy_default_150, aten.view_copy.default
[INFO 2026-06-27 11:06:51,650 qnn_preprocess.py:68] Visiting: aten_view_copy_default_149, aten.view_copy.default
[INFO 2026-06-27 11:06:51,651 qnn_preprocess.py:68] Visiting: aten_view_copy_default_148, aten.view_copy.default
[INFO 2026-06-27 11:06:51,651 qnn_preprocess.py:68] Visiting: aten_view_copy_default_139, aten.view_copy.default
[INFO 2026-06-27 11:06:51,652 qnn_preprocess.py:68] Visiting: aten_permute_copy_default_32, aten.permute_copy.default
[INFO 2026-06-27 11:06:51,652 qnn_preprocess.py:68] Visiting: aten_permute_copy_default_31, aten.permute_copy.default
[INFO 2026-06-27 11:06:51,653 qnn_preprocess.py:68] Visiting: aten_permute_copy_default_30, aten.permute_copy.default
[INFO 2026-06-27 11:06:51,654 qnn_preprocess.py:68] Visiting: aten_sum_dim_int_list_1, aten.sum.dim_IntList
[INFO 2026-06-27 11:06:51,654 qnn_preprocess.py:68] Visiting: aten_view_copy_default_154, aten.view_copy.default
[INFO 2026-06-27 11:06:51,655 qnn_preprocess.py:68] Visiting: aten_view_copy_default_153, aten.view_copy.default
[INFO 2026-06-27 11:06:51,655 qnn_preprocess.py:68] Visiting: aten_view_copy_default_152, aten.view_copy.default
[INFO 2026-06-27 11:06:51,656 qnn_preprocess.py:68] Visiting: aten_sigmoid_default_1, aten.sigmoid.default
[INFO 2026-06-27 11:06:51,656 qnn_preprocess.py:68] Visiting: aten_view_copy_default_159, aten.view_copy.default
[INFO 2026-06-27 11:06:51,657 qnn_preprocess.py:68] Visiting: aten_permute_copy_default_33, aten.permute_copy.default
[INFO 2026-06-27 11:06:51,657 qnn_preprocess.py:68] Visiting: aten_mul_tensor_11, aten.mul.Tensor
[INFO 2026-06-27 11:06:51,658 qnn_preprocess.py:68] Visiting: aten_split_with_sizes_copy_default_2, aten.split_with_sizes_copy.default
[INFO 2026-06-27 11:06:51,659 qnn_preprocess.py:68] Visiting: aten_mul_tensor_12, aten.mul.Tensor
[INFO 2026-06-27 11:06:51,660 qnn_preprocess.py:68] Visiting: aten_view_copy_default_155, aten.view_copy.default
[INFO 2026-06-27 11:06:51,660 qnn_preprocess.py:68] Visiting: getitem_16, getitem
[INFO 2026-06-27 11:06:51,660 qnn_preprocess.py:68] Visiting: getitem_17, getitem
[INFO 2026-06-27 11:06:51,660 qnn_preprocess.py:68] Visiting: aten_view_copy_default_156, aten.view_copy.default
[INFO 2026-06-27 11:06:51,661 qnn_preprocess.py:68] Visiting: aten_mul_tensor_8, aten.mul.Tensor
[INFO 2026-06-27 11:06:51,662 qnn_preprocess.py:68] Visiting: aten_bmm_default_2, aten.bmm.default
[INFO 2026-06-27 11:06:51,663 qnn_preprocess.py:68] Visiting: aten_sub_tensor_3, aten.sub.Tensor
[INFO 2026-06-27 11:06:51,664 qnn_preprocess.py:68] Visiting: aten_view_copy_default_157, aten.view_copy.default
[INFO 2026-06-27 11:06:51,664 qnn_preprocess.py:68] Visiting: aten_mul_tensor_9, aten.mul.Tensor
[INFO 2026-06-27 11:06:51,665 qnn_preprocess.py:68] Visiting: aten_add_tensor_8, aten.add.Tensor
[INFO 2026-06-27 11:06:51,666 qnn_preprocess.py:68] Visiting: aten_view_copy_default_140, aten.view_copy.default
[INFO 2026-06-27 11:06:51,666 qnn_preprocess.py:68] Visiting: aten_mul_tensor_10, aten.mul.Tensor
[INFO 2026-06-27 11:06:51,667 qnn_preprocess.py:68] Visiting: aten_view_copy_default_141, aten.view_copy.default
[INFO 2026-06-27 11:06:51,667 qnn_preprocess.py:68] Visiting: aten_view_copy_default_151, aten.view_copy.default
[INFO 2026-06-27 11:06:51,668 qnn_preprocess.py:68] Visiting: aten_add_tensor_9, aten.add.Tensor
[INFO 2026-06-27 11:06:51,669 qnn_preprocess.py:68] Visiting: aten__safe_softmax_default_1, aten._safe_softmax.default
[INFO 2026-06-27 11:06:51,669 qnn_preprocess.py:68] Visiting: aten_view_copy_default_158, aten.view_copy.default
[INFO 2026-06-27 11:06:51,670 qnn_preprocess.py:68] Visiting: aten_bmm_default_3, aten.bmm.default
[INFO 2026-06-27 11:06:51,671 qnn_preprocess.py:68] Visiting: aten_view_copy_default_160, aten.view_copy.default
[INFO 2026-06-27 11:06:51,671 qnn_preprocess.py:68] Visiting: aten_permute_copy_default_275, aten.permute_copy.default
[INFO 2026-06-27 11:06:51,672 qnn_preprocess.py:68] Visiting: aten_view_copy_default_161, aten.view_copy.default
[INFO 2026-06-27 11:06:51,672 qnn_preprocess.py:68] Visiting: aten_linear_default_12, aten.linear.default
[INFO 2026-06-27 11:06:51,675 qnn_preprocess.py:68] Visiting: aten_view_copy_default_162, aten.view_copy.default
[INFO 2026-06-27 11:06:51,676 qnn_preprocess.py:68] Visiting: aten_permute_copy_default_37, aten.permute_copy.default
[INFO 2026-06-27 11:06:51,676 qnn_preprocess.py:68] Visiting: aten_add_tensor_10, aten.add.Tensor
[INFO 2026-06-27 11:06:51,677 qnn_preprocess.py:68] Visiting: aten_native_layer_norm_default_11, aten.native_layer_norm.default
[INFO 2026-06-27 11:06:51,679 qnn_preprocess.py:68] Visiting: getitem_21, getitem
[INFO 2026-06-27 11:06:51,680 qnn_preprocess.py:68] Visiting: aten_view_copy_default_163, aten.view_copy.default
[INFO 2026-06-27 11:06:51,680 qnn_preprocess.py:68] Visiting: aten_linear_default_13, aten.linear.default
[INFO 2026-06-27 11:06:51,685 qnn_preprocess.py:68] Visiting: aten_view_copy_default_164, aten.view_copy.default
[INFO 2026-06-27 11:06:51,685 qnn_preprocess.py:68] Visiting: aten_gelu_default_9, aten.gelu.default
[INFO 2026-06-27 11:06:51,686 qnn_preprocess.py:68] Visiting: aten_view_copy_default_165, aten.view_copy.default
[INFO 2026-06-27 11:06:51,686 qnn_preprocess.py:68] Visiting: aten_linear_default_14, aten.linear.default
[INFO 2026-06-27 11:06:51,691 qnn_preprocess.py:68] Visiting: aten_view_copy_default_166, aten.view_copy.default
[INFO 2026-06-27 11:06:51,691 qnn_preprocess.py:68] Visiting: aten_add_tensor_11, aten.add.Tensor
[INFO 2026-06-27 11:06:51,692 qnn_preprocess.py:68] Visiting: aten_native_layer_norm_default_12, aten.native_layer_norm.default
[INFO 2026-06-27 11:06:51,694 qnn_preprocess.py:68] Visiting: getitem_22, getitem
[INFO 2026-06-27 11:06:51,694 qnn_preprocess.py:68] Visiting: aten_view_copy_default_167, aten.view_copy.default
[INFO 2026-06-27 11:06:51,695 qnn_preprocess.py:68] Visiting: aten_permute_copy_default_39, aten.permute_copy.default
[INFO 2026-06-27 11:06:51,696 qnn_preprocess.py:68] Visiting: aten_permute_copy_default_38, aten.permute_copy.default
[INFO 2026-06-27 11:06:51,696 qnn_preprocess.py:68] Visiting: aten_view_copy_default_173, aten.view_copy.default
[INFO 2026-06-27 11:06:51,697 qnn_preprocess.py:68] Visiting: aten_view_copy_default_174, aten.view_copy.default
[INFO 2026-06-27 11:06:51,697 qnn_preprocess.py:68] Visiting: aten_view_copy_default_175, aten.view_copy.default
[INFO 2026-06-27 11:06:51,698 qnn_preprocess.py:68] Visiting: aten_view_copy_default_168, aten.view_copy.default
[INFO 2026-06-27 11:06:51,698 qnn_preprocess.py:68] Visiting: aten_linear_default_18, aten.linear.default
[INFO 2026-06-27 11:06:51,701 qnn_preprocess.py:68] Visiting: aten_linear_default_17, aten.linear.default
[INFO 2026-06-27 11:06:51,703 qnn_preprocess.py:68] Visiting: aten_linear_default_16, aten.linear.default
[INFO 2026-06-27 11:06:51,705 qnn_preprocess.py:68] Visiting: aten_linear_default_15, aten.linear.default
[INFO 2026-06-27 11:06:51,708 qnn_preprocess.py:68] Visiting: aten_view_copy_default_178, aten.view_copy.default
[INFO 2026-06-27 11:06:51,708 qnn_preprocess.py:68] Visiting: aten_view_copy_default_177, aten.view_copy.default
[INFO 2026-06-27 11:06:51,709 qnn_preprocess.py:68] Visiting: aten_view_copy_default_176, aten.view_copy.default
[INFO 2026-06-27 11:06:51,709 qnn_preprocess.py:68] Visiting: aten_view_copy_default_169, aten.view_copy.default
[INFO 2026-06-27 11:06:51,709 qnn_preprocess.py:68] Visiting: aten_view_copy_default_181, aten.view_copy.default
[INFO 2026-06-27 11:06:51,710 qnn_preprocess.py:68] Visiting: aten_view_copy_default_180, aten.view_copy.default
[INFO 2026-06-27 11:06:51,710 qnn_preprocess.py:68] Visiting: aten_view_copy_default_179, aten.view_copy.default
[INFO 2026-06-27 11:06:51,711 qnn_preprocess.py:68] Visiting: aten_view_copy_default_170, aten.view_copy.default
[INFO 2026-06-27 11:06:51,711 qnn_preprocess.py:68] Visiting: aten_permute_copy_default_42, aten.permute_copy.default
[INFO 2026-06-27 11:06:51,712 qnn_preprocess.py:68] Visiting: aten_permute_copy_default_41, aten.permute_copy.default
[INFO 2026-06-27 11:06:51,713 qnn_preprocess.py:68] Visiting: aten_permute_copy_default_40, aten.permute_copy.default
[INFO 2026-06-27 11:06:51,713 qnn_preprocess.py:68] Visiting: aten_sum_dim_int_list_2, aten.sum.dim_IntList
[INFO 2026-06-27 11:06:51,714 qnn_preprocess.py:68] Visiting: aten_view_copy_default_185, aten.view_copy.default
[INFO 2026-06-27 11:06:51,714 qnn_preprocess.py:68] Visiting: aten_view_copy_default_184, aten.view_copy.default
[INFO 2026-06-27 11:06:51,715 qnn_preprocess.py:68] Visiting: aten_view_copy_default_183, aten.view_copy.default
[INFO 2026-06-27 11:06:51,715 qnn_preprocess.py:68] Visiting: aten_sigmoid_default_2, aten.sigmoid.default
[INFO 2026-06-27 11:06:51,716 qnn_preprocess.py:68] Visiting: aten_view_copy_default_190, aten.view_copy.default
[INFO 2026-06-27 11:06:51,716 qnn_preprocess.py:68] Visiting: aten_permute_copy_default_43, aten.permute_copy.default
[INFO 2026-06-27 11:06:51,717 qnn_preprocess.py:68] Visiting: aten_mul_tensor_16, aten.mul.Tensor
[INFO 2026-06-27 11:06:51,718 qnn_preprocess.py:68] Visiting: aten_split_with_sizes_copy_default_4, aten.split_with_sizes_copy.default
[INFO 2026-06-27 11:06:51,719 qnn_preprocess.py:68] Visiting: aten_mul_tensor_17, aten.mul.Tensor
[INFO 2026-06-27 11:06:51,720 qnn_preprocess.py:68] Visiting: aten_view_copy_default_186, aten.view_copy.default
[INFO 2026-06-27 11:06:51,720 qnn_preprocess.py:68] Visiting: getitem_23, getitem
[INFO 2026-06-27 11:06:51,720 qnn_preprocess.py:68] Visiting: getitem_24, getitem
[INFO 2026-06-27 11:06:51,720 qnn_preprocess.py:68] Visiting: aten_view_copy_default_187, aten.view_copy.default
[INFO 2026-06-27 11:06:51,720 qnn_preprocess.py:68] Visiting: aten_mul_tensor_13, aten.mul.Tensor
[INFO 2026-06-27 11:06:51,722 qnn_preprocess.py:68] Visiting: aten_bmm_default_4, aten.bmm.default
[INFO 2026-06-27 11:06:51,723 qnn_preprocess.py:68] Visiting: aten_sub_tensor_4, aten.sub.Tensor
[INFO 2026-06-27 11:06:51,723 qnn_preprocess.py:68] Visiting: aten_view_copy_default_188, aten.view_copy.default
[INFO 2026-06-27 11:06:51,724 qnn_preprocess.py:68] Visiting: aten_mul_tensor_14, aten.mul.Tensor
[INFO 2026-06-27 11:06:51,725 qnn_preprocess.py:68] Visiting: aten_add_tensor_12, aten.add.Tensor
[INFO 2026-06-27 11:06:51,726 qnn_preprocess.py:68] Visiting: aten_view_copy_default_171, aten.view_copy.default
[INFO 2026-06-27 11:06:51,726 qnn_preprocess.py:68] Visiting: aten_mul_tensor_15, aten.mul.Tensor
[INFO 2026-06-27 11:06:51,727 qnn_preprocess.py:68] Visiting: aten_view_copy_default_172, aten.view_copy.default
[INFO 2026-06-27 11:06:51,727 qnn_preprocess.py:68] Visiting: aten_view_copy_default_182, aten.view_copy.default
[INFO 2026-06-27 11:06:51,728 qnn_preprocess.py:68] Visiting: aten_add_tensor_13, aten.add.Tensor
[INFO 2026-06-27 11:06:51,728 qnn_preprocess.py:68] Visiting: aten__safe_softmax_default_2, aten._safe_softmax.default
[INFO 2026-06-27 11:06:51,729 qnn_preprocess.py:68] Visiting: aten_view_copy_default_189, aten.view_copy.default
[INFO 2026-06-27 11:06:51,729 qnn_preprocess.py:68] Visiting: aten_bmm_default_5, aten.bmm.default
[INFO 2026-06-27 11:06:51,730 qnn_preprocess.py:68] Visiting: aten_view_copy_default_191, aten.view_copy.default
[INFO 2026-06-27 11:06:51,731 qnn_preprocess.py:68] Visiting: aten_permute_copy_default_276, aten.permute_copy.default
[INFO 2026-06-27 11:06:51,731 qnn_preprocess.py:68] Visiting: aten_view_copy_default_192, aten.view_copy.default
[INFO 2026-06-27 11:06:51,732 qnn_preprocess.py:68] Visiting: aten_linear_default_19, aten.linear.default
[INFO 2026-06-27 11:06:51,735 qnn_preprocess.py:68] Visiting: aten_view_copy_default_193, aten.view_copy.default
[INFO 2026-06-27 11:06:51,735 qnn_preprocess.py:68] Visiting: aten_permute_copy_default_47, aten.permute_copy.default
[INFO 2026-06-27 11:06:51,736 qnn_preprocess.py:68] Visiting: aten_add_tensor_14, aten.add.Tensor
[INFO 2026-06-27 11:06:51,737 qnn_preprocess.py:68] Visiting: aten_native_layer_norm_default_13, aten.native_layer_norm.default
[INFO 2026-06-27 11:06:51,739 qnn_preprocess.py:68] Visiting: getitem_28, getitem
[INFO 2026-06-27 11:06:51,739 qnn_preprocess.py:68] Visiting: aten_view_copy_default_194, aten.view_copy.default
[INFO 2026-06-27 11:06:51,739 qnn_preprocess.py:68] Visiting: aten_linear_default_20, aten.linear.default
[INFO 2026-06-27 11:06:51,744 qnn_preprocess.py:68] Visiting: aten_view_copy_default_195, aten.view_copy.default
[INFO 2026-06-27 11:06:51,745 qnn_preprocess.py:68] Visiting: aten_gelu_default_10, aten.gelu.default
[INFO 2026-06-27 11:06:51,745 qnn_preprocess.py:68] Visiting: aten_view_copy_default_196, aten.view_copy.default
[INFO 2026-06-27 11:06:51,746 qnn_preprocess.py:68] Visiting: aten_linear_default_21, aten.linear.default
[INFO 2026-06-27 11:06:51,750 qnn_preprocess.py:68] Visiting: aten_view_copy_default_197, aten.view_copy.default
[INFO 2026-06-27 11:06:51,751 qnn_preprocess.py:68] Visiting: aten_add_tensor_15, aten.add.Tensor
[INFO 2026-06-27 11:06:51,752 qnn_preprocess.py:68] Visiting: aten_native_layer_norm_default_14, aten.native_layer_norm.default
[INFO 2026-06-27 11:06:51,754 qnn_preprocess.py:68] Visiting: getitem_29, getitem
[INFO 2026-06-27 11:06:51,754 qnn_preprocess.py:68] Visiting: aten_view_copy_default_198, aten.view_copy.default
[INFO 2026-06-27 11:06:51,754 qnn_preprocess.py:68] Visiting: aten_permute_copy_default_49, aten.permute_copy.default
[INFO 2026-06-27 11:06:51,755 qnn_preprocess.py:68] Visiting: aten_permute_copy_default_48, aten.permute_copy.default
[INFO 2026-06-27 11:06:51,756 qnn_preprocess.py:68] Visiting: aten_view_copy_default_204, aten.view_copy.default
[INFO 2026-06-27 11:06:51,756 qnn_preprocess.py:68] Visiting: aten_view_copy_default_205, aten.view_copy.default
[INFO 2026-06-27 11:06:51,757 qnn_preprocess.py:68] Visiting: aten_view_copy_default_206, aten.view_copy.default
[INFO 2026-06-27 11:06:51,757 qnn_preprocess.py:68] Visiting: aten_view_copy_default_199, aten.view_copy.default
[INFO 2026-06-27 11:06:51,757 qnn_preprocess.py:68] Visiting: aten_linear_default_25, aten.linear.default
[INFO 2026-06-27 11:06:51,760 qnn_preprocess.py:68] Visiting: aten_linear_default_24, aten.linear.default
[INFO 2026-06-27 11:06:51,762 qnn_preprocess.py:68] Visiting: aten_linear_default_23, aten.linear.default
[INFO 2026-06-27 11:06:51,764 qnn_preprocess.py:68] Visiting: aten_linear_default_22, aten.linear.default
[INFO 2026-06-27 11:06:51,767 qnn_preprocess.py:68] Visiting: aten_view_copy_default_209, aten.view_copy.default
[INFO 2026-06-27 11:06:51,767 qnn_preprocess.py:68] Visiting: aten_view_copy_default_208, aten.view_copy.default
[INFO 2026-06-27 11:06:51,768 qnn_preprocess.py:68] Visiting: aten_view_copy_default_207, aten.view_copy.default
[INFO 2026-06-27 11:06:51,768 qnn_preprocess.py:68] Visiting: aten_view_copy_default_200, aten.view_copy.default
[INFO 2026-06-27 11:06:51,768 qnn_preprocess.py:68] Visiting: aten_view_copy_default_212, aten.view_copy.default
[INFO 2026-06-27 11:06:51,769 qnn_preprocess.py:68] Visiting: aten_view_copy_default_211, aten.view_copy.default
[INFO 2026-06-27 11:06:51,769 qnn_preprocess.py:68] Visiting: aten_view_copy_default_210, aten.view_copy.default
[INFO 2026-06-27 11:06:51,770 qnn_preprocess.py:68] Visiting: aten_view_copy_default_201, aten.view_copy.default
[INFO 2026-06-27 11:06:51,770 qnn_preprocess.py:68] Visiting: aten_permute_copy_default_52, aten.permute_copy.default
[INFO 2026-06-27 11:06:51,771 qnn_preprocess.py:68] Visiting: aten_permute_copy_default_51, aten.permute_copy.default
[INFO 2026-06-27 11:06:51,771 qnn_preprocess.py:68] Visiting: aten_permute_copy_default_50, aten.permute_copy.default
[INFO 2026-06-27 11:06:51,772 qnn_preprocess.py:68] Visiting: aten_sum_dim_int_list_3, aten.sum.dim_IntList
[INFO 2026-06-27 11:06:51,773 qnn_preprocess.py:68] Visiting: aten_view_copy_default_216, aten.view_copy.default
[INFO 2026-06-27 11:06:51,773 qnn_preprocess.py:68] Visiting: aten_view_copy_default_215, aten.view_copy.default
[INFO 2026-06-27 11:06:51,774 qnn_preprocess.py:68] Visiting: aten_view_copy_default_214, aten.view_copy.default
[INFO 2026-06-27 11:06:51,774 qnn_preprocess.py:68] Visiting: aten_sigmoid_default_3, aten.sigmoid.default
[INFO 2026-06-27 11:06:51,775 qnn_preprocess.py:68] Visiting: aten_view_copy_default_221, aten.view_copy.default
[INFO 2026-06-27 11:06:51,775 qnn_preprocess.py:68] Visiting: aten_permute_copy_default_53, aten.permute_copy.default
[INFO 2026-06-27 11:06:51,776 qnn_preprocess.py:68] Visiting: aten_mul_tensor_21, aten.mul.Tensor
[INFO 2026-06-27 11:06:51,776 qnn_preprocess.py:68] Visiting: aten_split_with_sizes_copy_default_6, aten.split_with_sizes_copy.default
[INFO 2026-06-27 11:06:51,777 qnn_preprocess.py:68] Visiting: aten_mul_tensor_22, aten.mul.Tensor
[INFO 2026-06-27 11:06:51,778 qnn_preprocess.py:68] Visiting: aten_view_copy_default_217, aten.view_copy.default
[INFO 2026-06-27 11:06:51,779 qnn_preprocess.py:68] Visiting: getitem_30, getitem
[INFO 2026-06-27 11:06:51,779 qnn_preprocess.py:68] Visiting: getitem_31, getitem
[INFO 2026-06-27 11:06:51,779 qnn_preprocess.py:68] Visiting: aten_view_copy_default_218, aten.view_copy.default
[INFO 2026-06-27 11:06:51,779 qnn_preprocess.py:68] Visiting: aten_mul_tensor_18, aten.mul.Tensor
[INFO 2026-06-27 11:06:51,781 qnn_preprocess.py:68] Visiting: aten_bmm_default_6, aten.bmm.default
[INFO 2026-06-27 11:06:51,781 qnn_preprocess.py:68] Visiting: aten_sub_tensor_5, aten.sub.Tensor
[INFO 2026-06-27 11:06:51,782 qnn_preprocess.py:68] Visiting: aten_view_copy_default_219, aten.view_copy.default
[INFO 2026-06-27 11:06:51,783 qnn_preprocess.py:68] Visiting: aten_mul_tensor_19, aten.mul.Tensor
[INFO 2026-06-27 11:06:51,783 qnn_preprocess.py:68] Visiting: aten_add_tensor_16, aten.add.Tensor
[INFO 2026-06-27 11:06:51,784 qnn_preprocess.py:68] Visiting: aten_view_copy_default_202, aten.view_copy.default
[INFO 2026-06-27 11:06:51,785 qnn_preprocess.py:68] Visiting: aten_mul_tensor_20, aten.mul.Tensor
[INFO 2026-06-27 11:06:51,785 qnn_preprocess.py:68] Visiting: aten_view_copy_default_203, aten.view_copy.default
[INFO 2026-06-27 11:06:51,786 qnn_preprocess.py:68] Visiting: aten_view_copy_default_213, aten.view_copy.default
[INFO 2026-06-27 11:06:51,786 qnn_preprocess.py:68] Visiting: aten_add_tensor_17, aten.add.Tensor
[INFO 2026-06-27 11:06:51,787 qnn_preprocess.py:68] Visiting: aten__safe_softmax_default_3, aten._safe_softmax.default
[INFO 2026-06-27 11:06:51,788 qnn_preprocess.py:68] Visiting: aten_view_copy_default_220, aten.view_copy.default
[INFO 2026-06-27 11:06:51,788 qnn_preprocess.py:68] Visiting: aten_bmm_default_7, aten.bmm.default
[INFO 2026-06-27 11:06:51,789 qnn_preprocess.py:68] Visiting: aten_view_copy_default_222, aten.view_copy.default
[INFO 2026-06-27 11:06:51,789 qnn_preprocess.py:68] Visiting: aten_permute_copy_default_277, aten.permute_copy.default
[INFO 2026-06-27 11:06:51,790 qnn_preprocess.py:68] Visiting: aten_view_copy_default_223, aten.view_copy.default
[INFO 2026-06-27 11:06:51,790 qnn_preprocess.py:68] Visiting: aten_linear_default_26, aten.linear.default
[INFO 2026-06-27 11:06:51,793 qnn_preprocess.py:68] Visiting: aten_view_copy_default_224, aten.view_copy.default
[INFO 2026-06-27 11:06:51,794 qnn_preprocess.py:68] Visiting: aten_permute_copy_default_57, aten.permute_copy.default
[INFO 2026-06-27 11:06:51,794 qnn_preprocess.py:68] Visiting: aten_add_tensor_18, aten.add.Tensor
[INFO 2026-06-27 11:06:51,795 qnn_preprocess.py:68] Visiting: aten_native_layer_norm_default_15, aten.native_layer_norm.default
[INFO 2026-06-27 11:06:51,797 qnn_preprocess.py:68] Visiting: getitem_35, getitem
[INFO 2026-06-27 11:06:51,797 qnn_preprocess.py:68] Visiting: aten_view_copy_default_225, aten.view_copy.default
[INFO 2026-06-27 11:06:51,798 qnn_preprocess.py:68] Visiting: aten_linear_default_27, aten.linear.default
[INFO 2026-06-27 11:06:51,803 qnn_preprocess.py:68] Visiting: aten_view_copy_default_226, aten.view_copy.default
[INFO 2026-06-27 11:06:51,803 qnn_preprocess.py:68] Visiting: aten_gelu_default_11, aten.gelu.default
[INFO 2026-06-27 11:06:51,804 qnn_preprocess.py:68] Visiting: aten_view_copy_default_227, aten.view_copy.default
[INFO 2026-06-27 11:06:51,804 qnn_preprocess.py:68] Visiting: aten_linear_default_28, aten.linear.default
[INFO 2026-06-27 11:06:51,809 qnn_preprocess.py:68] Visiting: aten_view_copy_default_228, aten.view_copy.default
[INFO 2026-06-27 11:06:51,809 qnn_preprocess.py:68] Visiting: aten_add_tensor_19, aten.add.Tensor
[INFO 2026-06-27 11:06:51,810 qnn_preprocess.py:68] Visiting: aten_native_layer_norm_default_16, aten.native_layer_norm.default
[INFO 2026-06-27 11:06:51,812 qnn_preprocess.py:68] Visiting: getitem_36, getitem
[INFO 2026-06-27 11:06:51,812 qnn_preprocess.py:68] Visiting: aten_view_copy_default_229, aten.view_copy.default
[INFO 2026-06-27 11:06:51,813 qnn_preprocess.py:68] Visiting: aten_permute_copy_default_59, aten.permute_copy.default
[INFO 2026-06-27 11:06:51,813 qnn_preprocess.py:68] Visiting: aten_permute_copy_default_58, aten.permute_copy.default
[INFO 2026-06-27 11:06:51,814 qnn_preprocess.py:68] Visiting: aten_view_copy_default_235, aten.view_copy.default
[INFO 2026-06-27 11:06:51,814 qnn_preprocess.py:68] Visiting: aten_view_copy_default_236, aten.view_copy.default
[INFO 2026-06-27 11:06:51,815 qnn_preprocess.py:68] Visiting: aten_view_copy_default_237, aten.view_copy.default
[INFO 2026-06-27 11:06:51,815 qnn_preprocess.py:68] Visiting: aten_view_copy_default_230, aten.view_copy.default
[INFO 2026-06-27 11:06:51,816 qnn_preprocess.py:68] Visiting: aten_linear_default_32, aten.linear.default
[INFO 2026-06-27 11:06:51,818 qnn_preprocess.py:68] Visiting: aten_linear_default_31, aten.linear.default
[INFO 2026-06-27 11:06:51,820 qnn_preprocess.py:68] Visiting: aten_linear_default_30, aten.linear.default
[INFO 2026-06-27 11:06:51,823 qnn_preprocess.py:68] Visiting: aten_linear_default_29, aten.linear.default
[INFO 2026-06-27 11:06:51,825 qnn_preprocess.py:68] Visiting: aten_view_copy_default_240, aten.view_copy.default
[INFO 2026-06-27 11:06:51,825 qnn_preprocess.py:68] Visiting: aten_view_copy_default_239, aten.view_copy.default
[INFO 2026-06-27 11:06:51,826 qnn_preprocess.py:68] Visiting: aten_view_copy_default_238, aten.view_copy.default
[INFO 2026-06-27 11:06:51,826 qnn_preprocess.py:68] Visiting: aten_view_copy_default_231, aten.view_copy.default
[INFO 2026-06-27 11:06:51,827 qnn_preprocess.py:68] Visiting: aten_view_copy_default_243, aten.view_copy.default
[INFO 2026-06-27 11:06:51,827 qnn_preprocess.py:68] Visiting: aten_view_copy_default_242, aten.view_copy.default
[INFO 2026-06-27 11:06:51,828 qnn_preprocess.py:68] Visiting: aten_view_copy_default_241, aten.view_copy.default
[INFO 2026-06-27 11:06:51,828 qnn_preprocess.py:68] Visiting: aten_view_copy_default_232, aten.view_copy.default
[INFO 2026-06-27 11:06:51,828 qnn_preprocess.py:68] Visiting: aten_permute_copy_default_62, aten.permute_copy.default
[INFO 2026-06-27 11:06:51,829 qnn_preprocess.py:68] Visiting: aten_permute_copy_default_61, aten.permute_copy.default
[INFO 2026-06-27 11:06:51,830 qnn_preprocess.py:68] Visiting: aten_permute_copy_default_60, aten.permute_copy.default
[INFO 2026-06-27 11:06:51,831 qnn_preprocess.py:68] Visiting: aten_sum_dim_int_list_4, aten.sum.dim_IntList
[INFO 2026-06-27 11:06:51,831 qnn_preprocess.py:68] Visiting: aten_view_copy_default_247, aten.view_copy.default
[INFO 2026-06-27 11:06:51,832 qnn_preprocess.py:68] Visiting: aten_view_copy_default_246, aten.view_copy.default
[INFO 2026-06-27 11:06:51,832 qnn_preprocess.py:68] Visiting: aten_view_copy_default_245, aten.view_copy.default
[INFO 2026-06-27 11:06:51,833 qnn_preprocess.py:68] Visiting: aten_sigmoid_default_4, aten.sigmoid.default
[INFO 2026-06-27 11:06:51,833 qnn_preprocess.py:68] Visiting: aten_view_copy_default_252, aten.view_copy.default
[INFO 2026-06-27 11:06:51,834 qnn_preprocess.py:68] Visiting: aten_permute_copy_default_63, aten.permute_copy.default
[INFO 2026-06-27 11:06:51,834 qnn_preprocess.py:68] Visiting: aten_mul_tensor_26, aten.mul.Tensor
[INFO 2026-06-27 11:06:51,835 qnn_preprocess.py:68] Visiting: aten_split_with_sizes_copy_default_8, aten.split_with_sizes_copy.default
[INFO 2026-06-27 11:06:51,836 qnn_preprocess.py:68] Visiting: aten_mul_tensor_27, aten.mul.Tensor
[INFO 2026-06-27 11:06:51,837 qnn_preprocess.py:68] Visiting: aten_view_copy_default_248, aten.view_copy.default
[INFO 2026-06-27 11:06:51,838 qnn_preprocess.py:68] Visiting: getitem_37, getitem
[INFO 2026-06-27 11:06:51,838 qnn_preprocess.py:68] Visiting: getitem_38, getitem
[INFO 2026-06-27 11:06:51,838 qnn_preprocess.py:68] Visiting: aten_view_copy_default_249, aten.view_copy.default
[INFO 2026-06-27 11:06:51,838 qnn_preprocess.py:68] Visiting: aten_mul_tensor_23, aten.mul.Tensor
[INFO 2026-06-27 11:06:51,839 qnn_preprocess.py:68] Visiting: aten_bmm_default_8, aten.bmm.default
[INFO 2026-06-27 11:06:51,840 qnn_preprocess.py:68] Visiting: aten_sub_tensor_6, aten.sub.Tensor
[INFO 2026-06-27 11:06:51,841 qnn_preprocess.py:68] Visiting: aten_view_copy_default_250, aten.view_copy.default
[INFO 2026-06-27 11:06:51,841 qnn_preprocess.py:68] Visiting: aten_mul_tensor_24, aten.mul.Tensor
[INFO 2026-06-27 11:06:51,842 qnn_preprocess.py:68] Visiting: aten_add_tensor_20, aten.add.Tensor
[INFO 2026-06-27 11:06:51,843 qnn_preprocess.py:68] Visiting: aten_view_copy_default_233, aten.view_copy.default
[INFO 2026-06-27 11:06:51,843 qnn_preprocess.py:68] Visiting: aten_mul_tensor_25, aten.mul.Tensor
[INFO 2026-06-27 11:06:51,844 qnn_preprocess.py:68] Visiting: aten_view_copy_default_234, aten.view_copy.default
[INFO 2026-06-27 11:06:51,845 qnn_preprocess.py:68] Visiting: aten_view_copy_default_244, aten.view_copy.default
[INFO 2026-06-27 11:06:51,845 qnn_preprocess.py:68] Visiting: aten_add_tensor_21, aten.add.Tensor
[INFO 2026-06-27 11:06:51,846 qnn_preprocess.py:68] Visiting: aten__safe_softmax_default_4, aten._safe_softmax.default
[INFO 2026-06-27 11:06:51,847 qnn_preprocess.py:68] Visiting: aten_view_copy_default_251, aten.view_copy.default
[INFO 2026-06-27 11:06:51,847 qnn_preprocess.py:68] Visiting: aten_bmm_default_9, aten.bmm.default
[INFO 2026-06-27 11:06:51,848 qnn_preprocess.py:68] Visiting: aten_view_copy_default_253, aten.view_copy.default
[INFO 2026-06-27 11:06:51,848 qnn_preprocess.py:68] Visiting: aten_permute_copy_default_278, aten.permute_copy.default
[INFO 2026-06-27 11:06:51,849 qnn_preprocess.py:68] Visiting: aten_view_copy_default_254, aten.view_copy.default
[INFO 2026-06-27 11:06:51,849 qnn_preprocess.py:68] Visiting: aten_linear_default_33, aten.linear.default
[INFO 2026-06-27 11:06:51,852 qnn_preprocess.py:68] Visiting: aten_view_copy_default_255, aten.view_copy.default
[INFO 2026-06-27 11:06:51,853 qnn_preprocess.py:68] Visiting: aten_permute_copy_default_67, aten.permute_copy.default
[INFO 2026-06-27 11:06:51,853 qnn_preprocess.py:68] Visiting: aten_add_tensor_22, aten.add.Tensor
[INFO 2026-06-27 11:06:51,854 qnn_preprocess.py:68] Visiting: aten_native_layer_norm_default_17, aten.native_layer_norm.default
[INFO 2026-06-27 11:06:51,856 qnn_preprocess.py:68] Visiting: getitem_42, getitem
[INFO 2026-06-27 11:06:51,856 qnn_preprocess.py:68] Visiting: aten_view_copy_default_256, aten.view_copy.default
[INFO 2026-06-27 11:06:51,857 qnn_preprocess.py:68] Visiting: aten_linear_default_34, aten.linear.default
[INFO 2026-06-27 11:06:51,862 qnn_preprocess.py:68] Visiting: aten_view_copy_default_257, aten.view_copy.default
[INFO 2026-06-27 11:06:51,862 qnn_preprocess.py:68] Visiting: aten_gelu_default_12, aten.gelu.default
[INFO 2026-06-27 11:06:51,863 qnn_preprocess.py:68] Visiting: aten_view_copy_default_258, aten.view_copy.default
[INFO 2026-06-27 11:06:51,863 qnn_preprocess.py:68] Visiting: aten_linear_default_35, aten.linear.default
[INFO 2026-06-27 11:06:51,868 qnn_preprocess.py:68] Visiting: aten_view_copy_default_259, aten.view_copy.default
[INFO 2026-06-27 11:06:51,868 qnn_preprocess.py:68] Visiting: aten_add_tensor_23, aten.add.Tensor
[INFO 2026-06-27 11:06:51,869 qnn_preprocess.py:68] Visiting: aten_native_layer_norm_default_18, aten.native_layer_norm.default
[INFO 2026-06-27 11:06:51,871 qnn_preprocess.py:68] Visiting: getitem_43, getitem
[INFO 2026-06-27 11:06:51,871 qnn_preprocess.py:68] Visiting: aten_view_copy_default_260, aten.view_copy.default
[INFO 2026-06-27 11:06:51,872 qnn_preprocess.py:68] Visiting: aten_permute_copy_default_69, aten.permute_copy.default
[INFO 2026-06-27 11:06:51,873 qnn_preprocess.py:68] Visiting: aten_permute_copy_default_68, aten.permute_copy.default
[INFO 2026-06-27 11:06:51,873 qnn_preprocess.py:68] Visiting: aten_view_copy_default_266, aten.view_copy.default
[INFO 2026-06-27 11:06:51,874 qnn_preprocess.py:68] Visiting: aten_view_copy_default_267, aten.view_copy.default
[INFO 2026-06-27 11:06:51,874 qnn_preprocess.py:68] Visiting: aten_view_copy_default_268, aten.view_copy.default
[INFO 2026-06-27 11:06:51,875 qnn_preprocess.py:68] Visiting: aten_view_copy_default_261, aten.view_copy.default
[INFO 2026-06-27 11:06:51,875 qnn_preprocess.py:68] Visiting: aten_linear_default_39, aten.linear.default
[INFO 2026-06-27 11:06:51,877 qnn_preprocess.py:68] Visiting: aten_linear_default_38, aten.linear.default
[INFO 2026-06-27 11:06:51,880 qnn_preprocess.py:68] Visiting: aten_linear_default_37, aten.linear.default
[INFO 2026-06-27 11:06:51,882 qnn_preprocess.py:68] Visiting: aten_linear_default_36, aten.linear.default
[INFO 2026-06-27 11:06:51,884 qnn_preprocess.py:68] Visiting: aten_view_copy_default_271, aten.view_copy.default
[INFO 2026-06-27 11:06:51,885 qnn_preprocess.py:68] Visiting: aten_view_copy_default_270, aten.view_copy.default
[INFO 2026-06-27 11:06:51,885 qnn_preprocess.py:68] Visiting: aten_view_copy_default_269, aten.view_copy.default
[INFO 2026-06-27 11:06:51,885 qnn_preprocess.py:68] Visiting: aten_view_copy_default_262, aten.view_copy.default
[INFO 2026-06-27 11:06:51,886 qnn_preprocess.py:68] Visiting: aten_view_copy_default_274, aten.view_copy.default
[INFO 2026-06-27 11:06:51,886 qnn_preprocess.py:68] Visiting: aten_view_copy_default_273, aten.view_copy.default
[INFO 2026-06-27 11:06:51,887 qnn_preprocess.py:68] Visiting: aten_view_copy_default_272, aten.view_copy.default
[INFO 2026-06-27 11:06:51,887 qnn_preprocess.py:68] Visiting: aten_view_copy_default_263, aten.view_copy.default
[INFO 2026-06-27 11:06:51,887 qnn_preprocess.py:68] Visiting: aten_permute_copy_default_72, aten.permute_copy.default
[INFO 2026-06-27 11:06:51,888 qnn_preprocess.py:68] Visiting: aten_permute_copy_default_71, aten.permute_copy.default
[INFO 2026-06-27 11:06:51,889 qnn_preprocess.py:68] Visiting: aten_permute_copy_default_70, aten.permute_copy.default
[INFO 2026-06-27 11:06:51,889 qnn_preprocess.py:68] Visiting: aten_sum_dim_int_list_5, aten.sum.dim_IntList
[INFO 2026-06-27 11:06:51,890 qnn_preprocess.py:68] Visiting: aten_view_copy_default_278, aten.view_copy.default
[INFO 2026-06-27 11:06:51,890 qnn_preprocess.py:68] Visiting: aten_view_copy_default_277, aten.view_copy.default
[INFO 2026-06-27 11:06:51,891 qnn_preprocess.py:68] Visiting: aten_view_copy_default_276, aten.view_copy.default
[INFO 2026-06-27 11:06:51,891 qnn_preprocess.py:68] Visiting: aten_sigmoid_default_5, aten.sigmoid.default
[INFO 2026-06-27 11:06:51,892 qnn_preprocess.py:68] Visiting: aten_view_copy_default_283, aten.view_copy.default
[INFO 2026-06-27 11:06:51,892 qnn_preprocess.py:68] Visiting: aten_permute_copy_default_73, aten.permute_copy.default
[INFO 2026-06-27 11:06:51,893 qnn_preprocess.py:68] Visiting: aten_mul_tensor_31, aten.mul.Tensor
[INFO 2026-06-27 11:06:51,894 qnn_preprocess.py:68] Visiting: aten_split_with_sizes_copy_default_10, aten.split_with_sizes_copy.default
[INFO 2026-06-27 11:06:51,895 qnn_preprocess.py:68] Visiting: aten_mul_tensor_32, aten.mul.Tensor
[INFO 2026-06-27 11:06:51,896 qnn_preprocess.py:68] Visiting: aten_view_copy_default_279, aten.view_copy.default
[INFO 2026-06-27 11:06:51,896 qnn_preprocess.py:68] Visiting: getitem_44, getitem
[INFO 2026-06-27 11:06:51,896 qnn_preprocess.py:68] Visiting: getitem_45, getitem
[INFO 2026-06-27 11:06:51,896 qnn_preprocess.py:68] Visiting: aten_view_copy_default_280, aten.view_copy.default
[INFO 2026-06-27 11:06:51,896 qnn_preprocess.py:68] Visiting: aten_mul_tensor_28, aten.mul.Tensor
[INFO 2026-06-27 11:06:51,898 qnn_preprocess.py:68] Visiting: aten_bmm_default_10, aten.bmm.default
[INFO 2026-06-27 11:06:51,899 qnn_preprocess.py:68] Visiting: aten_sub_tensor_7, aten.sub.Tensor
[INFO 2026-06-27 11:06:51,899 qnn_preprocess.py:68] Visiting: aten_view_copy_default_281, aten.view_copy.default
[INFO 2026-06-27 11:06:51,900 qnn_preprocess.py:68] Visiting: aten_mul_tensor_29, aten.mul.Tensor
[INFO 2026-06-27 11:06:51,901 qnn_preprocess.py:68] Visiting: aten_add_tensor_24, aten.add.Tensor
[INFO 2026-06-27 11:06:51,901 qnn_preprocess.py:68] Visiting: aten_view_copy_default_264, aten.view_copy.default
[INFO 2026-06-27 11:06:51,902 qnn_preprocess.py:68] Visiting: aten_mul_tensor_30, aten.mul.Tensor
[INFO 2026-06-27 11:06:51,903 qnn_preprocess.py:68] Visiting: aten_view_copy_default_265, aten.view_copy.default
[INFO 2026-06-27 11:06:51,903 qnn_preprocess.py:68] Visiting: aten_view_copy_default_275, aten.view_copy.default
[INFO 2026-06-27 11:06:51,903 qnn_preprocess.py:68] Visiting: aten_add_tensor_25, aten.add.Tensor
[INFO 2026-06-27 11:06:51,904 qnn_preprocess.py:68] Visiting: aten__safe_softmax_default_5, aten._safe_softmax.default
[INFO 2026-06-27 11:06:51,905 qnn_preprocess.py:68] Visiting: aten_view_copy_default_282, aten.view_copy.default
[INFO 2026-06-27 11:06:51,905 qnn_preprocess.py:68] Visiting: aten_bmm_default_11, aten.bmm.default
[INFO 2026-06-27 11:06:51,906 qnn_preprocess.py:68] Visiting: aten_view_copy_default_284, aten.view_copy.default
[INFO 2026-06-27 11:06:51,906 qnn_preprocess.py:68] Visiting: aten_permute_copy_default_279, aten.permute_copy.default
[INFO 2026-06-27 11:06:51,907 qnn_preprocess.py:68] Visiting: aten_view_copy_default_285, aten.view_copy.default
[INFO 2026-06-27 11:06:51,908 qnn_preprocess.py:68] Visiting: aten_linear_default_40, aten.linear.default
[INFO 2026-06-27 11:06:51,910 qnn_preprocess.py:68] Visiting: aten_view_copy_default_286, aten.view_copy.default
[INFO 2026-06-27 11:06:51,911 qnn_preprocess.py:68] Visiting: aten_permute_copy_default_77, aten.permute_copy.default
[INFO 2026-06-27 11:06:51,912 qnn_preprocess.py:68] Visiting: aten_add_tensor_26, aten.add.Tensor
[INFO 2026-06-27 11:06:51,912 qnn_preprocess.py:68] Visiting: aten_native_layer_norm_default_19, aten.native_layer_norm.default
[INFO 2026-06-27 11:06:51,914 qnn_preprocess.py:68] Visiting: getitem_49, getitem
[INFO 2026-06-27 11:06:51,915 qnn_preprocess.py:68] Visiting: aten_view_copy_default_287, aten.view_copy.default
[INFO 2026-06-27 11:06:51,915 qnn_preprocess.py:68] Visiting: aten_linear_default_41, aten.linear.default
[INFO 2026-06-27 11:06:51,920 qnn_preprocess.py:68] Visiting: aten_view_copy_default_288, aten.view_copy.default
[INFO 2026-06-27 11:06:51,920 qnn_preprocess.py:68] Visiting: aten_gelu_default_13, aten.gelu.default
[INFO 2026-06-27 11:06:51,921 qnn_preprocess.py:68] Visiting: aten_view_copy_default_289, aten.view_copy.default
[INFO 2026-06-27 11:06:51,921 qnn_preprocess.py:68] Visiting: aten_linear_default_42, aten.linear.default
[INFO 2026-06-27 11:06:51,926 qnn_preprocess.py:68] Visiting: aten_view_copy_default_290, aten.view_copy.default
[INFO 2026-06-27 11:06:51,926 qnn_preprocess.py:68] Visiting: aten_add_tensor_27, aten.add.Tensor
[INFO 2026-06-27 11:06:51,927 qnn_preprocess.py:68] Visiting: aten_native_layer_norm_default_20, aten.native_layer_norm.default
[INFO 2026-06-27 11:06:51,929 qnn_preprocess.py:68] Visiting: getitem_50, getitem
[INFO 2026-06-27 11:06:51,929 qnn_preprocess.py:68] Visiting: aten_view_copy_default_291, aten.view_copy.default
[INFO 2026-06-27 11:06:51,930 qnn_preprocess.py:68] Visiting: aten_permute_copy_default_79, aten.permute_copy.default
[INFO 2026-06-27 11:06:51,930 qnn_preprocess.py:68] Visiting: aten_permute_copy_default_78, aten.permute_copy.default
[INFO 2026-06-27 11:06:51,931 qnn_preprocess.py:68] Visiting: aten_view_copy_default_297, aten.view_copy.default
[INFO 2026-06-27 11:06:51,931 qnn_preprocess.py:68] Visiting: aten_view_copy_default_298, aten.view_copy.default
[INFO 2026-06-27 11:06:51,932 qnn_preprocess.py:68] Visiting: aten_view_copy_default_299, aten.view_copy.default
[INFO 2026-06-27 11:06:51,932 qnn_preprocess.py:68] Visiting: aten_view_copy_default_292, aten.view_copy.default
[INFO 2026-06-27 11:06:51,933 qnn_preprocess.py:68] Visiting: aten_linear_default_46, aten.linear.default
[INFO 2026-06-27 11:06:51,935 qnn_preprocess.py:68] Visiting: aten_linear_default_45, aten.linear.default
[INFO 2026-06-27 11:06:51,937 qnn_preprocess.py:68] Visiting: aten_linear_default_44, aten.linear.default
[INFO 2026-06-27 11:06:51,939 qnn_preprocess.py:68] Visiting: aten_linear_default_43, aten.linear.default
[INFO 2026-06-27 11:06:51,942 qnn_preprocess.py:68] Visiting: aten_view_copy_default_302, aten.view_copy.default
[INFO 2026-06-27 11:06:51,942 qnn_preprocess.py:68] Visiting: aten_view_copy_default_301, aten.view_copy.default
[INFO 2026-06-27 11:06:51,943 qnn_preprocess.py:68] Visiting: aten_view_copy_default_300, aten.view_copy.default
[INFO 2026-06-27 11:06:51,943 qnn_preprocess.py:68] Visiting: aten_view_copy_default_293, aten.view_copy.default
[INFO 2026-06-27 11:06:51,943 qnn_preprocess.py:68] Visiting: aten_view_copy_default_305, aten.view_copy.default
[INFO 2026-06-27 11:06:51,944 qnn_preprocess.py:68] Visiting: aten_view_copy_default_304, aten.view_copy.default
[INFO 2026-06-27 11:06:51,944 qnn_preprocess.py:68] Visiting: aten_view_copy_default_303, aten.view_copy.default
[INFO 2026-06-27 11:06:51,945 qnn_preprocess.py:68] Visiting: aten_view_copy_default_294, aten.view_copy.default
[INFO 2026-06-27 11:06:51,945 qnn_preprocess.py:68] Visiting: aten_permute_copy_default_82, aten.permute_copy.default
[INFO 2026-06-27 11:06:51,946 qnn_preprocess.py:68] Visiting: aten_permute_copy_default_81, aten.permute_copy.default
[INFO 2026-06-27 11:06:51,946 qnn_preprocess.py:68] Visiting: aten_permute_copy_default_80, aten.permute_copy.default
[INFO 2026-06-27 11:06:51,947 qnn_preprocess.py:68] Visiting: aten_sum_dim_int_list_6, aten.sum.dim_IntList
[INFO 2026-06-27 11:06:51,948 qnn_preprocess.py:68] Visiting: aten_view_copy_default_309, aten.view_copy.default
[INFO 2026-06-27 11:06:51,948 qnn_preprocess.py:68] Visiting: aten_view_copy_default_308, aten.view_copy.default
[INFO 2026-06-27 11:06:51,948 qnn_preprocess.py:68] Visiting: aten_view_copy_default_307, aten.view_copy.default
[INFO 2026-06-27 11:06:51,949 qnn_preprocess.py:68] Visiting: aten_sigmoid_default_6, aten.sigmoid.default
[INFO 2026-06-27 11:06:51,949 qnn_preprocess.py:68] Visiting: aten_view_copy_default_314, aten.view_copy.default
[INFO 2026-06-27 11:06:51,950 qnn_preprocess.py:68] Visiting: aten_permute_copy_default_83, aten.permute_copy.default
[INFO 2026-06-27 11:06:51,950 qnn_preprocess.py:68] Visiting: aten_mul_tensor_36, aten.mul.Tensor
[INFO 2026-06-27 11:06:51,951 qnn_preprocess.py:68] Visiting: aten_split_with_sizes_copy_default_12, aten.split_with_sizes_copy.default
[INFO 2026-06-27 11:06:51,952 qnn_preprocess.py:68] Visiting: aten_mul_tensor_37, aten.mul.Tensor
[INFO 2026-06-27 11:06:51,953 qnn_preprocess.py:68] Visiting: aten_view_copy_default_310, aten.view_copy.default
[INFO 2026-06-27 11:06:51,954 qnn_preprocess.py:68] Visiting: getitem_51, getitem
[INFO 2026-06-27 11:06:51,954 qnn_preprocess.py:68] Visiting: getitem_52, getitem
[INFO 2026-06-27 11:06:51,954 qnn_preprocess.py:68] Visiting: aten_view_copy_default_311, aten.view_copy.default
[INFO 2026-06-27 11:06:51,954 qnn_preprocess.py:68] Visiting: aten_mul_tensor_33, aten.mul.Tensor
[INFO 2026-06-27 11:06:51,956 qnn_preprocess.py:68] Visiting: aten_bmm_default_12, aten.bmm.default
[INFO 2026-06-27 11:06:51,957 qnn_preprocess.py:68] Visiting: aten_sub_tensor_8, aten.sub.Tensor
[INFO 2026-06-27 11:06:51,957 qnn_preprocess.py:68] Visiting: aten_view_copy_default_312, aten.view_copy.default
[INFO 2026-06-27 11:06:51,958 qnn_preprocess.py:68] Visiting: aten_mul_tensor_34, aten.mul.Tensor
[INFO 2026-06-27 11:06:51,959 qnn_preprocess.py:68] Visiting: aten_add_tensor_28, aten.add.Tensor
[INFO 2026-06-27 11:06:51,960 qnn_preprocess.py:68] Visiting: aten_view_copy_default_295, aten.view_copy.default
[INFO 2026-06-27 11:06:51,960 qnn_preprocess.py:68] Visiting: aten_mul_tensor_35, aten.mul.Tensor
[INFO 2026-06-27 11:06:51,961 qnn_preprocess.py:68] Visiting: aten_view_copy_default_296, aten.view_copy.default
[INFO 2026-06-27 11:06:51,961 qnn_preprocess.py:68] Visiting: aten_view_copy_default_306, aten.view_copy.default
[INFO 2026-06-27 11:06:51,962 qnn_preprocess.py:68] Visiting: aten_add_tensor_29, aten.add.Tensor
[INFO 2026-06-27 11:06:51,962 qnn_preprocess.py:68] Visiting: aten__safe_softmax_default_6, aten._safe_softmax.default
[INFO 2026-06-27 11:06:51,963 qnn_preprocess.py:68] Visiting: aten_view_copy_default_313, aten.view_copy.default
[INFO 2026-06-27 11:06:51,963 qnn_preprocess.py:68] Visiting: aten_bmm_default_13, aten.bmm.default
[INFO 2026-06-27 11:06:51,964 qnn_preprocess.py:68] Visiting: aten_view_copy_default_315, aten.view_copy.default
[INFO 2026-06-27 11:06:51,965 qnn_preprocess.py:68] Visiting: aten_permute_copy_default_280, aten.permute_copy.default
[INFO 2026-06-27 11:06:51,965 qnn_preprocess.py:68] Visiting: aten_view_copy_default_316, aten.view_copy.default
[INFO 2026-06-27 11:06:51,966 qnn_preprocess.py:68] Visiting: aten_linear_default_47, aten.linear.default
[INFO 2026-06-27 11:06:51,969 qnn_preprocess.py:68] Visiting: aten_view_copy_default_317, aten.view_copy.default
[INFO 2026-06-27 11:06:51,969 qnn_preprocess.py:68] Visiting: aten_permute_copy_default_87, aten.permute_copy.default
[INFO 2026-06-27 11:06:51,970 qnn_preprocess.py:68] Visiting: aten_add_tensor_30, aten.add.Tensor
[INFO 2026-06-27 11:06:51,971 qnn_preprocess.py:68] Visiting: aten_native_layer_norm_default_21, aten.native_layer_norm.default
[INFO 2026-06-27 11:06:51,973 qnn_preprocess.py:68] Visiting: getitem_56, getitem
[INFO 2026-06-27 11:06:51,973 qnn_preprocess.py:68] Visiting: aten_view_copy_default_318, aten.view_copy.default
[INFO 2026-06-27 11:06:51,974 qnn_preprocess.py:68] Visiting: aten_linear_default_48, aten.linear.default
[INFO 2026-06-27 11:06:51,978 qnn_preprocess.py:68] Visiting: aten_view_copy_default_319, aten.view_copy.default
[INFO 2026-06-27 11:06:51,979 qnn_preprocess.py:68] Visiting: aten_gelu_default_14, aten.gelu.default
[INFO 2026-06-27 11:06:51,979 qnn_preprocess.py:68] Visiting: aten_view_copy_default_320, aten.view_copy.default
[INFO 2026-06-27 11:06:51,980 qnn_preprocess.py:68] Visiting: aten_linear_default_49, aten.linear.default
[INFO 2026-06-27 11:06:51,985 qnn_preprocess.py:68] Visiting: aten_view_copy_default_321, aten.view_copy.default
[INFO 2026-06-27 11:06:51,985 qnn_preprocess.py:68] Visiting: aten_add_tensor_31, aten.add.Tensor
[INFO 2026-06-27 11:06:51,986 qnn_preprocess.py:68] Visiting: aten_native_layer_norm_default_22, aten.native_layer_norm.default
[INFO 2026-06-27 11:06:51,988 qnn_preprocess.py:68] Visiting: getitem_57, getitem
[INFO 2026-06-27 11:06:51,988 qnn_preprocess.py:68] Visiting: aten_view_copy_default_322, aten.view_copy.default
[INFO 2026-06-27 11:06:51,989 qnn_preprocess.py:68] Visiting: aten_permute_copy_default_89, aten.permute_copy.default
[INFO 2026-06-27 11:06:51,989 qnn_preprocess.py:68] Visiting: aten_permute_copy_default_88, aten.permute_copy.default
[INFO 2026-06-27 11:06:51,990 qnn_preprocess.py:68] Visiting: aten_view_copy_default_328, aten.view_copy.default
[INFO 2026-06-27 11:06:51,990 qnn_preprocess.py:68] Visiting: aten_view_copy_default_329, aten.view_copy.default
[INFO 2026-06-27 11:06:51,991 qnn_preprocess.py:68] Visiting: aten_view_copy_default_330, aten.view_copy.default
[INFO 2026-06-27 11:06:51,991 qnn_preprocess.py:68] Visiting: aten_view_copy_default_323, aten.view_copy.default
[INFO 2026-06-27 11:06:51,992 qnn_preprocess.py:68] Visiting: aten_linear_default_53, aten.linear.default
[INFO 2026-06-27 11:06:51,994 qnn_preprocess.py:68] Visiting: aten_linear_default_52, aten.linear.default
[INFO 2026-06-27 11:06:51,996 qnn_preprocess.py:68] Visiting: aten_linear_default_51, aten.linear.default
[INFO 2026-06-27 11:06:51,999 qnn_preprocess.py:68] Visiting: aten_linear_default_50, aten.linear.default
[INFO 2026-06-27 11:06:52,001 qnn_preprocess.py:68] Visiting: aten_view_copy_default_333, aten.view_copy.default
[INFO 2026-06-27 11:06:52,001 qnn_preprocess.py:68] Visiting: aten_view_copy_default_332, aten.view_copy.default
[INFO 2026-06-27 11:06:52,002 qnn_preprocess.py:68] Visiting: aten_view_copy_default_331, aten.view_copy.default
[INFO 2026-06-27 11:06:52,002 qnn_preprocess.py:68] Visiting: aten_view_copy_default_324, aten.view_copy.default
[INFO 2026-06-27 11:06:52,003 qnn_preprocess.py:68] Visiting: aten_view_copy_default_336, aten.view_copy.default
[INFO 2026-06-27 11:06:52,003 qnn_preprocess.py:68] Visiting: aten_view_copy_default_335, aten.view_copy.default
[INFO 2026-06-27 11:06:52,004 qnn_preprocess.py:68] Visiting: aten_view_copy_default_334, aten.view_copy.default
[INFO 2026-06-27 11:06:52,004 qnn_preprocess.py:68] Visiting: aten_view_copy_default_325, aten.view_copy.default
[INFO 2026-06-27 11:06:52,004 qnn_preprocess.py:68] Visiting: aten_permute_copy_default_92, aten.permute_copy.default
[INFO 2026-06-27 11:06:52,005 qnn_preprocess.py:68] Visiting: aten_permute_copy_default_91, aten.permute_copy.default
[INFO 2026-06-27 11:06:52,006 qnn_preprocess.py:68] Visiting: aten_permute_copy_default_90, aten.permute_copy.default
[INFO 2026-06-27 11:06:52,006 qnn_preprocess.py:68] Visiting: aten_sum_dim_int_list_7, aten.sum.dim_IntList
[INFO 2026-06-27 11:06:52,007 qnn_preprocess.py:68] Visiting: aten_view_copy_default_340, aten.view_copy.default
[INFO 2026-06-27 11:06:52,007 qnn_preprocess.py:68] Visiting: aten_view_copy_default_339, aten.view_copy.default
[INFO 2026-06-27 11:06:52,008 qnn_preprocess.py:68] Visiting: aten_view_copy_default_338, aten.view_copy.default
[INFO 2026-06-27 11:06:52,008 qnn_preprocess.py:68] Visiting: aten_sigmoid_default_7, aten.sigmoid.default
[INFO 2026-06-27 11:06:52,009 qnn_preprocess.py:68] Visiting: aten_view_copy_default_345, aten.view_copy.default
[INFO 2026-06-27 11:06:52,009 qnn_preprocess.py:68] Visiting: aten_permute_copy_default_93, aten.permute_copy.default
[INFO 2026-06-27 11:06:52,010 qnn_preprocess.py:68] Visiting: aten_mul_tensor_41, aten.mul.Tensor
[INFO 2026-06-27 11:06:52,011 qnn_preprocess.py:68] Visiting: aten_split_with_sizes_copy_default_14, aten.split_with_sizes_copy.default
[INFO 2026-06-27 11:06:52,012 qnn_preprocess.py:68] Visiting: aten_mul_tensor_42, aten.mul.Tensor
[INFO 2026-06-27 11:06:52,013 qnn_preprocess.py:68] Visiting: aten_view_copy_default_341, aten.view_copy.default
[INFO 2026-06-27 11:06:52,014 qnn_preprocess.py:68] Visiting: getitem_58, getitem
[INFO 2026-06-27 11:06:52,014 qnn_preprocess.py:68] Visiting: getitem_59, getitem
[INFO 2026-06-27 11:06:52,014 qnn_preprocess.py:68] Visiting: aten_view_copy_default_342, aten.view_copy.default
[INFO 2026-06-27 11:06:52,014 qnn_preprocess.py:68] Visiting: aten_mul_tensor_38, aten.mul.Tensor
[INFO 2026-06-27 11:06:52,016 qnn_preprocess.py:68] Visiting: aten_bmm_default_14, aten.bmm.default
[INFO 2026-06-27 11:06:52,017 qnn_preprocess.py:68] Visiting: aten_sub_tensor_9, aten.sub.Tensor
[INFO 2026-06-27 11:06:52,018 qnn_preprocess.py:68] Visiting: aten_view_copy_default_343, aten.view_copy.default
[INFO 2026-06-27 11:06:52,018 qnn_preprocess.py:68] Visiting: aten_mul_tensor_39, aten.mul.Tensor
[INFO 2026-06-27 11:06:52,019 qnn_preprocess.py:68] Visiting: aten_add_tensor_32, aten.add.Tensor
[INFO 2026-06-27 11:06:52,020 qnn_preprocess.py:68] Visiting: aten_view_copy_default_326, aten.view_copy.default
[INFO 2026-06-27 11:06:52,020 qnn_preprocess.py:68] Visiting: aten_mul_tensor_40, aten.mul.Tensor
[INFO 2026-06-27 11:06:52,021 qnn_preprocess.py:68] Visiting: aten_view_copy_default_327, aten.view_copy.default
[INFO 2026-06-27 11:06:52,021 qnn_preprocess.py:68] Visiting: aten_view_copy_default_337, aten.view_copy.default
[INFO 2026-06-27 11:06:52,022 qnn_preprocess.py:68] Visiting: aten_add_tensor_33, aten.add.Tensor
[INFO 2026-06-27 11:06:52,023 qnn_preprocess.py:68] Visiting: aten__safe_softmax_default_7, aten._safe_softmax.default
[INFO 2026-06-27 11:06:52,023 qnn_preprocess.py:68] Visiting: aten_view_copy_default_344, aten.view_copy.default
[INFO 2026-06-27 11:06:52,024 qnn_preprocess.py:68] Visiting: aten_bmm_default_15, aten.bmm.default
[INFO 2026-06-27 11:06:52,025 qnn_preprocess.py:68] Visiting: aten_view_copy_default_346, aten.view_copy.default
[INFO 2026-06-27 11:06:52,025 qnn_preprocess.py:68] Visiting: aten_permute_copy_default_281, aten.permute_copy.default
[INFO 2026-06-27 11:06:52,026 qnn_preprocess.py:68] Visiting: aten_view_copy_default_347, aten.view_copy.default
[INFO 2026-06-27 11:06:52,027 qnn_preprocess.py:68] Visiting: aten_linear_default_54, aten.linear.default
[INFO 2026-06-27 11:06:52,030 qnn_preprocess.py:68] Visiting: aten_view_copy_default_348, aten.view_copy.default
[INFO 2026-06-27 11:06:52,030 qnn_preprocess.py:68] Visiting: aten_permute_copy_default_97, aten.permute_copy.default
[INFO 2026-06-27 11:06:52,031 qnn_preprocess.py:68] Visiting: aten_add_tensor_34, aten.add.Tensor
[INFO 2026-06-27 11:06:52,032 qnn_preprocess.py:68] Visiting: aten_native_layer_norm_default_23, aten.native_layer_norm.default
[INFO 2026-06-27 11:06:52,034 qnn_preprocess.py:68] Visiting: getitem_63, getitem
[INFO 2026-06-27 11:06:52,034 qnn_preprocess.py:68] Visiting: aten_view_copy_default_349, aten.view_copy.default
[INFO 2026-06-27 11:06:52,035 qnn_preprocess.py:68] Visiting: aten_linear_default_55, aten.linear.default
[INFO 2026-06-27 11:06:52,040 qnn_preprocess.py:68] Visiting: aten_view_copy_default_350, aten.view_copy.default
[INFO 2026-06-27 11:06:52,040 qnn_preprocess.py:68] Visiting: aten_gelu_default_15, aten.gelu.default
[INFO 2026-06-27 11:06:52,041 qnn_preprocess.py:68] Visiting: aten_view_copy_default_351, aten.view_copy.default
[INFO 2026-06-27 11:06:52,041 qnn_preprocess.py:68] Visiting: aten_linear_default_56, aten.linear.default
[INFO 2026-06-27 11:06:52,045 qnn_preprocess.py:68] Visiting: aten_view_copy_default_352, aten.view_copy.default
[INFO 2026-06-27 11:06:52,046 qnn_preprocess.py:68] Visiting: aten_add_tensor_35, aten.add.Tensor
[INFO 2026-06-27 11:06:52,047 qnn_preprocess.py:68] Visiting: aten_native_layer_norm_default_24, aten.native_layer_norm.default
[INFO 2026-06-27 11:06:52,049 qnn_preprocess.py:68] Visiting: getitem_64, getitem
[INFO 2026-06-27 11:06:52,049 qnn_preprocess.py:68] Visiting: aten_view_copy_default_353, aten.view_copy.default
[INFO 2026-06-27 11:06:52,050 qnn_preprocess.py:68] Visiting: aten_permute_copy_default_99, aten.permute_copy.default
[INFO 2026-06-27 11:06:52,050 qnn_preprocess.py:68] Visiting: aten_permute_copy_default_98, aten.permute_copy.default
[INFO 2026-06-27 11:06:52,051 qnn_preprocess.py:68] Visiting: aten_view_copy_default_359, aten.view_copy.default
[INFO 2026-06-27 11:06:52,052 qnn_preprocess.py:68] Visiting: aten_view_copy_default_360, aten.view_copy.default
[INFO 2026-06-27 11:06:52,052 qnn_preprocess.py:68] Visiting: aten_view_copy_default_361, aten.view_copy.default
[INFO 2026-06-27 11:06:52,052 qnn_preprocess.py:68] Visiting: aten_view_copy_default_354, aten.view_copy.default
[INFO 2026-06-27 11:06:52,053 qnn_preprocess.py:68] Visiting: aten_linear_default_60, aten.linear.default
[INFO 2026-06-27 11:06:52,055 qnn_preprocess.py:68] Visiting: aten_linear_default_59, aten.linear.default
[INFO 2026-06-27 11:06:52,057 qnn_preprocess.py:68] Visiting: aten_linear_default_58, aten.linear.default
[INFO 2026-06-27 11:06:52,059 qnn_preprocess.py:68] Visiting: aten_linear_default_57, aten.linear.default
[INFO 2026-06-27 11:06:52,061 qnn_preprocess.py:68] Visiting: aten_view_copy_default_364, aten.view_copy.default
[INFO 2026-06-27 11:06:52,062 qnn_preprocess.py:68] Visiting: aten_view_copy_default_363, aten.view_copy.default
[INFO 2026-06-27 11:06:52,062 qnn_preprocess.py:68] Visiting: aten_view_copy_default_362, aten.view_copy.default
[INFO 2026-06-27 11:06:52,063 qnn_preprocess.py:68] Visiting: aten_view_copy_default_355, aten.view_copy.default
[INFO 2026-06-27 11:06:52,063 qnn_preprocess.py:68] Visiting: aten_view_copy_default_367, aten.view_copy.default
[INFO 2026-06-27 11:06:52,064 qnn_preprocess.py:68] Visiting: aten_view_copy_default_366, aten.view_copy.default
[INFO 2026-06-27 11:06:52,064 qnn_preprocess.py:68] Visiting: aten_view_copy_default_365, aten.view_copy.default
[INFO 2026-06-27 11:06:52,064 qnn_preprocess.py:68] Visiting: aten_view_copy_default_356, aten.view_copy.default
[INFO 2026-06-27 11:06:52,065 qnn_preprocess.py:68] Visiting: aten_permute_copy_default_102, aten.permute_copy.default
[INFO 2026-06-27 11:06:52,066 qnn_preprocess.py:68] Visiting: aten_permute_copy_default_101, aten.permute_copy.default
[INFO 2026-06-27 11:06:52,066 qnn_preprocess.py:68] Visiting: aten_permute_copy_default_100, aten.permute_copy.default
[INFO 2026-06-27 11:06:52,067 qnn_preprocess.py:68] Visiting: aten_sum_dim_int_list_8, aten.sum.dim_IntList
[INFO 2026-06-27 11:06:52,068 qnn_preprocess.py:68] Visiting: aten_view_copy_default_371, aten.view_copy.default
[INFO 2026-06-27 11:06:52,068 qnn_preprocess.py:68] Visiting: aten_view_copy_default_370, aten.view_copy.default
[INFO 2026-06-27 11:06:52,068 qnn_preprocess.py:68] Visiting: aten_view_copy_default_369, aten.view_copy.default
[INFO 2026-06-27 11:06:52,069 qnn_preprocess.py:68] Visiting: aten_sigmoid_default_8, aten.sigmoid.default
[INFO 2026-06-27 11:06:52,069 qnn_preprocess.py:68] Visiting: aten_view_copy_default_376, aten.view_copy.default
[INFO 2026-06-27 11:06:52,070 qnn_preprocess.py:68] Visiting: aten_permute_copy_default_103, aten.permute_copy.default
[INFO 2026-06-27 11:06:52,070 qnn_preprocess.py:68] Visiting: aten_mul_tensor_46, aten.mul.Tensor
[INFO 2026-06-27 11:06:52,071 qnn_preprocess.py:68] Visiting: aten_split_with_sizes_copy_default_16, aten.split_with_sizes_copy.default
[INFO 2026-06-27 11:06:52,072 qnn_preprocess.py:68] Visiting: aten_mul_tensor_47, aten.mul.Tensor
[INFO 2026-06-27 11:06:52,073 qnn_preprocess.py:68] Visiting: aten_view_copy_default_372, aten.view_copy.default
[INFO 2026-06-27 11:06:52,074 qnn_preprocess.py:68] Visiting: getitem_65, getitem
[INFO 2026-06-27 11:06:52,074 qnn_preprocess.py:68] Visiting: getitem_66, getitem
[INFO 2026-06-27 11:06:52,074 qnn_preprocess.py:68] Visiting: aten_view_copy_default_373, aten.view_copy.default
[INFO 2026-06-27 11:06:52,074 qnn_preprocess.py:68] Visiting: aten_mul_tensor_43, aten.mul.Tensor
[INFO 2026-06-27 11:06:52,076 qnn_preprocess.py:68] Visiting: aten_bmm_default_16, aten.bmm.default
[INFO 2026-06-27 11:06:52,076 qnn_preprocess.py:68] Visiting: aten_sub_tensor_10, aten.sub.Tensor
[INFO 2026-06-27 11:06:52,077 qnn_preprocess.py:68] Visiting: aten_view_copy_default_374, aten.view_copy.default
[INFO 2026-06-27 11:06:52,078 qnn_preprocess.py:68] Visiting: aten_mul_tensor_44, aten.mul.Tensor
[INFO 2026-06-27 11:06:52,078 qnn_preprocess.py:68] Visiting: aten_add_tensor_36, aten.add.Tensor
[INFO 2026-06-27 11:06:52,079 qnn_preprocess.py:68] Visiting: aten_view_copy_default_357, aten.view_copy.default
[INFO 2026-06-27 11:06:52,080 qnn_preprocess.py:68] Visiting: aten_mul_tensor_45, aten.mul.Tensor
[INFO 2026-06-27 11:06:52,080 qnn_preprocess.py:68] Visiting: aten_view_copy_default_358, aten.view_copy.default
[INFO 2026-06-27 11:06:52,081 qnn_preprocess.py:68] Visiting: aten_view_copy_default_368, aten.view_copy.default
[INFO 2026-06-27 11:06:52,081 qnn_preprocess.py:68] Visiting: aten_add_tensor_37, aten.add.Tensor
[INFO 2026-06-27 11:06:52,082 qnn_preprocess.py:68] Visiting: aten__safe_softmax_default_8, aten._safe_softmax.default
[INFO 2026-06-27 11:06:52,083 qnn_preprocess.py:68] Visiting: aten_view_copy_default_375, aten.view_copy.default
[INFO 2026-06-27 11:06:52,083 qnn_preprocess.py:68] Visiting: aten_bmm_default_17, aten.bmm.default
[INFO 2026-06-27 11:06:52,084 qnn_preprocess.py:68] Visiting: aten_view_copy_default_377, aten.view_copy.default
[INFO 2026-06-27 11:06:52,084 qnn_preprocess.py:68] Visiting: aten_permute_copy_default_282, aten.permute_copy.default
[INFO 2026-06-27 11:06:52,085 qnn_preprocess.py:68] Visiting: aten_view_copy_default_378, aten.view_copy.default
[INFO 2026-06-27 11:06:52,085 qnn_preprocess.py:68] Visiting: aten_linear_default_61, aten.linear.default
[INFO 2026-06-27 11:06:52,088 qnn_preprocess.py:68] Visiting: aten_view_copy_default_379, aten.view_copy.default
[INFO 2026-06-27 11:06:52,089 qnn_preprocess.py:68] Visiting: aten_permute_copy_default_107, aten.permute_copy.default
[INFO 2026-06-27 11:06:52,089 qnn_preprocess.py:68] Visiting: aten_add_tensor_38, aten.add.Tensor
[INFO 2026-06-27 11:06:52,090 qnn_preprocess.py:68] Visiting: aten_native_layer_norm_default_25, aten.native_layer_norm.default
[INFO 2026-06-27 11:06:52,092 qnn_preprocess.py:68] Visiting: getitem_70, getitem
[INFO 2026-06-27 11:06:52,092 qnn_preprocess.py:68] Visiting: aten_view_copy_default_380, aten.view_copy.default
[INFO 2026-06-27 11:06:52,093 qnn_preprocess.py:68] Visiting: aten_linear_default_62, aten.linear.default
[INFO 2026-06-27 11:06:52,097 qnn_preprocess.py:68] Visiting: aten_view_copy_default_381, aten.view_copy.default
[INFO 2026-06-27 11:06:52,098 qnn_preprocess.py:68] Visiting: aten_gelu_default_16, aten.gelu.default
[INFO 2026-06-27 11:06:52,098 qnn_preprocess.py:68] Visiting: aten_view_copy_default_382, aten.view_copy.default
[INFO 2026-06-27 11:06:52,099 qnn_preprocess.py:68] Visiting: aten_linear_default_63, aten.linear.default
[INFO 2026-06-27 11:06:52,103 qnn_preprocess.py:68] Visiting: aten_view_copy_default_383, aten.view_copy.default
[INFO 2026-06-27 11:06:52,104 qnn_preprocess.py:68] Visiting: aten_add_tensor_39, aten.add.Tensor
[INFO 2026-06-27 11:06:52,105 qnn_preprocess.py:68] Visiting: aten_native_layer_norm_default_26, aten.native_layer_norm.default
[INFO 2026-06-27 11:06:52,107 qnn_preprocess.py:68] Visiting: getitem_71, getitem
[INFO 2026-06-27 11:06:52,107 qnn_preprocess.py:68] Visiting: aten_view_copy_default_384, aten.view_copy.default
[INFO 2026-06-27 11:06:52,107 qnn_preprocess.py:68] Visiting: aten_permute_copy_default_109, aten.permute_copy.default
[INFO 2026-06-27 11:06:52,108 qnn_preprocess.py:68] Visiting: aten_permute_copy_default_108, aten.permute_copy.default
[INFO 2026-06-27 11:06:52,109 qnn_preprocess.py:68] Visiting: aten_view_copy_default_390, aten.view_copy.default
[INFO 2026-06-27 11:06:52,109 qnn_preprocess.py:68] Visiting: aten_view_copy_default_391, aten.view_copy.default
[INFO 2026-06-27 11:06:52,110 qnn_preprocess.py:68] Visiting: aten_view_copy_default_392, aten.view_copy.default
[INFO 2026-06-27 11:06:52,110 qnn_preprocess.py:68] Visiting: aten_view_copy_default_385, aten.view_copy.default
[INFO 2026-06-27 11:06:52,110 qnn_preprocess.py:68] Visiting: aten_linear_default_67, aten.linear.default
[INFO 2026-06-27 11:06:52,113 qnn_preprocess.py:68] Visiting: aten_linear_default_66, aten.linear.default
[INFO 2026-06-27 11:06:52,115 qnn_preprocess.py:68] Visiting: aten_linear_default_65, aten.linear.default
[INFO 2026-06-27 11:06:52,117 qnn_preprocess.py:68] Visiting: aten_linear_default_64, aten.linear.default
[INFO 2026-06-27 11:06:52,120 qnn_preprocess.py:68] Visiting: aten_view_copy_default_395, aten.view_copy.default
[INFO 2026-06-27 11:06:52,120 qnn_preprocess.py:68] Visiting: aten_view_copy_default_394, aten.view_copy.default
[INFO 2026-06-27 11:06:52,120 qnn_preprocess.py:68] Visiting: aten_view_copy_default_393, aten.view_copy.default
[INFO 2026-06-27 11:06:52,121 qnn_preprocess.py:68] Visiting: aten_view_copy_default_386, aten.view_copy.default
[INFO 2026-06-27 11:06:52,121 qnn_preprocess.py:68] Visiting: aten_view_copy_default_398, aten.view_copy.default
[INFO 2026-06-27 11:06:52,122 qnn_preprocess.py:68] Visiting: aten_view_copy_default_397, aten.view_copy.default
[INFO 2026-06-27 11:06:52,122 qnn_preprocess.py:68] Visiting: aten_view_copy_default_396, aten.view_copy.default
[INFO 2026-06-27 11:06:52,123 qnn_preprocess.py:68] Visiting: aten_view_copy_default_387, aten.view_copy.default
[INFO 2026-06-27 11:06:52,123 qnn_preprocess.py:68] Visiting: aten_permute_copy_default_112, aten.permute_copy.default
[INFO 2026-06-27 11:06:52,124 qnn_preprocess.py:68] Visiting: aten_permute_copy_default_111, aten.permute_copy.default
[INFO 2026-06-27 11:06:52,124 qnn_preprocess.py:68] Visiting: aten_permute_copy_default_110, aten.permute_copy.default
[INFO 2026-06-27 11:06:52,125 qnn_preprocess.py:68] Visiting: aten_sum_dim_int_list_9, aten.sum.dim_IntList
[INFO 2026-06-27 11:06:52,126 qnn_preprocess.py:68] Visiting: aten_view_copy_default_402, aten.view_copy.default
[INFO 2026-06-27 11:06:52,126 qnn_preprocess.py:68] Visiting: aten_view_copy_default_401, aten.view_copy.default
[INFO 2026-06-27 11:06:52,126 qnn_preprocess.py:68] Visiting: aten_view_copy_default_400, aten.view_copy.default
[INFO 2026-06-27 11:06:52,127 qnn_preprocess.py:68] Visiting: aten_sigmoid_default_9, aten.sigmoid.default
[INFO 2026-06-27 11:06:52,127 qnn_preprocess.py:68] Visiting: aten_view_copy_default_407, aten.view_copy.default
[INFO 2026-06-27 11:06:52,128 qnn_preprocess.py:68] Visiting: aten_permute_copy_default_113, aten.permute_copy.default
[INFO 2026-06-27 11:06:52,129 qnn_preprocess.py:68] Visiting: aten_mul_tensor_51, aten.mul.Tensor
[INFO 2026-06-27 11:06:52,129 qnn_preprocess.py:68] Visiting: aten_split_with_sizes_copy_default_18, aten.split_with_sizes_copy.default
[INFO 2026-06-27 11:06:52,130 qnn_preprocess.py:68] Visiting: aten_mul_tensor_52, aten.mul.Tensor
[INFO 2026-06-27 11:06:52,131 qnn_preprocess.py:68] Visiting: aten_view_copy_default_403, aten.view_copy.default
[INFO 2026-06-27 11:06:52,132 qnn_preprocess.py:68] Visiting: getitem_72, getitem
[INFO 2026-06-27 11:06:52,132 qnn_preprocess.py:68] Visiting: getitem_73, getitem
[INFO 2026-06-27 11:06:52,132 qnn_preprocess.py:68] Visiting: aten_view_copy_default_404, aten.view_copy.default
[INFO 2026-06-27 11:06:52,132 qnn_preprocess.py:68] Visiting: aten_mul_tensor_48, aten.mul.Tensor
[INFO 2026-06-27 11:06:52,134 qnn_preprocess.py:68] Visiting: aten_bmm_default_18, aten.bmm.default
[INFO 2026-06-27 11:06:52,134 qnn_preprocess.py:68] Visiting: aten_sub_tensor_11, aten.sub.Tensor
[INFO 2026-06-27 11:06:52,135 qnn_preprocess.py:68] Visiting: aten_view_copy_default_405, aten.view_copy.default
[INFO 2026-06-27 11:06:52,136 qnn_preprocess.py:68] Visiting: aten_mul_tensor_49, aten.mul.Tensor
[INFO 2026-06-27 11:06:52,136 qnn_preprocess.py:68] Visiting: aten_add_tensor_40, aten.add.Tensor
[INFO 2026-06-27 11:06:52,137 qnn_preprocess.py:68] Visiting: aten_view_copy_default_388, aten.view_copy.default
[INFO 2026-06-27 11:06:52,138 qnn_preprocess.py:68] Visiting: aten_mul_tensor_50, aten.mul.Tensor
[INFO 2026-06-27 11:06:52,138 qnn_preprocess.py:68] Visiting: aten_view_copy_default_389, aten.view_copy.default
[INFO 2026-06-27 11:06:52,139 qnn_preprocess.py:68] Visiting: aten_view_copy_default_399, aten.view_copy.default
[INFO 2026-06-27 11:06:52,139 qnn_preprocess.py:68] Visiting: aten_add_tensor_41, aten.add.Tensor
[INFO 2026-06-27 11:06:52,140 qnn_preprocess.py:68] Visiting: aten__safe_softmax_default_9, aten._safe_softmax.default
[INFO 2026-06-27 11:06:52,141 qnn_preprocess.py:68] Visiting: aten_view_copy_default_406, aten.view_copy.default
[INFO 2026-06-27 11:06:52,141 qnn_preprocess.py:68] Visiting: aten_bmm_default_19, aten.bmm.default
[INFO 2026-06-27 11:06:52,142 qnn_preprocess.py:68] Visiting: aten_view_copy_default_408, aten.view_copy.default
[INFO 2026-06-27 11:06:52,142 qnn_preprocess.py:68] Visiting: aten_permute_copy_default_283, aten.permute_copy.default
[INFO 2026-06-27 11:06:52,143 qnn_preprocess.py:68] Visiting: aten_view_copy_default_409, aten.view_copy.default
[INFO 2026-06-27 11:06:52,144 qnn_preprocess.py:68] Visiting: aten_linear_default_68, aten.linear.default
[INFO 2026-06-27 11:06:52,147 qnn_preprocess.py:68] Visiting: aten_view_copy_default_410, aten.view_copy.default
[INFO 2026-06-27 11:06:52,147 qnn_preprocess.py:68] Visiting: aten_permute_copy_default_117, aten.permute_copy.default
[INFO 2026-06-27 11:06:52,148 qnn_preprocess.py:68] Visiting: aten_add_tensor_42, aten.add.Tensor
[INFO 2026-06-27 11:06:52,148 qnn_preprocess.py:68] Visiting: aten_native_layer_norm_default_27, aten.native_layer_norm.default
[INFO 2026-06-27 11:06:52,151 qnn_preprocess.py:68] Visiting: getitem_77, getitem
[INFO 2026-06-27 11:06:52,151 qnn_preprocess.py:68] Visiting: aten_view_copy_default_411, aten.view_copy.default
[INFO 2026-06-27 11:06:52,151 qnn_preprocess.py:68] Visiting: aten_linear_default_69, aten.linear.default
[INFO 2026-06-27 11:06:52,156 qnn_preprocess.py:68] Visiting: aten_view_copy_default_412, aten.view_copy.default
[INFO 2026-06-27 11:06:52,156 qnn_preprocess.py:68] Visiting: aten_gelu_default_17, aten.gelu.default
[INFO 2026-06-27 11:06:52,157 qnn_preprocess.py:68] Visiting: aten_view_copy_default_413, aten.view_copy.default
[INFO 2026-06-27 11:06:52,157 qnn_preprocess.py:68] Visiting: aten_linear_default_70, aten.linear.default
[INFO 2026-06-27 11:06:52,162 qnn_preprocess.py:68] Visiting: aten_view_copy_default_414, aten.view_copy.default
[INFO 2026-06-27 11:06:52,162 qnn_preprocess.py:68] Visiting: aten_add_tensor_43, aten.add.Tensor
[INFO 2026-06-27 11:06:52,163 qnn_preprocess.py:68] Visiting: aten_native_layer_norm_default_28, aten.native_layer_norm.default
[INFO 2026-06-27 11:06:52,165 qnn_preprocess.py:68] Visiting: getitem_78, getitem
[INFO 2026-06-27 11:06:52,165 qnn_preprocess.py:68] Visiting: aten_view_copy_default_415, aten.view_copy.default
[INFO 2026-06-27 11:06:52,166 qnn_preprocess.py:68] Visiting: aten_permute_copy_default_119, aten.permute_copy.default
[INFO 2026-06-27 11:06:52,166 qnn_preprocess.py:68] Visiting: aten_permute_copy_default_118, aten.permute_copy.default
[INFO 2026-06-27 11:06:52,167 qnn_preprocess.py:68] Visiting: aten_view_copy_default_421, aten.view_copy.default
[INFO 2026-06-27 11:06:52,168 qnn_preprocess.py:68] Visiting: aten_view_copy_default_422, aten.view_copy.default
[INFO 2026-06-27 11:06:52,168 qnn_preprocess.py:68] Visiting: aten_view_copy_default_423, aten.view_copy.default
[INFO 2026-06-27 11:06:52,168 qnn_preprocess.py:68] Visiting: aten_view_copy_default_416, aten.view_copy.default
[INFO 2026-06-27 11:06:52,169 qnn_preprocess.py:68] Visiting: aten_linear_default_74, aten.linear.default
[INFO 2026-06-27 11:06:52,171 qnn_preprocess.py:68] Visiting: aten_linear_default_73, aten.linear.default
[INFO 2026-06-27 11:06:52,173 qnn_preprocess.py:68] Visiting: aten_linear_default_72, aten.linear.default
[INFO 2026-06-27 11:06:52,176 qnn_preprocess.py:68] Visiting: aten_linear_default_71, aten.linear.default
[INFO 2026-06-27 11:06:52,178 qnn_preprocess.py:68] Visiting: aten_view_copy_default_426, aten.view_copy.default
[INFO 2026-06-27 11:06:52,178 qnn_preprocess.py:68] Visiting: aten_view_copy_default_425, aten.view_copy.default
[INFO 2026-06-27 11:06:52,179 qnn_preprocess.py:68] Visiting: aten_view_copy_default_424, aten.view_copy.default
[INFO 2026-06-27 11:06:52,179 qnn_preprocess.py:68] Visiting: aten_view_copy_default_417, aten.view_copy.default
[INFO 2026-06-27 11:06:52,180 qnn_preprocess.py:68] Visiting: aten_view_copy_default_429, aten.view_copy.default
[INFO 2026-06-27 11:06:52,180 qnn_preprocess.py:68] Visiting: aten_view_copy_default_428, aten.view_copy.default
[INFO 2026-06-27 11:06:52,181 qnn_preprocess.py:68] Visiting: aten_view_copy_default_427, aten.view_copy.default
[INFO 2026-06-27 11:06:52,181 qnn_preprocess.py:68] Visiting: aten_view_copy_default_418, aten.view_copy.default
[INFO 2026-06-27 11:06:52,181 qnn_preprocess.py:68] Visiting: aten_permute_copy_default_122, aten.permute_copy.default
[INFO 2026-06-27 11:06:52,182 qnn_preprocess.py:68] Visiting: aten_permute_copy_default_121, aten.permute_copy.default
[INFO 2026-06-27 11:06:52,183 qnn_preprocess.py:68] Visiting: aten_permute_copy_default_120, aten.permute_copy.default
[INFO 2026-06-27 11:06:52,183 qnn_preprocess.py:68] Visiting: aten_sum_dim_int_list_10, aten.sum.dim_IntList
[INFO 2026-06-27 11:06:52,184 qnn_preprocess.py:68] Visiting: aten_view_copy_default_433, aten.view_copy.default
[INFO 2026-06-27 11:06:52,184 qnn_preprocess.py:68] Visiting: aten_view_copy_default_432, aten.view_copy.default
[INFO 2026-06-27 11:06:52,185 qnn_preprocess.py:68] Visiting: aten_view_copy_default_431, aten.view_copy.default
[INFO 2026-06-27 11:06:52,185 qnn_preprocess.py:68] Visiting: aten_sigmoid_default_10, aten.sigmoid.default
[INFO 2026-06-27 11:06:52,186 qnn_preprocess.py:68] Visiting: aten_view_copy_default_438, aten.view_copy.default
[INFO 2026-06-27 11:06:52,186 qnn_preprocess.py:68] Visiting: aten_permute_copy_default_123, aten.permute_copy.default
[INFO 2026-06-27 11:06:52,187 qnn_preprocess.py:68] Visiting: aten_mul_tensor_56, aten.mul.Tensor
[INFO 2026-06-27 11:06:52,188 qnn_preprocess.py:68] Visiting: aten_split_with_sizes_copy_default_20, aten.split_with_sizes_copy.default
[INFO 2026-06-27 11:06:52,189 qnn_preprocess.py:68] Visiting: aten_mul_tensor_57, aten.mul.Tensor
[INFO 2026-06-27 11:06:52,190 qnn_preprocess.py:68] Visiting: aten_view_copy_default_434, aten.view_copy.default
[INFO 2026-06-27 11:06:52,190 qnn_preprocess.py:68] Visiting: getitem_79, getitem
[INFO 2026-06-27 11:06:52,190 qnn_preprocess.py:68] Visiting: getitem_80, getitem
[INFO 2026-06-27 11:06:52,190 qnn_preprocess.py:68] Visiting: aten_view_copy_default_435, aten.view_copy.default
[INFO 2026-06-27 11:06:52,190 qnn_preprocess.py:68] Visiting: aten_mul_tensor_53, aten.mul.Tensor
[INFO 2026-06-27 11:06:52,192 qnn_preprocess.py:68] Visiting: aten_bmm_default_20, aten.bmm.default
[INFO 2026-06-27 11:06:52,193 qnn_preprocess.py:68] Visiting: aten_sub_tensor_12, aten.sub.Tensor
[INFO 2026-06-27 11:06:52,194 qnn_preprocess.py:68] Visiting: aten_view_copy_default_436, aten.view_copy.default
[INFO 2026-06-27 11:06:52,194 qnn_preprocess.py:68] Visiting: aten_mul_tensor_54, aten.mul.Tensor
[INFO 2026-06-27 11:06:52,195 qnn_preprocess.py:68] Visiting: aten_add_tensor_44, aten.add.Tensor
[INFO 2026-06-27 11:06:52,196 qnn_preprocess.py:68] Visiting: aten_view_copy_default_419, aten.view_copy.default
[INFO 2026-06-27 11:06:52,196 qnn_preprocess.py:68] Visiting: aten_mul_tensor_55, aten.mul.Tensor
[INFO 2026-06-27 11:06:52,197 qnn_preprocess.py:68] Visiting: aten_view_copy_default_420, aten.view_copy.default
[INFO 2026-06-27 11:06:52,198 qnn_preprocess.py:68] Visiting: aten_view_copy_default_430, aten.view_copy.default
[INFO 2026-06-27 11:06:52,198 qnn_preprocess.py:68] Visiting: aten_add_tensor_45, aten.add.Tensor
[INFO 2026-06-27 11:06:52,199 qnn_preprocess.py:68] Visiting: aten__safe_softmax_default_10, aten._safe_softmax.default
[INFO 2026-06-27 11:06:52,199 qnn_preprocess.py:68] Visiting: aten_view_copy_default_437, aten.view_copy.default
[INFO 2026-06-27 11:06:52,200 qnn_preprocess.py:68] Visiting: aten_bmm_default_21, aten.bmm.default
[INFO 2026-06-27 11:06:52,201 qnn_preprocess.py:68] Visiting: aten_view_copy_default_439, aten.view_copy.default
[INFO 2026-06-27 11:06:52,201 qnn_preprocess.py:68] Visiting: aten_permute_copy_default_284, aten.permute_copy.default
[INFO 2026-06-27 11:06:52,202 qnn_preprocess.py:68] Visiting: aten_view_copy_default_440, aten.view_copy.default
[INFO 2026-06-27 11:06:52,202 qnn_preprocess.py:68] Visiting: aten_linear_default_75, aten.linear.default
[INFO 2026-06-27 11:06:52,205 qnn_preprocess.py:68] Visiting: aten_view_copy_default_441, aten.view_copy.default
[INFO 2026-06-27 11:06:52,206 qnn_preprocess.py:68] Visiting: aten_permute_copy_default_127, aten.permute_copy.default
[INFO 2026-06-27 11:06:52,206 qnn_preprocess.py:68] Visiting: aten_add_tensor_46, aten.add.Tensor
[INFO 2026-06-27 11:06:52,207 qnn_preprocess.py:68] Visiting: aten_native_layer_norm_default_29, aten.native_layer_norm.default
[INFO 2026-06-27 11:06:52,209 qnn_preprocess.py:68] Visiting: getitem_84, getitem
[INFO 2026-06-27 11:06:52,209 qnn_preprocess.py:68] Visiting: aten_view_copy_default_442, aten.view_copy.default
[INFO 2026-06-27 11:06:52,210 qnn_preprocess.py:68] Visiting: aten_linear_default_76, aten.linear.default
[INFO 2026-06-27 11:06:52,214 qnn_preprocess.py:68] Visiting: aten_view_copy_default_443, aten.view_copy.default
[INFO 2026-06-27 11:06:52,215 qnn_preprocess.py:68] Visiting: aten_gelu_default_18, aten.gelu.default
[INFO 2026-06-27 11:06:52,216 qnn_preprocess.py:68] Visiting: aten_view_copy_default_444, aten.view_copy.default
[INFO 2026-06-27 11:06:52,216 qnn_preprocess.py:68] Visiting: aten_linear_default_77, aten.linear.default
[INFO 2026-06-27 11:06:52,221 qnn_preprocess.py:68] Visiting: aten_view_copy_default_445, aten.view_copy.default
[INFO 2026-06-27 11:06:52,221 qnn_preprocess.py:68] Visiting: aten_add_tensor_47, aten.add.Tensor
[INFO 2026-06-27 11:06:52,222 qnn_preprocess.py:68] Visiting: aten_native_layer_norm_default_30, aten.native_layer_norm.default
[INFO 2026-06-27 11:06:52,224 qnn_preprocess.py:68] Visiting: getitem_85, getitem
[INFO 2026-06-27 11:06:52,224 qnn_preprocess.py:68] Visiting: aten_view_copy_default_446, aten.view_copy.default
[INFO 2026-06-27 11:06:52,225 qnn_preprocess.py:68] Visiting: aten_permute_copy_default_129, aten.permute_copy.default
[INFO 2026-06-27 11:06:52,225 qnn_preprocess.py:68] Visiting: aten_permute_copy_default_128, aten.permute_copy.default
[INFO 2026-06-27 11:06:52,226 qnn_preprocess.py:68] Visiting: aten_view_copy_default_452, aten.view_copy.default
[INFO 2026-06-27 11:06:52,226 qnn_preprocess.py:68] Visiting: aten_view_copy_default_453, aten.view_copy.default
[INFO 2026-06-27 11:06:52,227 qnn_preprocess.py:68] Visiting: aten_view_copy_default_454, aten.view_copy.default
[INFO 2026-06-27 11:06:52,227 qnn_preprocess.py:68] Visiting: aten_view_copy_default_447, aten.view_copy.default
[INFO 2026-06-27 11:06:52,228 qnn_preprocess.py:68] Visiting: aten_linear_default_81, aten.linear.default
[INFO 2026-06-27 11:06:52,230 qnn_preprocess.py:68] Visiting: aten_linear_default_80, aten.linear.default
[INFO 2026-06-27 11:06:52,232 qnn_preprocess.py:68] Visiting: aten_linear_default_79, aten.linear.default
[INFO 2026-06-27 11:06:52,234 qnn_preprocess.py:68] Visiting: aten_linear_default_78, aten.linear.default
[INFO 2026-06-27 11:06:52,237 qnn_preprocess.py:68] Visiting: aten_view_copy_default_457, aten.view_copy.default
[INFO 2026-06-27 11:06:52,237 qnn_preprocess.py:68] Visiting: aten_view_copy_default_456, aten.view_copy.default
[INFO 2026-06-27 11:06:52,238 qnn_preprocess.py:68] Visiting: aten_view_copy_default_455, aten.view_copy.default
[INFO 2026-06-27 11:06:52,238 qnn_preprocess.py:68] Visiting: aten_view_copy_default_448, aten.view_copy.default
[INFO 2026-06-27 11:06:52,239 qnn_preprocess.py:68] Visiting: aten_view_copy_default_460, aten.view_copy.default
[INFO 2026-06-27 11:06:52,239 qnn_preprocess.py:68] Visiting: aten_view_copy_default_459, aten.view_copy.default
[INFO 2026-06-27 11:06:52,239 qnn_preprocess.py:68] Visiting: aten_view_copy_default_458, aten.view_copy.default
[INFO 2026-06-27 11:06:52,240 qnn_preprocess.py:68] Visiting: aten_view_copy_default_449, aten.view_copy.default
[INFO 2026-06-27 11:06:52,240 qnn_preprocess.py:68] Visiting: aten_permute_copy_default_132, aten.permute_copy.default
[INFO 2026-06-27 11:06:52,241 qnn_preprocess.py:68] Visiting: aten_permute_copy_default_131, aten.permute_copy.default
[INFO 2026-06-27 11:06:52,242 qnn_preprocess.py:68] Visiting: aten_permute_copy_default_130, aten.permute_copy.default
[INFO 2026-06-27 11:06:52,242 qnn_preprocess.py:68] Visiting: aten_sum_dim_int_list_11, aten.sum.dim_IntList
[INFO 2026-06-27 11:06:52,243 qnn_preprocess.py:68] Visiting: aten_view_copy_default_464, aten.view_copy.default
[INFO 2026-06-27 11:06:52,243 qnn_preprocess.py:68] Visiting: aten_view_copy_default_463, aten.view_copy.default
[INFO 2026-06-27 11:06:52,244 qnn_preprocess.py:68] Visiting: aten_view_copy_default_462, aten.view_copy.default
[INFO 2026-06-27 11:06:52,244 qnn_preprocess.py:68] Visiting: aten_sigmoid_default_11, aten.sigmoid.default
[INFO 2026-06-27 11:06:52,245 qnn_preprocess.py:68] Visiting: aten_view_copy_default_469, aten.view_copy.default
[INFO 2026-06-27 11:06:52,245 qnn_preprocess.py:68] Visiting: aten_permute_copy_default_133, aten.permute_copy.default
[INFO 2026-06-27 11:06:52,246 qnn_preprocess.py:68] Visiting: aten_mul_tensor_61, aten.mul.Tensor
[INFO 2026-06-27 11:06:52,247 qnn_preprocess.py:68] Visiting: aten_split_with_sizes_copy_default_22, aten.split_with_sizes_copy.default
[INFO 2026-06-27 11:06:52,248 qnn_preprocess.py:68] Visiting: aten_mul_tensor_62, aten.mul.Tensor
[INFO 2026-06-27 11:06:52,248 qnn_preprocess.py:68] Visiting: aten_view_copy_default_465, aten.view_copy.default
[INFO 2026-06-27 11:06:52,249 qnn_preprocess.py:68] Visiting: getitem_86, getitem
[INFO 2026-06-27 11:06:52,249 qnn_preprocess.py:68] Visiting: getitem_87, getitem
[INFO 2026-06-27 11:06:52,249 qnn_preprocess.py:68] Visiting: aten_view_copy_default_466, aten.view_copy.default
[INFO 2026-06-27 11:06:52,249 qnn_preprocess.py:68] Visiting: aten_mul_tensor_58, aten.mul.Tensor
[INFO 2026-06-27 11:06:52,251 qnn_preprocess.py:68] Visiting: aten_bmm_default_22, aten.bmm.default
[INFO 2026-06-27 11:06:52,252 qnn_preprocess.py:68] Visiting: aten_sub_tensor_13, aten.sub.Tensor
[INFO 2026-06-27 11:06:52,252 qnn_preprocess.py:68] Visiting: aten_view_copy_default_467, aten.view_copy.default
[INFO 2026-06-27 11:06:52,253 qnn_preprocess.py:68] Visiting: aten_mul_tensor_59, aten.mul.Tensor
[INFO 2026-06-27 11:06:52,254 qnn_preprocess.py:68] Visiting: aten_add_tensor_48, aten.add.Tensor
[INFO 2026-06-27 11:06:52,254 qnn_preprocess.py:68] Visiting: aten_view_copy_default_450, aten.view_copy.default
[INFO 2026-06-27 11:06:52,255 qnn_preprocess.py:68] Visiting: aten_mul_tensor_60, aten.mul.Tensor
[INFO 2026-06-27 11:06:52,256 qnn_preprocess.py:68] Visiting: aten_view_copy_default_451, aten.view_copy.default
[INFO 2026-06-27 11:06:52,256 qnn_preprocess.py:68] Visiting: aten_view_copy_default_461, aten.view_copy.default
[INFO 2026-06-27 11:06:52,256 qnn_preprocess.py:68] Visiting: aten_add_tensor_49, aten.add.Tensor
[INFO 2026-06-27 11:06:52,257 qnn_preprocess.py:68] Visiting: aten__safe_softmax_default_11, aten._safe_softmax.default
[INFO 2026-06-27 11:06:52,258 qnn_preprocess.py:68] Visiting: aten_view_copy_default_468, aten.view_copy.default
[INFO 2026-06-27 11:06:52,258 qnn_preprocess.py:68] Visiting: aten_bmm_default_23, aten.bmm.default
[INFO 2026-06-27 11:06:52,259 qnn_preprocess.py:68] Visiting: aten_view_copy_default_470, aten.view_copy.default
[INFO 2026-06-27 11:06:52,259 qnn_preprocess.py:68] Visiting: aten_permute_copy_default_285, aten.permute_copy.default
[INFO 2026-06-27 11:06:52,260 qnn_preprocess.py:68] Visiting: aten_view_copy_default_471, aten.view_copy.default
[INFO 2026-06-27 11:06:52,260 qnn_preprocess.py:68] Visiting: aten_linear_default_82, aten.linear.default
[INFO 2026-06-27 11:06:52,263 qnn_preprocess.py:68] Visiting: aten_view_copy_default_472, aten.view_copy.default
[INFO 2026-06-27 11:06:52,264 qnn_preprocess.py:68] Visiting: aten_permute_copy_default_137, aten.permute_copy.default
[INFO 2026-06-27 11:06:52,265 qnn_preprocess.py:68] Visiting: aten_add_tensor_50, aten.add.Tensor
[INFO 2026-06-27 11:06:52,265 qnn_preprocess.py:68] Visiting: aten_native_layer_norm_default_31, aten.native_layer_norm.default
[INFO 2026-06-27 11:06:52,268 qnn_preprocess.py:68] Visiting: getitem_91, getitem
[INFO 2026-06-27 11:06:52,268 qnn_preprocess.py:68] Visiting: aten_view_copy_default_473, aten.view_copy.default
[INFO 2026-06-27 11:06:52,268 qnn_preprocess.py:68] Visiting: aten_linear_default_83, aten.linear.default
[INFO 2026-06-27 11:06:52,273 qnn_preprocess.py:68] Visiting: aten_view_copy_default_474, aten.view_copy.default
[INFO 2026-06-27 11:06:52,273 qnn_preprocess.py:68] Visiting: aten_gelu_default_19, aten.gelu.default
[INFO 2026-06-27 11:06:52,274 qnn_preprocess.py:68] Visiting: aten_view_copy_default_475, aten.view_copy.default
[INFO 2026-06-27 11:06:52,274 qnn_preprocess.py:68] Visiting: aten_linear_default_84, aten.linear.default
[INFO 2026-06-27 11:06:52,279 qnn_preprocess.py:68] Visiting: aten_view_copy_default_476, aten.view_copy.default
[INFO 2026-06-27 11:06:52,279 qnn_preprocess.py:68] Visiting: aten_add_tensor_51, aten.add.Tensor
[INFO 2026-06-27 11:06:52,280 qnn_preprocess.py:68] Visiting: aten_native_layer_norm_default_32, aten.native_layer_norm.default
[INFO 2026-06-27 11:06:52,282 qnn_preprocess.py:68] Visiting: getitem_92, getitem
[INFO 2026-06-27 11:06:52,282 qnn_preprocess.py:68] Visiting: aten_view_copy_default_477, aten.view_copy.default
[INFO 2026-06-27 11:06:52,283 qnn_preprocess.py:68] Visiting: aten_permute_copy_default_139, aten.permute_copy.default
[INFO 2026-06-27 11:06:52,283 qnn_preprocess.py:68] Visiting: aten_permute_copy_default_138, aten.permute_copy.default
[INFO 2026-06-27 11:06:52,284 qnn_preprocess.py:68] Visiting: aten_view_copy_default_483, aten.view_copy.default
[INFO 2026-06-27 11:06:52,284 qnn_preprocess.py:68] Visiting: aten_view_copy_default_484, aten.view_copy.default
[INFO 2026-06-27 11:06:52,285 qnn_preprocess.py:68] Visiting: aten_view_copy_default_485, aten.view_copy.default
[INFO 2026-06-27 11:06:52,285 qnn_preprocess.py:68] Visiting: aten_view_copy_default_478, aten.view_copy.default
[INFO 2026-06-27 11:06:52,286 qnn_preprocess.py:68] Visiting: aten_linear_default_88, aten.linear.default
[INFO 2026-06-27 11:06:52,288 qnn_preprocess.py:68] Visiting: aten_linear_default_87, aten.linear.default
[INFO 2026-06-27 11:06:52,290 qnn_preprocess.py:68] Visiting: aten_linear_default_86, aten.linear.default
[INFO 2026-06-27 11:06:52,293 qnn_preprocess.py:68] Visiting: aten_linear_default_85, aten.linear.default
[INFO 2026-06-27 11:06:52,295 qnn_preprocess.py:68] Visiting: aten_view_copy_default_488, aten.view_copy.default
[INFO 2026-06-27 11:06:52,295 qnn_preprocess.py:68] Visiting: aten_view_copy_default_487, aten.view_copy.default
[INFO 2026-06-27 11:06:52,296 qnn_preprocess.py:68] Visiting: aten_view_copy_default_486, aten.view_copy.default
[INFO 2026-06-27 11:06:52,296 qnn_preprocess.py:68] Visiting: aten_view_copy_default_479, aten.view_copy.default
[INFO 2026-06-27 11:06:52,297 qnn_preprocess.py:68] Visiting: aten_view_copy_default_491, aten.view_copy.default
[INFO 2026-06-27 11:06:52,297 qnn_preprocess.py:68] Visiting: aten_view_copy_default_490, aten.view_copy.default
[INFO 2026-06-27 11:06:52,298 qnn_preprocess.py:68] Visiting: aten_view_copy_default_489, aten.view_copy.default
[INFO 2026-06-27 11:06:52,298 qnn_preprocess.py:68] Visiting: aten_view_copy_default_480, aten.view_copy.default
[INFO 2026-06-27 11:06:52,298 qnn_preprocess.py:68] Visiting: aten_permute_copy_default_142, aten.permute_copy.default
[INFO 2026-06-27 11:06:52,299 qnn_preprocess.py:68] Visiting: aten_permute_copy_default_141, aten.permute_copy.default
[INFO 2026-06-27 11:06:52,300 qnn_preprocess.py:68] Visiting: aten_permute_copy_default_140, aten.permute_copy.default
[INFO 2026-06-27 11:06:52,300 qnn_preprocess.py:68] Visiting: aten_sum_dim_int_list_12, aten.sum.dim_IntList
[INFO 2026-06-27 11:06:52,301 qnn_preprocess.py:68] Visiting: aten_view_copy_default_495, aten.view_copy.default
[INFO 2026-06-27 11:06:52,301 qnn_preprocess.py:68] Visiting: aten_view_copy_default_494, aten.view_copy.default
[INFO 2026-06-27 11:06:52,302 qnn_preprocess.py:68] Visiting: aten_view_copy_default_493, aten.view_copy.default
[INFO 2026-06-27 11:06:52,302 qnn_preprocess.py:68] Visiting: aten_sigmoid_default_12, aten.sigmoid.default
[INFO 2026-06-27 11:06:52,303 qnn_preprocess.py:68] Visiting: aten_view_copy_default_500, aten.view_copy.default
[INFO 2026-06-27 11:06:52,303 qnn_preprocess.py:68] Visiting: aten_permute_copy_default_143, aten.permute_copy.default
[INFO 2026-06-27 11:06:52,304 qnn_preprocess.py:68] Visiting: aten_mul_tensor_66, aten.mul.Tensor
[INFO 2026-06-27 11:06:52,305 qnn_preprocess.py:68] Visiting: aten_split_with_sizes_copy_default_24, aten.split_with_sizes_copy.default
[INFO 2026-06-27 11:06:52,306 qnn_preprocess.py:68] Visiting: aten_mul_tensor_67, aten.mul.Tensor
[INFO 2026-06-27 11:06:52,307 qnn_preprocess.py:68] Visiting: aten_view_copy_default_496, aten.view_copy.default
[INFO 2026-06-27 11:06:52,307 qnn_preprocess.py:68] Visiting: getitem_93, getitem
[INFO 2026-06-27 11:06:52,307 qnn_preprocess.py:68] Visiting: getitem_94, getitem
[INFO 2026-06-27 11:06:52,307 qnn_preprocess.py:68] Visiting: aten_view_copy_default_497, aten.view_copy.default
[INFO 2026-06-27 11:06:52,307 qnn_preprocess.py:68] Visiting: aten_mul_tensor_63, aten.mul.Tensor
[INFO 2026-06-27 11:06:52,309 qnn_preprocess.py:68] Visiting: aten_bmm_default_24, aten.bmm.default
[INFO 2026-06-27 11:06:52,310 qnn_preprocess.py:68] Visiting: aten_sub_tensor_14, aten.sub.Tensor
[INFO 2026-06-27 11:06:52,311 qnn_preprocess.py:68] Visiting: aten_view_copy_default_498, aten.view_copy.default
[INFO 2026-06-27 11:06:52,311 qnn_preprocess.py:68] Visiting: aten_mul_tensor_64, aten.mul.Tensor
[INFO 2026-06-27 11:06:52,312 qnn_preprocess.py:68] Visiting: aten_add_tensor_52, aten.add.Tensor
[INFO 2026-06-27 11:06:52,313 qnn_preprocess.py:68] Visiting: aten_view_copy_default_481, aten.view_copy.default
[INFO 2026-06-27 11:06:52,313 qnn_preprocess.py:68] Visiting: aten_mul_tensor_65, aten.mul.Tensor
[INFO 2026-06-27 11:06:52,314 qnn_preprocess.py:68] Visiting: aten_view_copy_default_482, aten.view_copy.default
[INFO 2026-06-27 11:06:52,314 qnn_preprocess.py:68] Visiting: aten_view_copy_default_492, aten.view_copy.default
[INFO 2026-06-27 11:06:52,315 qnn_preprocess.py:68] Visiting: aten_add_tensor_53, aten.add.Tensor
[INFO 2026-06-27 11:06:52,315 qnn_preprocess.py:68] Visiting: aten__safe_softmax_default_12, aten._safe_softmax.default
[INFO 2026-06-27 11:06:52,316 qnn_preprocess.py:68] Visiting: aten_view_copy_default_499, aten.view_copy.default
[INFO 2026-06-27 11:06:52,316 qnn_preprocess.py:68] Visiting: aten_bmm_default_25, aten.bmm.default
[INFO 2026-06-27 11:06:52,317 qnn_preprocess.py:68] Visiting: aten_view_copy_default_501, aten.view_copy.default
[INFO 2026-06-27 11:06:52,318 qnn_preprocess.py:68] Visiting: aten_permute_copy_default_286, aten.permute_copy.default
[INFO 2026-06-27 11:06:52,318 qnn_preprocess.py:68] Visiting: aten_view_copy_default_502, aten.view_copy.default
[INFO 2026-06-27 11:06:52,319 qnn_preprocess.py:68] Visiting: aten_linear_default_89, aten.linear.default
[INFO 2026-06-27 11:06:52,322 qnn_preprocess.py:68] Visiting: aten_view_copy_default_503, aten.view_copy.default
[INFO 2026-06-27 11:06:52,322 qnn_preprocess.py:68] Visiting: aten_permute_copy_default_147, aten.permute_copy.default
[INFO 2026-06-27 11:06:52,323 qnn_preprocess.py:68] Visiting: aten_add_tensor_54, aten.add.Tensor
[INFO 2026-06-27 11:06:52,324 qnn_preprocess.py:68] Visiting: aten_native_layer_norm_default_33, aten.native_layer_norm.default
[INFO 2026-06-27 11:06:52,326 qnn_preprocess.py:68] Visiting: getitem_98, getitem
[INFO 2026-06-27 11:06:52,326 qnn_preprocess.py:68] Visiting: aten_view_copy_default_504, aten.view_copy.default
[INFO 2026-06-27 11:06:52,326 qnn_preprocess.py:68] Visiting: aten_linear_default_90, aten.linear.default
[INFO 2026-06-27 11:06:52,331 qnn_preprocess.py:68] Visiting: aten_view_copy_default_505, aten.view_copy.default
[INFO 2026-06-27 11:06:52,331 qnn_preprocess.py:68] Visiting: aten_gelu_default_20, aten.gelu.default
[INFO 2026-06-27 11:06:52,332 qnn_preprocess.py:68] Visiting: aten_view_copy_default_506, aten.view_copy.default
[INFO 2026-06-27 11:06:52,332 qnn_preprocess.py:68] Visiting: aten_linear_default_91, aten.linear.default
[INFO 2026-06-27 11:06:52,337 qnn_preprocess.py:68] Visiting: aten_view_copy_default_507, aten.view_copy.default
[INFO 2026-06-27 11:06:52,338 qnn_preprocess.py:68] Visiting: aten_add_tensor_55, aten.add.Tensor
[INFO 2026-06-27 11:06:52,338 qnn_preprocess.py:68] Visiting: aten_native_layer_norm_default_34, aten.native_layer_norm.default
[INFO 2026-06-27 11:06:52,340 qnn_preprocess.py:68] Visiting: getitem_99, getitem
[INFO 2026-06-27 11:06:52,341 qnn_preprocess.py:68] Visiting: aten_view_copy_default_508, aten.view_copy.default
[INFO 2026-06-27 11:06:52,341 qnn_preprocess.py:68] Visiting: aten_permute_copy_default_149, aten.permute_copy.default
[INFO 2026-06-27 11:06:52,342 qnn_preprocess.py:68] Visiting: aten_permute_copy_default_148, aten.permute_copy.default
[INFO 2026-06-27 11:06:52,342 qnn_preprocess.py:68] Visiting: aten_view_copy_default_514, aten.view_copy.default
[INFO 2026-06-27 11:06:52,343 qnn_preprocess.py:68] Visiting: aten_view_copy_default_515, aten.view_copy.default
[INFO 2026-06-27 11:06:52,343 qnn_preprocess.py:68] Visiting: aten_view_copy_default_516, aten.view_copy.default
[INFO 2026-06-27 11:06:52,344 qnn_preprocess.py:68] Visiting: aten_view_copy_default_509, aten.view_copy.default
[INFO 2026-06-27 11:06:52,344 qnn_preprocess.py:68] Visiting: aten_linear_default_95, aten.linear.default
[INFO 2026-06-27 11:06:52,346 qnn_preprocess.py:68] Visiting: aten_linear_default_94, aten.linear.default
[INFO 2026-06-27 11:06:52,349 qnn_preprocess.py:68] Visiting: aten_linear_default_93, aten.linear.default
[INFO 2026-06-27 11:06:52,351 qnn_preprocess.py:68] Visiting: aten_linear_default_92, aten.linear.default
[INFO 2026-06-27 11:06:52,353 qnn_preprocess.py:68] Visiting: aten_view_copy_default_519, aten.view_copy.default
[INFO 2026-06-27 11:06:52,354 qnn_preprocess.py:68] Visiting: aten_view_copy_default_518, aten.view_copy.default
[INFO 2026-06-27 11:06:52,354 qnn_preprocess.py:68] Visiting: aten_view_copy_default_517, aten.view_copy.default
[INFO 2026-06-27 11:06:52,354 qnn_preprocess.py:68] Visiting: aten_view_copy_default_510, aten.view_copy.default
[INFO 2026-06-27 11:06:52,355 qnn_preprocess.py:68] Visiting: aten_view_copy_default_522, aten.view_copy.default
[INFO 2026-06-27 11:06:52,355 qnn_preprocess.py:68] Visiting: aten_view_copy_default_521, aten.view_copy.default
[INFO 2026-06-27 11:06:52,356 qnn_preprocess.py:68] Visiting: aten_view_copy_default_520, aten.view_copy.default
[INFO 2026-06-27 11:06:52,356 qnn_preprocess.py:68] Visiting: aten_view_copy_default_511, aten.view_copy.default
[INFO 2026-06-27 11:06:52,356 qnn_preprocess.py:68] Visiting: aten_permute_copy_default_152, aten.permute_copy.default
[INFO 2026-06-27 11:06:52,357 qnn_preprocess.py:68] Visiting: aten_permute_copy_default_151, aten.permute_copy.default
[INFO 2026-06-27 11:06:52,358 qnn_preprocess.py:68] Visiting: aten_permute_copy_default_150, aten.permute_copy.default
[INFO 2026-06-27 11:06:52,358 qnn_preprocess.py:68] Visiting: aten_sum_dim_int_list_13, aten.sum.dim_IntList
[INFO 2026-06-27 11:06:52,359 qnn_preprocess.py:68] Visiting: aten_view_copy_default_526, aten.view_copy.default
[INFO 2026-06-27 11:06:52,359 qnn_preprocess.py:68] Visiting: aten_view_copy_default_525, aten.view_copy.default
[INFO 2026-06-27 11:06:52,360 qnn_preprocess.py:68] Visiting: aten_view_copy_default_524, aten.view_copy.default
[INFO 2026-06-27 11:06:52,360 qnn_preprocess.py:68] Visiting: aten_sigmoid_default_13, aten.sigmoid.default
[INFO 2026-06-27 11:06:52,361 qnn_preprocess.py:68] Visiting: aten_view_copy_default_531, aten.view_copy.default
[INFO 2026-06-27 11:06:52,361 qnn_preprocess.py:68] Visiting: aten_permute_copy_default_153, aten.permute_copy.default
[INFO 2026-06-27 11:06:52,362 qnn_preprocess.py:68] Visiting: aten_mul_tensor_71, aten.mul.Tensor
[INFO 2026-06-27 11:06:52,363 qnn_preprocess.py:68] Visiting: aten_split_with_sizes_copy_default_26, aten.split_with_sizes_copy.default
[INFO 2026-06-27 11:06:52,364 qnn_preprocess.py:68] Visiting: aten_mul_tensor_72, aten.mul.Tensor
[INFO 2026-06-27 11:06:52,365 qnn_preprocess.py:68] Visiting: aten_view_copy_default_527, aten.view_copy.default
[INFO 2026-06-27 11:06:52,365 qnn_preprocess.py:68] Visiting: getitem_100, getitem
[INFO 2026-06-27 11:06:52,365 qnn_preprocess.py:68] Visiting: getitem_101, getitem
[INFO 2026-06-27 11:06:52,365 qnn_preprocess.py:68] Visiting: aten_view_copy_default_528, aten.view_copy.default
[INFO 2026-06-27 11:06:52,366 qnn_preprocess.py:68] Visiting: aten_mul_tensor_68, aten.mul.Tensor
[INFO 2026-06-27 11:06:52,367 qnn_preprocess.py:68] Visiting: aten_bmm_default_26, aten.bmm.default
[INFO 2026-06-27 11:06:52,368 qnn_preprocess.py:68] Visiting: aten_sub_tensor_15, aten.sub.Tensor
[INFO 2026-06-27 11:06:52,369 qnn_preprocess.py:68] Visiting: aten_view_copy_default_529, aten.view_copy.default
[INFO 2026-06-27 11:06:52,369 qnn_preprocess.py:68] Visiting: aten_mul_tensor_69, aten.mul.Tensor
[INFO 2026-06-27 11:06:52,370 qnn_preprocess.py:68] Visiting: aten_add_tensor_56, aten.add.Tensor
[INFO 2026-06-27 11:06:52,371 qnn_preprocess.py:68] Visiting: aten_view_copy_default_512, aten.view_copy.default
[INFO 2026-06-27 11:06:52,371 qnn_preprocess.py:68] Visiting: aten_mul_tensor_70, aten.mul.Tensor
[INFO 2026-06-27 11:06:52,372 qnn_preprocess.py:68] Visiting: aten_view_copy_default_513, aten.view_copy.default
[INFO 2026-06-27 11:06:52,373 qnn_preprocess.py:68] Visiting: aten_view_copy_default_523, aten.view_copy.default
[INFO 2026-06-27 11:06:52,373 qnn_preprocess.py:68] Visiting: aten_add_tensor_57, aten.add.Tensor
[INFO 2026-06-27 11:06:52,374 qnn_preprocess.py:68] Visiting: aten__safe_softmax_default_13, aten._safe_softmax.default
[INFO 2026-06-27 11:06:52,374 qnn_preprocess.py:68] Visiting: aten_view_copy_default_530, aten.view_copy.default
[INFO 2026-06-27 11:06:52,375 qnn_preprocess.py:68] Visiting: aten_bmm_default_27, aten.bmm.default
[INFO 2026-06-27 11:06:52,376 qnn_preprocess.py:68] Visiting: aten_view_copy_default_532, aten.view_copy.default
[INFO 2026-06-27 11:06:52,376 qnn_preprocess.py:68] Visiting: aten_permute_copy_default_287, aten.permute_copy.default
[INFO 2026-06-27 11:06:52,377 qnn_preprocess.py:68] Visiting: aten_view_copy_default_533, aten.view_copy.default
[INFO 2026-06-27 11:06:52,377 qnn_preprocess.py:68] Visiting: aten_linear_default_96, aten.linear.default
[INFO 2026-06-27 11:06:52,380 qnn_preprocess.py:68] Visiting: aten_view_copy_default_534, aten.view_copy.default
[INFO 2026-06-27 11:06:52,381 qnn_preprocess.py:68] Visiting: aten_permute_copy_default_157, aten.permute_copy.default
[INFO 2026-06-27 11:06:52,381 qnn_preprocess.py:68] Visiting: aten_add_tensor_58, aten.add.Tensor
[INFO 2026-06-27 11:06:52,382 qnn_preprocess.py:68] Visiting: aten_native_layer_norm_default_35, aten.native_layer_norm.default
[INFO 2026-06-27 11:06:52,384 qnn_preprocess.py:68] Visiting: getitem_105, getitem
[INFO 2026-06-27 11:06:52,385 qnn_preprocess.py:68] Visiting: aten_view_copy_default_535, aten.view_copy.default
[INFO 2026-06-27 11:06:52,385 qnn_preprocess.py:68] Visiting: aten_linear_default_97, aten.linear.default
[INFO 2026-06-27 11:06:52,390 qnn_preprocess.py:68] Visiting: aten_view_copy_default_536, aten.view_copy.default
[INFO 2026-06-27 11:06:52,390 qnn_preprocess.py:68] Visiting: aten_gelu_default_21, aten.gelu.default
[INFO 2026-06-27 11:06:52,391 qnn_preprocess.py:68] Visiting: aten_view_copy_default_537, aten.view_copy.default
[INFO 2026-06-27 11:06:52,391 qnn_preprocess.py:68] Visiting: aten_linear_default_98, aten.linear.default
[INFO 2026-06-27 11:06:52,396 qnn_preprocess.py:68] Visiting: aten_view_copy_default_538, aten.view_copy.default
[INFO 2026-06-27 11:06:52,396 qnn_preprocess.py:68] Visiting: aten_add_tensor_59, aten.add.Tensor
[INFO 2026-06-27 11:06:52,397 qnn_preprocess.py:68] Visiting: aten_native_layer_norm_default_36, aten.native_layer_norm.default
[INFO 2026-06-27 11:06:52,399 qnn_preprocess.py:68] Visiting: getitem_106, getitem
[INFO 2026-06-27 11:06:52,399 qnn_preprocess.py:68] Visiting: aten_view_copy_default_539, aten.view_copy.default
[INFO 2026-06-27 11:06:52,400 qnn_preprocess.py:68] Visiting: aten_permute_copy_default_159, aten.permute_copy.default
[INFO 2026-06-27 11:06:52,400 qnn_preprocess.py:68] Visiting: aten_permute_copy_default_158, aten.permute_copy.default
[INFO 2026-06-27 11:06:52,401 qnn_preprocess.py:68] Visiting: aten_view_copy_default_545, aten.view_copy.default
[INFO 2026-06-27 11:06:52,402 qnn_preprocess.py:68] Visiting: aten_view_copy_default_546, aten.view_copy.default
[INFO 2026-06-27 11:06:52,402 qnn_preprocess.py:68] Visiting: aten_view_copy_default_547, aten.view_copy.default
[INFO 2026-06-27 11:06:52,402 qnn_preprocess.py:68] Visiting: aten_view_copy_default_540, aten.view_copy.default
[INFO 2026-06-27 11:06:52,403 qnn_preprocess.py:68] Visiting: aten_linear_default_102, aten.linear.default
[INFO 2026-06-27 11:06:52,405 qnn_preprocess.py:68] Visiting: aten_linear_default_101, aten.linear.default
[INFO 2026-06-27 11:06:52,407 qnn_preprocess.py:68] Visiting: aten_linear_default_100, aten.linear.default
[INFO 2026-06-27 11:06:52,410 qnn_preprocess.py:68] Visiting: aten_linear_default_99, aten.linear.default
[INFO 2026-06-27 11:06:52,412 qnn_preprocess.py:68] Visiting: aten_view_copy_default_550, aten.view_copy.default
[INFO 2026-06-27 11:06:52,412 qnn_preprocess.py:68] Visiting: aten_view_copy_default_549, aten.view_copy.default
[INFO 2026-06-27 11:06:52,413 qnn_preprocess.py:68] Visiting: aten_view_copy_default_548, aten.view_copy.default
[INFO 2026-06-27 11:06:52,413 qnn_preprocess.py:68] Visiting: aten_view_copy_default_541, aten.view_copy.default
[INFO 2026-06-27 11:06:52,414 qnn_preprocess.py:68] Visiting: aten_view_copy_default_553, aten.view_copy.default
[INFO 2026-06-27 11:06:52,414 qnn_preprocess.py:68] Visiting: aten_view_copy_default_552, aten.view_copy.default
[INFO 2026-06-27 11:06:52,415 qnn_preprocess.py:68] Visiting: aten_view_copy_default_551, aten.view_copy.default
[INFO 2026-06-27 11:06:52,415 qnn_preprocess.py:68] Visiting: aten_view_copy_default_542, aten.view_copy.default
[INFO 2026-06-27 11:06:52,416 qnn_preprocess.py:68] Visiting: aten_permute_copy_default_162, aten.permute_copy.default
[INFO 2026-06-27 11:06:52,416 qnn_preprocess.py:68] Visiting: aten_permute_copy_default_161, aten.permute_copy.default
[INFO 2026-06-27 11:06:52,417 qnn_preprocess.py:68] Visiting: aten_permute_copy_default_160, aten.permute_copy.default
[INFO 2026-06-27 11:06:52,417 qnn_preprocess.py:68] Visiting: aten_sum_dim_int_list_14, aten.sum.dim_IntList
[INFO 2026-06-27 11:06:52,418 qnn_preprocess.py:68] Visiting: aten_view_copy_default_557, aten.view_copy.default
[INFO 2026-06-27 11:06:52,419 qnn_preprocess.py:68] Visiting: aten_view_copy_default_556, aten.view_copy.default
[INFO 2026-06-27 11:06:52,419 qnn_preprocess.py:68] Visiting: aten_view_copy_default_555, aten.view_copy.default
[INFO 2026-06-27 11:06:52,419 qnn_preprocess.py:68] Visiting: aten_sigmoid_default_14, aten.sigmoid.default
[INFO 2026-06-27 11:06:52,420 qnn_preprocess.py:68] Visiting: aten_view_copy_default_562, aten.view_copy.default
[INFO 2026-06-27 11:06:52,420 qnn_preprocess.py:68] Visiting: aten_permute_copy_default_163, aten.permute_copy.default
[INFO 2026-06-27 11:06:52,421 qnn_preprocess.py:68] Visiting: aten_mul_tensor_76, aten.mul.Tensor
[INFO 2026-06-27 11:06:52,422 qnn_preprocess.py:68] Visiting: aten_split_with_sizes_copy_default_28, aten.split_with_sizes_copy.default
[INFO 2026-06-27 11:06:52,423 qnn_preprocess.py:68] Visiting: aten_mul_tensor_77, aten.mul.Tensor
[INFO 2026-06-27 11:06:52,424 qnn_preprocess.py:68] Visiting: aten_view_copy_default_558, aten.view_copy.default
[INFO 2026-06-27 11:06:52,424 qnn_preprocess.py:68] Visiting: getitem_107, getitem
[INFO 2026-06-27 11:06:52,424 qnn_preprocess.py:68] Visiting: getitem_108, getitem
[INFO 2026-06-27 11:06:52,424 qnn_preprocess.py:68] Visiting: aten_view_copy_default_559, aten.view_copy.default
[INFO 2026-06-27 11:06:52,425 qnn_preprocess.py:68] Visiting: aten_mul_tensor_73, aten.mul.Tensor
[INFO 2026-06-27 11:06:52,427 qnn_preprocess.py:68] Visiting: aten_bmm_default_28, aten.bmm.default
[INFO 2026-06-27 11:06:52,427 qnn_preprocess.py:68] Visiting: aten_sub_tensor_16, aten.sub.Tensor
[INFO 2026-06-27 11:06:52,428 qnn_preprocess.py:68] Visiting: aten_view_copy_default_560, aten.view_copy.default
[INFO 2026-06-27 11:06:52,429 qnn_preprocess.py:68] Visiting: aten_mul_tensor_74, aten.mul.Tensor
[INFO 2026-06-27 11:06:52,430 qnn_preprocess.py:68] Visiting: aten_add_tensor_60, aten.add.Tensor
[INFO 2026-06-27 11:06:52,430 qnn_preprocess.py:68] Visiting: aten_view_copy_default_543, aten.view_copy.default
[INFO 2026-06-27 11:06:52,431 qnn_preprocess.py:68] Visiting: aten_mul_tensor_75, aten.mul.Tensor
[INFO 2026-06-27 11:06:52,432 qnn_preprocess.py:68] Visiting: aten_view_copy_default_544, aten.view_copy.default
[INFO 2026-06-27 11:06:52,433 qnn_preprocess.py:68] Visiting: aten_view_copy_default_554, aten.view_copy.default
[INFO 2026-06-27 11:06:52,433 qnn_preprocess.py:68] Visiting: aten_add_tensor_61, aten.add.Tensor
[INFO 2026-06-27 11:06:52,434 qnn_preprocess.py:68] Visiting: aten__safe_softmax_default_14, aten._safe_softmax.default
[INFO 2026-06-27 11:06:52,435 qnn_preprocess.py:68] Visiting: aten_view_copy_default_561, aten.view_copy.default
[INFO 2026-06-27 11:06:52,435 qnn_preprocess.py:68] Visiting: aten_bmm_default_29, aten.bmm.default
[INFO 2026-06-27 11:06:52,436 qnn_preprocess.py:68] Visiting: aten_view_copy_default_563, aten.view_copy.default
[INFO 2026-06-27 11:06:52,436 qnn_preprocess.py:68] Visiting: aten_permute_copy_default_288, aten.permute_copy.default
[INFO 2026-06-27 11:06:52,437 qnn_preprocess.py:68] Visiting: aten_view_copy_default_564, aten.view_copy.default
[INFO 2026-06-27 11:06:52,438 qnn_preprocess.py:68] Visiting: aten_linear_default_103, aten.linear.default
[INFO 2026-06-27 11:06:52,441 qnn_preprocess.py:68] Visiting: aten_view_copy_default_565, aten.view_copy.default
[INFO 2026-06-27 11:06:52,441 qnn_preprocess.py:68] Visiting: aten_permute_copy_default_167, aten.permute_copy.default
[INFO 2026-06-27 11:06:52,442 qnn_preprocess.py:68] Visiting: aten_add_tensor_62, aten.add.Tensor
[INFO 2026-06-27 11:06:52,443 qnn_preprocess.py:68] Visiting: aten_native_layer_norm_default_37, aten.native_layer_norm.default
[INFO 2026-06-27 11:06:52,445 qnn_preprocess.py:68] Visiting: getitem_112, getitem
[INFO 2026-06-27 11:06:52,445 qnn_preprocess.py:68] Visiting: aten_view_copy_default_566, aten.view_copy.default
[INFO 2026-06-27 11:06:52,446 qnn_preprocess.py:68] Visiting: aten_linear_default_104, aten.linear.default
[INFO 2026-06-27 11:06:52,450 qnn_preprocess.py:68] Visiting: aten_view_copy_default_567, aten.view_copy.default
[INFO 2026-06-27 11:06:52,451 qnn_preprocess.py:68] Visiting: aten_gelu_default_22, aten.gelu.default
[INFO 2026-06-27 11:06:52,451 qnn_preprocess.py:68] Visiting: aten_view_copy_default_568, aten.view_copy.default
[INFO 2026-06-27 11:06:52,452 qnn_preprocess.py:68] Visiting: aten_linear_default_105, aten.linear.default
[INFO 2026-06-27 11:06:52,457 qnn_preprocess.py:68] Visiting: aten_view_copy_default_569, aten.view_copy.default
[INFO 2026-06-27 11:06:52,457 qnn_preprocess.py:68] Visiting: aten_add_tensor_63, aten.add.Tensor
[INFO 2026-06-27 11:06:52,458 qnn_preprocess.py:68] Visiting: aten_native_layer_norm_default_38, aten.native_layer_norm.default
[INFO 2026-06-27 11:06:52,460 qnn_preprocess.py:68] Visiting: getitem_113, getitem
[INFO 2026-06-27 11:06:52,460 qnn_preprocess.py:68] Visiting: aten_view_copy_default_570, aten.view_copy.default
[INFO 2026-06-27 11:06:52,461 qnn_preprocess.py:68] Visiting: aten_permute_copy_default_169, aten.permute_copy.default
[INFO 2026-06-27 11:06:52,462 qnn_preprocess.py:68] Visiting: aten_permute_copy_default_168, aten.permute_copy.default
[INFO 2026-06-27 11:06:52,462 qnn_preprocess.py:68] Visiting: aten_view_copy_default_576, aten.view_copy.default
[INFO 2026-06-27 11:06:52,463 qnn_preprocess.py:68] Visiting: aten_view_copy_default_577, aten.view_copy.default
[INFO 2026-06-27 11:06:52,463 qnn_preprocess.py:68] Visiting: aten_view_copy_default_578, aten.view_copy.default
[INFO 2026-06-27 11:06:52,464 qnn_preprocess.py:68] Visiting: aten_view_copy_default_571, aten.view_copy.default
[INFO 2026-06-27 11:06:52,464 qnn_preprocess.py:68] Visiting: aten_linear_default_109, aten.linear.default
[INFO 2026-06-27 11:06:52,466 qnn_preprocess.py:68] Visiting: aten_linear_default_108, aten.linear.default
[INFO 2026-06-27 11:06:52,469 qnn_preprocess.py:68] Visiting: aten_linear_default_107, aten.linear.default
[INFO 2026-06-27 11:06:52,471 qnn_preprocess.py:68] Visiting: aten_linear_default_106, aten.linear.default
[INFO 2026-06-27 11:06:52,473 qnn_preprocess.py:68] Visiting: aten_view_copy_default_581, aten.view_copy.default
[INFO 2026-06-27 11:06:52,474 qnn_preprocess.py:68] Visiting: aten_view_copy_default_580, aten.view_copy.default
[INFO 2026-06-27 11:06:52,474 qnn_preprocess.py:68] Visiting: aten_view_copy_default_579, aten.view_copy.default
[INFO 2026-06-27 11:06:52,475 qnn_preprocess.py:68] Visiting: aten_view_copy_default_572, aten.view_copy.default
[INFO 2026-06-27 11:06:52,475 qnn_preprocess.py:68] Visiting: aten_view_copy_default_584, aten.view_copy.default
[INFO 2026-06-27 11:06:52,476 qnn_preprocess.py:68] Visiting: aten_view_copy_default_583, aten.view_copy.default
[INFO 2026-06-27 11:06:52,476 qnn_preprocess.py:68] Visiting: aten_view_copy_default_582, aten.view_copy.default
[INFO 2026-06-27 11:06:52,477 qnn_preprocess.py:68] Visiting: aten_view_copy_default_573, aten.view_copy.default
[INFO 2026-06-27 11:06:52,477 qnn_preprocess.py:68] Visiting: aten_permute_copy_default_172, aten.permute_copy.default
[INFO 2026-06-27 11:06:52,478 qnn_preprocess.py:68] Visiting: aten_permute_copy_default_171, aten.permute_copy.default
[INFO 2026-06-27 11:06:52,479 qnn_preprocess.py:68] Visiting: aten_permute_copy_default_170, aten.permute_copy.default
[INFO 2026-06-27 11:06:52,479 qnn_preprocess.py:68] Visiting: aten_sum_dim_int_list_15, aten.sum.dim_IntList
[INFO 2026-06-27 11:06:52,480 qnn_preprocess.py:68] Visiting: aten_view_copy_default_588, aten.view_copy.default
[INFO 2026-06-27 11:06:52,480 qnn_preprocess.py:68] Visiting: aten_view_copy_default_587, aten.view_copy.default
[INFO 2026-06-27 11:06:52,481 qnn_preprocess.py:68] Visiting: aten_view_copy_default_586, aten.view_copy.default
[INFO 2026-06-27 11:06:52,481 qnn_preprocess.py:68] Visiting: aten_sigmoid_default_15, aten.sigmoid.default
[INFO 2026-06-27 11:06:52,482 qnn_preprocess.py:68] Visiting: aten_view_copy_default_593, aten.view_copy.default
[INFO 2026-06-27 11:06:52,482 qnn_preprocess.py:68] Visiting: aten_permute_copy_default_173, aten.permute_copy.default
[INFO 2026-06-27 11:06:52,483 qnn_preprocess.py:68] Visiting: aten_mul_tensor_81, aten.mul.Tensor
[INFO 2026-06-27 11:06:52,484 qnn_preprocess.py:68] Visiting: aten_split_with_sizes_copy_default_30, aten.split_with_sizes_copy.default
[INFO 2026-06-27 11:06:52,485 qnn_preprocess.py:68] Visiting: aten_mul_tensor_82, aten.mul.Tensor
[INFO 2026-06-27 11:06:52,486 qnn_preprocess.py:68] Visiting: aten_view_copy_default_589, aten.view_copy.default
[INFO 2026-06-27 11:06:52,486 qnn_preprocess.py:68] Visiting: getitem_114, getitem
[INFO 2026-06-27 11:06:52,486 qnn_preprocess.py:68] Visiting: getitem_115, getitem
[INFO 2026-06-27 11:06:52,486 qnn_preprocess.py:68] Visiting: aten_view_copy_default_590, aten.view_copy.default
[INFO 2026-06-27 11:06:52,487 qnn_preprocess.py:68] Visiting: aten_mul_tensor_78, aten.mul.Tensor
[INFO 2026-06-27 11:06:52,488 qnn_preprocess.py:68] Visiting: aten_bmm_default_30, aten.bmm.default
[INFO 2026-06-27 11:06:52,489 qnn_preprocess.py:68] Visiting: aten_sub_tensor_17, aten.sub.Tensor
[INFO 2026-06-27 11:06:52,490 qnn_preprocess.py:68] Visiting: aten_view_copy_default_591, aten.view_copy.default
[INFO 2026-06-27 11:06:52,490 qnn_preprocess.py:68] Visiting: aten_mul_tensor_79, aten.mul.Tensor
[INFO 2026-06-27 11:06:52,491 qnn_preprocess.py:68] Visiting: aten_add_tensor_64, aten.add.Tensor
[INFO 2026-06-27 11:06:52,492 qnn_preprocess.py:68] Visiting: aten_view_copy_default_574, aten.view_copy.default
[INFO 2026-06-27 11:06:52,492 qnn_preprocess.py:68] Visiting: aten_mul_tensor_80, aten.mul.Tensor
[INFO 2026-06-27 11:06:52,493 qnn_preprocess.py:68] Visiting: aten_view_copy_default_575, aten.view_copy.default
[INFO 2026-06-27 11:06:52,493 qnn_preprocess.py:68] Visiting: aten_view_copy_default_585, aten.view_copy.default
[INFO 2026-06-27 11:06:52,494 qnn_preprocess.py:68] Visiting: aten_add_tensor_65, aten.add.Tensor
[INFO 2026-06-27 11:06:52,495 qnn_preprocess.py:68] Visiting: aten__safe_softmax_default_15, aten._safe_softmax.default
[INFO 2026-06-27 11:06:52,495 qnn_preprocess.py:68] Visiting: aten_view_copy_default_592, aten.view_copy.default
[INFO 2026-06-27 11:06:52,496 qnn_preprocess.py:68] Visiting: aten_bmm_default_31, aten.bmm.default
[INFO 2026-06-27 11:06:52,497 qnn_preprocess.py:68] Visiting: aten_view_copy_default_594, aten.view_copy.default
[INFO 2026-06-27 11:06:52,497 qnn_preprocess.py:68] Visiting: aten_permute_copy_default_289, aten.permute_copy.default
[INFO 2026-06-27 11:06:52,498 qnn_preprocess.py:68] Visiting: aten_view_copy_default_595, aten.view_copy.default
[INFO 2026-06-27 11:06:52,498 qnn_preprocess.py:68] Visiting: aten_linear_default_110, aten.linear.default
[INFO 2026-06-27 11:06:52,501 qnn_preprocess.py:68] Visiting: aten_view_copy_default_596, aten.view_copy.default
[INFO 2026-06-27 11:06:52,502 qnn_preprocess.py:68] Visiting: aten_permute_copy_default_177, aten.permute_copy.default
[INFO 2026-06-27 11:06:52,502 qnn_preprocess.py:68] Visiting: aten_add_tensor_66, aten.add.Tensor
[INFO 2026-06-27 11:06:52,503 qnn_preprocess.py:68] Visiting: aten_native_layer_norm_default_39, aten.native_layer_norm.default
[INFO 2026-06-27 11:06:52,505 qnn_preprocess.py:68] Visiting: getitem_119, getitem
[INFO 2026-06-27 11:06:52,505 qnn_preprocess.py:68] Visiting: aten_view_copy_default_597, aten.view_copy.default
[INFO 2026-06-27 11:06:52,506 qnn_preprocess.py:68] Visiting: aten_linear_default_111, aten.linear.default
[INFO 2026-06-27 11:06:52,510 qnn_preprocess.py:68] Visiting: aten_view_copy_default_598, aten.view_copy.default
[INFO 2026-06-27 11:06:52,511 qnn_preprocess.py:68] Visiting: aten_gelu_default_23, aten.gelu.default
[INFO 2026-06-27 11:06:52,511 qnn_preprocess.py:68] Visiting: aten_view_copy_default_599, aten.view_copy.default
[INFO 2026-06-27 11:06:52,512 qnn_preprocess.py:68] Visiting: aten_linear_default_112, aten.linear.default
[INFO 2026-06-27 11:06:52,516 qnn_preprocess.py:68] Visiting: aten_view_copy_default_600, aten.view_copy.default
[INFO 2026-06-27 11:06:52,517 qnn_preprocess.py:68] Visiting: aten_add_tensor_67, aten.add.Tensor
[INFO 2026-06-27 11:06:52,518 qnn_preprocess.py:68] Visiting: aten_native_layer_norm_default_40, aten.native_layer_norm.default
[INFO 2026-06-27 11:06:52,520 qnn_preprocess.py:68] Visiting: getitem_120, getitem
[INFO 2026-06-27 11:06:52,520 qnn_preprocess.py:68] Visiting: aten_view_copy_default_601, aten.view_copy.default
[INFO 2026-06-27 11:06:52,520 qnn_preprocess.py:68] Visiting: aten_permute_copy_default_179, aten.permute_copy.default
[INFO 2026-06-27 11:06:52,521 qnn_preprocess.py:68] Visiting: aten_permute_copy_default_178, aten.permute_copy.default
[INFO 2026-06-27 11:06:52,522 qnn_preprocess.py:68] Visiting: aten_view_copy_default_607, aten.view_copy.default
[INFO 2026-06-27 11:06:52,522 qnn_preprocess.py:68] Visiting: aten_view_copy_default_608, aten.view_copy.default
[INFO 2026-06-27 11:06:52,523 qnn_preprocess.py:68] Visiting: aten_view_copy_default_609, aten.view_copy.default
[INFO 2026-06-27 11:06:52,523 qnn_preprocess.py:68] Visiting: aten_view_copy_default_602, aten.view_copy.default
[INFO 2026-06-27 11:06:52,524 qnn_preprocess.py:68] Visiting: aten_linear_default_116, aten.linear.default
[INFO 2026-06-27 11:06:52,526 qnn_preprocess.py:68] Visiting: aten_linear_default_115, aten.linear.default
[INFO 2026-06-27 11:06:52,528 qnn_preprocess.py:68] Visiting: aten_linear_default_114, aten.linear.default
[INFO 2026-06-27 11:06:52,531 qnn_preprocess.py:68] Visiting: aten_linear_default_113, aten.linear.default
[INFO 2026-06-27 11:06:52,533 qnn_preprocess.py:68] Visiting: aten_view_copy_default_612, aten.view_copy.default
[INFO 2026-06-27 11:06:52,533 qnn_preprocess.py:68] Visiting: aten_view_copy_default_611, aten.view_copy.default
[INFO 2026-06-27 11:06:52,534 qnn_preprocess.py:68] Visiting: aten_view_copy_default_610, aten.view_copy.default
[INFO 2026-06-27 11:06:52,534 qnn_preprocess.py:68] Visiting: aten_view_copy_default_603, aten.view_copy.default
[INFO 2026-06-27 11:06:52,535 qnn_preprocess.py:68] Visiting: aten_view_copy_default_615, aten.view_copy.default
[INFO 2026-06-27 11:06:52,535 qnn_preprocess.py:68] Visiting: aten_view_copy_default_614, aten.view_copy.default
[INFO 2026-06-27 11:06:52,536 qnn_preprocess.py:68] Visiting: aten_view_copy_default_613, aten.view_copy.default
[INFO 2026-06-27 11:06:52,536 qnn_preprocess.py:68] Visiting: aten_view_copy_default_604, aten.view_copy.default
[INFO 2026-06-27 11:06:52,536 qnn_preprocess.py:68] Visiting: aten_permute_copy_default_182, aten.permute_copy.default
[INFO 2026-06-27 11:06:52,537 qnn_preprocess.py:68] Visiting: aten_permute_copy_default_181, aten.permute_copy.default
[INFO 2026-06-27 11:06:52,538 qnn_preprocess.py:68] Visiting: aten_permute_copy_default_180, aten.permute_copy.default
[INFO 2026-06-27 11:06:52,538 qnn_preprocess.py:68] Visiting: aten_sum_dim_int_list_16, aten.sum.dim_IntList
[INFO 2026-06-27 11:06:52,539 qnn_preprocess.py:68] Visiting: aten_view_copy_default_619, aten.view_copy.default
[INFO 2026-06-27 11:06:52,540 qnn_preprocess.py:68] Visiting: aten_view_copy_default_618, aten.view_copy.default
[INFO 2026-06-27 11:06:52,540 qnn_preprocess.py:68] Visiting: aten_view_copy_default_617, aten.view_copy.default
[INFO 2026-06-27 11:06:52,540 qnn_preprocess.py:68] Visiting: aten_sigmoid_default_16, aten.sigmoid.default
[INFO 2026-06-27 11:06:52,541 qnn_preprocess.py:68] Visiting: aten_view_copy_default_624, aten.view_copy.default
[INFO 2026-06-27 11:06:52,541 qnn_preprocess.py:68] Visiting: aten_permute_copy_default_183, aten.permute_copy.default
[INFO 2026-06-27 11:06:52,542 qnn_preprocess.py:68] Visiting: aten_mul_tensor_86, aten.mul.Tensor
[INFO 2026-06-27 11:06:52,543 qnn_preprocess.py:68] Visiting: aten_split_with_sizes_copy_default_32, aten.split_with_sizes_copy.default
[INFO 2026-06-27 11:06:52,544 qnn_preprocess.py:68] Visiting: aten_mul_tensor_87, aten.mul.Tensor
[INFO 2026-06-27 11:06:52,545 qnn_preprocess.py:68] Visiting: aten_view_copy_default_620, aten.view_copy.default
[INFO 2026-06-27 11:06:52,545 qnn_preprocess.py:68] Visiting: getitem_121, getitem
[INFO 2026-06-27 11:06:52,545 qnn_preprocess.py:68] Visiting: getitem_122, getitem
[INFO 2026-06-27 11:06:52,545 qnn_preprocess.py:68] Visiting: aten_view_copy_default_621, aten.view_copy.default
[INFO 2026-06-27 11:06:52,546 qnn_preprocess.py:68] Visiting: aten_mul_tensor_83, aten.mul.Tensor
[INFO 2026-06-27 11:06:52,547 qnn_preprocess.py:68] Visiting: aten_bmm_default_32, aten.bmm.default
[INFO 2026-06-27 11:06:52,548 qnn_preprocess.py:68] Visiting: aten_sub_tensor_18, aten.sub.Tensor
[INFO 2026-06-27 11:06:52,549 qnn_preprocess.py:68] Visiting: aten_view_copy_default_622, aten.view_copy.default
[INFO 2026-06-27 11:06:52,549 qnn_preprocess.py:68] Visiting: aten_mul_tensor_84, aten.mul.Tensor
[INFO 2026-06-27 11:06:52,550 qnn_preprocess.py:68] Visiting: aten_add_tensor_68, aten.add.Tensor
[INFO 2026-06-27 11:06:52,551 qnn_preprocess.py:68] Visiting: aten_view_copy_default_605, aten.view_copy.default
[INFO 2026-06-27 11:06:52,551 qnn_preprocess.py:68] Visiting: aten_mul_tensor_85, aten.mul.Tensor
[INFO 2026-06-27 11:06:52,552 qnn_preprocess.py:68] Visiting: aten_view_copy_default_606, aten.view_copy.default
[INFO 2026-06-27 11:06:52,552 qnn_preprocess.py:68] Visiting: aten_view_copy_default_616, aten.view_copy.default
[INFO 2026-06-27 11:06:52,553 qnn_preprocess.py:68] Visiting: aten_add_tensor_69, aten.add.Tensor
[INFO 2026-06-27 11:06:52,554 qnn_preprocess.py:68] Visiting: aten__safe_softmax_default_16, aten._safe_softmax.default
[INFO 2026-06-27 11:06:52,554 qnn_preprocess.py:68] Visiting: aten_view_copy_default_623, aten.view_copy.default
[INFO 2026-06-27 11:06:52,555 qnn_preprocess.py:68] Visiting: aten_bmm_default_33, aten.bmm.default
[INFO 2026-06-27 11:06:52,555 qnn_preprocess.py:68] Visiting: aten_view_copy_default_625, aten.view_copy.default
[INFO 2026-06-27 11:06:52,556 qnn_preprocess.py:68] Visiting: aten_permute_copy_default_290, aten.permute_copy.default
[INFO 2026-06-27 11:06:52,556 qnn_preprocess.py:68] Visiting: aten_view_copy_default_626, aten.view_copy.default
[INFO 2026-06-27 11:06:52,557 qnn_preprocess.py:68] Visiting: aten_linear_default_117, aten.linear.default
[INFO 2026-06-27 11:06:52,560 qnn_preprocess.py:68] Visiting: aten_view_copy_default_627, aten.view_copy.default
[INFO 2026-06-27 11:06:52,560 qnn_preprocess.py:68] Visiting: aten_permute_copy_default_187, aten.permute_copy.default
[INFO 2026-06-27 11:06:52,561 qnn_preprocess.py:68] Visiting: aten_add_tensor_70, aten.add.Tensor
[INFO 2026-06-27 11:06:52,562 qnn_preprocess.py:68] Visiting: aten_native_layer_norm_default_41, aten.native_layer_norm.default
[INFO 2026-06-27 11:06:52,564 qnn_preprocess.py:68] Visiting: getitem_126, getitem
[INFO 2026-06-27 11:06:52,564 qnn_preprocess.py:68] Visiting: aten_view_copy_default_628, aten.view_copy.default
[INFO 2026-06-27 11:06:52,565 qnn_preprocess.py:68] Visiting: aten_linear_default_118, aten.linear.default
[INFO 2026-06-27 11:06:52,569 qnn_preprocess.py:68] Visiting: aten_view_copy_default_629, aten.view_copy.default
[INFO 2026-06-27 11:06:52,570 qnn_preprocess.py:68] Visiting: aten_gelu_default_24, aten.gelu.default
[INFO 2026-06-27 11:06:52,570 qnn_preprocess.py:68] Visiting: aten_view_copy_default_630, aten.view_copy.default
[INFO 2026-06-27 11:06:52,571 qnn_preprocess.py:68] Visiting: aten_linear_default_119, aten.linear.default
[INFO 2026-06-27 11:06:52,576 qnn_preprocess.py:68] Visiting: aten_view_copy_default_631, aten.view_copy.default
[INFO 2026-06-27 11:06:52,576 qnn_preprocess.py:68] Visiting: aten_add_tensor_71, aten.add.Tensor
[INFO 2026-06-27 11:06:52,577 qnn_preprocess.py:68] Visiting: aten_native_layer_norm_default_42, aten.native_layer_norm.default
[INFO 2026-06-27 11:06:52,579 qnn_preprocess.py:68] Visiting: getitem_127, getitem
[INFO 2026-06-27 11:06:52,579 qnn_preprocess.py:68] Visiting: aten_view_copy_default_632, aten.view_copy.default
[INFO 2026-06-27 11:06:52,579 qnn_preprocess.py:68] Visiting: aten_permute_copy_default_189, aten.permute_copy.default
[INFO 2026-06-27 11:06:52,580 qnn_preprocess.py:68] Visiting: aten_permute_copy_default_188, aten.permute_copy.default
[INFO 2026-06-27 11:06:52,581 qnn_preprocess.py:68] Visiting: aten_view_copy_default_638, aten.view_copy.default
[INFO 2026-06-27 11:06:52,581 qnn_preprocess.py:68] Visiting: aten_view_copy_default_639, aten.view_copy.default
[INFO 2026-06-27 11:06:52,582 qnn_preprocess.py:68] Visiting: aten_view_copy_default_640, aten.view_copy.default
[INFO 2026-06-27 11:06:52,582 qnn_preprocess.py:68] Visiting: aten_view_copy_default_633, aten.view_copy.default
[INFO 2026-06-27 11:06:52,583 qnn_preprocess.py:68] Visiting: aten_linear_default_123, aten.linear.default
[INFO 2026-06-27 11:06:52,585 qnn_preprocess.py:68] Visiting: aten_linear_default_122, aten.linear.default
[INFO 2026-06-27 11:06:52,587 qnn_preprocess.py:68] Visiting: aten_linear_default_121, aten.linear.default
[INFO 2026-06-27 11:06:52,589 qnn_preprocess.py:68] Visiting: aten_linear_default_120, aten.linear.default
[INFO 2026-06-27 11:06:52,592 qnn_preprocess.py:68] Visiting: aten_view_copy_default_643, aten.view_copy.default
[INFO 2026-06-27 11:06:52,592 qnn_preprocess.py:68] Visiting: aten_view_copy_default_642, aten.view_copy.default
[INFO 2026-06-27 11:06:52,592 qnn_preprocess.py:68] Visiting: aten_view_copy_default_641, aten.view_copy.default
[INFO 2026-06-27 11:06:52,593 qnn_preprocess.py:68] Visiting: aten_view_copy_default_634, aten.view_copy.default
[INFO 2026-06-27 11:06:52,593 qnn_preprocess.py:68] Visiting: aten_view_copy_default_646, aten.view_copy.default
[INFO 2026-06-27 11:06:52,594 qnn_preprocess.py:68] Visiting: aten_view_copy_default_645, aten.view_copy.default
[INFO 2026-06-27 11:06:52,594 qnn_preprocess.py:68] Visiting: aten_view_copy_default_644, aten.view_copy.default
[INFO 2026-06-27 11:06:52,595 qnn_preprocess.py:68] Visiting: aten_view_copy_default_635, aten.view_copy.default
[INFO 2026-06-27 11:06:52,595 qnn_preprocess.py:68] Visiting: aten_permute_copy_default_192, aten.permute_copy.default
[INFO 2026-06-27 11:06:52,596 qnn_preprocess.py:68] Visiting: aten_permute_copy_default_191, aten.permute_copy.default
[INFO 2026-06-27 11:06:52,596 qnn_preprocess.py:68] Visiting: aten_permute_copy_default_190, aten.permute_copy.default
[INFO 2026-06-27 11:06:52,597 qnn_preprocess.py:68] Visiting: aten_sum_dim_int_list_17, aten.sum.dim_IntList
[INFO 2026-06-27 11:06:52,598 qnn_preprocess.py:68] Visiting: aten_view_copy_default_650, aten.view_copy.default
[INFO 2026-06-27 11:06:52,598 qnn_preprocess.py:68] Visiting: aten_view_copy_default_649, aten.view_copy.default
[INFO 2026-06-27 11:06:52,598 qnn_preprocess.py:68] Visiting: aten_view_copy_default_648, aten.view_copy.default
[INFO 2026-06-27 11:06:52,599 qnn_preprocess.py:68] Visiting: aten_sigmoid_default_17, aten.sigmoid.default
[INFO 2026-06-27 11:06:52,599 qnn_preprocess.py:68] Visiting: aten_view_copy_default_655, aten.view_copy.default
[INFO 2026-06-27 11:06:52,600 qnn_preprocess.py:68] Visiting: aten_permute_copy_default_193, aten.permute_copy.default
[INFO 2026-06-27 11:06:52,600 qnn_preprocess.py:68] Visiting: aten_mul_tensor_91, aten.mul.Tensor
[INFO 2026-06-27 11:06:52,601 qnn_preprocess.py:68] Visiting: aten_split_with_sizes_copy_default_34, aten.split_with_sizes_copy.default
[INFO 2026-06-27 11:06:52,602 qnn_preprocess.py:68] Visiting: aten_mul_tensor_92, aten.mul.Tensor
[INFO 2026-06-27 11:06:52,603 qnn_preprocess.py:68] Visiting: aten_view_copy_default_651, aten.view_copy.default
[INFO 2026-06-27 11:06:52,604 qnn_preprocess.py:68] Visiting: getitem_128, getitem
[INFO 2026-06-27 11:06:52,604 qnn_preprocess.py:68] Visiting: getitem_129, getitem
[INFO 2026-06-27 11:06:52,604 qnn_preprocess.py:68] Visiting: aten_view_copy_default_652, aten.view_copy.default
[INFO 2026-06-27 11:06:52,604 qnn_preprocess.py:68] Visiting: aten_mul_tensor_88, aten.mul.Tensor
[INFO 2026-06-27 11:06:52,605 qnn_preprocess.py:68] Visiting: aten_bmm_default_34, aten.bmm.default
[INFO 2026-06-27 11:06:52,606 qnn_preprocess.py:68] Visiting: aten_sub_tensor_19, aten.sub.Tensor
[INFO 2026-06-27 11:06:52,607 qnn_preprocess.py:68] Visiting: aten_view_copy_default_653, aten.view_copy.default
[INFO 2026-06-27 11:06:52,607 qnn_preprocess.py:68] Visiting: aten_mul_tensor_89, aten.mul.Tensor
[INFO 2026-06-27 11:06:52,608 qnn_preprocess.py:68] Visiting: aten_add_tensor_72, aten.add.Tensor
[INFO 2026-06-27 11:06:52,609 qnn_preprocess.py:68] Visiting: aten_view_copy_default_636, aten.view_copy.default
[INFO 2026-06-27 11:06:52,609 qnn_preprocess.py:68] Visiting: aten_mul_tensor_90, aten.mul.Tensor
[INFO 2026-06-27 11:06:52,610 qnn_preprocess.py:68] Visiting: aten_view_copy_default_637, aten.view_copy.default
[INFO 2026-06-27 11:06:52,611 qnn_preprocess.py:68] Visiting: aten_view_copy_default_647, aten.view_copy.default
[INFO 2026-06-27 11:06:52,611 qnn_preprocess.py:68] Visiting: aten_add_tensor_73, aten.add.Tensor
[INFO 2026-06-27 11:06:52,612 qnn_preprocess.py:68] Visiting: aten__safe_softmax_default_17, aten._safe_softmax.default
[INFO 2026-06-27 11:06:52,612 qnn_preprocess.py:68] Visiting: aten_view_copy_default_654, aten.view_copy.default
[INFO 2026-06-27 11:06:52,613 qnn_preprocess.py:68] Visiting: aten_bmm_default_35, aten.bmm.default
[INFO 2026-06-27 11:06:52,614 qnn_preprocess.py:68] Visiting: aten_view_copy_default_656, aten.view_copy.default
[INFO 2026-06-27 11:06:52,614 qnn_preprocess.py:68] Visiting: aten_permute_copy_default_291, aten.permute_copy.default
[INFO 2026-06-27 11:06:52,615 qnn_preprocess.py:68] Visiting: aten_view_copy_default_657, aten.view_copy.default
[INFO 2026-06-27 11:06:52,615 qnn_preprocess.py:68] Visiting: aten_linear_default_124, aten.linear.default
[INFO 2026-06-27 11:06:52,618 qnn_preprocess.py:68] Visiting: aten_view_copy_default_658, aten.view_copy.default
[INFO 2026-06-27 11:06:52,619 qnn_preprocess.py:68] Visiting: aten_permute_copy_default_197, aten.permute_copy.default
[INFO 2026-06-27 11:06:52,619 qnn_preprocess.py:68] Visiting: aten_add_tensor_74, aten.add.Tensor
[INFO 2026-06-27 11:06:52,620 qnn_preprocess.py:68] Visiting: aten_native_layer_norm_default_43, aten.native_layer_norm.default
[INFO 2026-06-27 11:06:52,622 qnn_preprocess.py:68] Visiting: getitem_133, getitem
[INFO 2026-06-27 11:06:52,622 qnn_preprocess.py:68] Visiting: aten_view_copy_default_659, aten.view_copy.default
[INFO 2026-06-27 11:06:52,623 qnn_preprocess.py:68] Visiting: aten_linear_default_125, aten.linear.default
[INFO 2026-06-27 11:06:52,628 qnn_preprocess.py:68] Visiting: aten_view_copy_default_660, aten.view_copy.default
[INFO 2026-06-27 11:06:52,628 qnn_preprocess.py:68] Visiting: aten_gelu_default_25, aten.gelu.default
[INFO 2026-06-27 11:06:52,629 qnn_preprocess.py:68] Visiting: aten_view_copy_default_661, aten.view_copy.default
[INFO 2026-06-27 11:06:52,629 qnn_preprocess.py:68] Visiting: aten_linear_default_126, aten.linear.default
[INFO 2026-06-27 11:06:52,634 qnn_preprocess.py:68] Visiting: aten_view_copy_default_662, aten.view_copy.default
[INFO 2026-06-27 11:06:52,634 qnn_preprocess.py:68] Visiting: aten_add_tensor_75, aten.add.Tensor
[INFO 2026-06-27 11:06:52,635 qnn_preprocess.py:68] Visiting: aten_native_layer_norm_default_44, aten.native_layer_norm.default
[INFO 2026-06-27 11:06:52,637 qnn_preprocess.py:68] Visiting: getitem_134, getitem
[INFO 2026-06-27 11:06:52,637 qnn_preprocess.py:68] Visiting: aten_view_copy_default_663, aten.view_copy.default
[INFO 2026-06-27 11:06:52,638 qnn_preprocess.py:68] Visiting: aten_permute_copy_default_199, aten.permute_copy.default
[INFO 2026-06-27 11:06:52,639 qnn_preprocess.py:68] Visiting: aten_permute_copy_default_198, aten.permute_copy.default
[INFO 2026-06-27 11:06:52,639 qnn_preprocess.py:68] Visiting: aten_view_copy_default_669, aten.view_copy.default
[INFO 2026-06-27 11:06:52,640 qnn_preprocess.py:68] Visiting: aten_view_copy_default_670, aten.view_copy.default
[INFO 2026-06-27 11:06:52,640 qnn_preprocess.py:68] Visiting: aten_view_copy_default_671, aten.view_copy.default
[INFO 2026-06-27 11:06:52,640 qnn_preprocess.py:68] Visiting: aten_view_copy_default_664, aten.view_copy.default
[INFO 2026-06-27 11:06:52,641 qnn_preprocess.py:68] Visiting: aten_linear_default_130, aten.linear.default
[INFO 2026-06-27 11:06:52,643 qnn_preprocess.py:68] Visiting: aten_linear_default_129, aten.linear.default
[INFO 2026-06-27 11:06:52,646 qnn_preprocess.py:68] Visiting: aten_linear_default_128, aten.linear.default
[INFO 2026-06-27 11:06:52,648 qnn_preprocess.py:68] Visiting: aten_linear_default_127, aten.linear.default
[INFO 2026-06-27 11:06:52,650 qnn_preprocess.py:68] Visiting: aten_view_copy_default_674, aten.view_copy.default
[INFO 2026-06-27 11:06:52,651 qnn_preprocess.py:68] Visiting: aten_view_copy_default_673, aten.view_copy.default
[INFO 2026-06-27 11:06:52,651 qnn_preprocess.py:68] Visiting: aten_view_copy_default_672, aten.view_copy.default
[INFO 2026-06-27 11:06:52,652 qnn_preprocess.py:68] Visiting: aten_view_copy_default_665, aten.view_copy.default
[INFO 2026-06-27 11:06:52,652 qnn_preprocess.py:68] Visiting: aten_view_copy_default_677, aten.view_copy.default
[INFO 2026-06-27 11:06:52,653 qnn_preprocess.py:68] Visiting: aten_view_copy_default_676, aten.view_copy.default
[INFO 2026-06-27 11:06:52,653 qnn_preprocess.py:68] Visiting: aten_view_copy_default_675, aten.view_copy.default
[INFO 2026-06-27 11:06:52,653 qnn_preprocess.py:68] Visiting: aten_view_copy_default_666, aten.view_copy.default
[INFO 2026-06-27 11:06:52,654 qnn_preprocess.py:68] Visiting: aten_permute_copy_default_202, aten.permute_copy.default
[INFO 2026-06-27 11:06:52,655 qnn_preprocess.py:68] Visiting: aten_permute_copy_default_201, aten.permute_copy.default
[INFO 2026-06-27 11:06:52,655 qnn_preprocess.py:68] Visiting: aten_permute_copy_default_200, aten.permute_copy.default
[INFO 2026-06-27 11:06:52,656 qnn_preprocess.py:68] Visiting: aten_sum_dim_int_list_18, aten.sum.dim_IntList
[INFO 2026-06-27 11:06:52,656 qnn_preprocess.py:68] Visiting: aten_view_copy_default_681, aten.view_copy.default
[INFO 2026-06-27 11:06:52,657 qnn_preprocess.py:68] Visiting: aten_view_copy_default_680, aten.view_copy.default
[INFO 2026-06-27 11:06:52,657 qnn_preprocess.py:68] Visiting: aten_view_copy_default_679, aten.view_copy.default
[INFO 2026-06-27 11:06:52,658 qnn_preprocess.py:68] Visiting: aten_sigmoid_default_18, aten.sigmoid.default
[INFO 2026-06-27 11:06:52,658 qnn_preprocess.py:68] Visiting: aten_view_copy_default_686, aten.view_copy.default
[INFO 2026-06-27 11:06:52,659 qnn_preprocess.py:68] Visiting: aten_permute_copy_default_203, aten.permute_copy.default
[INFO 2026-06-27 11:06:52,659 qnn_preprocess.py:68] Visiting: aten_mul_tensor_96, aten.mul.Tensor
[INFO 2026-06-27 11:06:52,660 qnn_preprocess.py:68] Visiting: aten_split_with_sizes_copy_default_36, aten.split_with_sizes_copy.default
[INFO 2026-06-27 11:06:52,661 qnn_preprocess.py:68] Visiting: aten_mul_tensor_97, aten.mul.Tensor
[INFO 2026-06-27 11:06:52,662 qnn_preprocess.py:68] Visiting: aten_view_copy_default_682, aten.view_copy.default
[INFO 2026-06-27 11:06:52,663 qnn_preprocess.py:68] Visiting: getitem_135, getitem
[INFO 2026-06-27 11:06:52,663 qnn_preprocess.py:68] Visiting: getitem_136, getitem
[INFO 2026-06-27 11:06:52,663 qnn_preprocess.py:68] Visiting: aten_view_copy_default_683, aten.view_copy.default
[INFO 2026-06-27 11:06:52,663 qnn_preprocess.py:68] Visiting: aten_mul_tensor_93, aten.mul.Tensor
[INFO 2026-06-27 11:06:52,664 qnn_preprocess.py:68] Visiting: aten_bmm_default_36, aten.bmm.default
[INFO 2026-06-27 11:06:52,665 qnn_preprocess.py:68] Visiting: aten_sub_tensor_20, aten.sub.Tensor
[INFO 2026-06-27 11:06:52,666 qnn_preprocess.py:68] Visiting: aten_view_copy_default_684, aten.view_copy.default
[INFO 2026-06-27 11:06:52,667 qnn_preprocess.py:68] Visiting: aten_mul_tensor_94, aten.mul.Tensor
[INFO 2026-06-27 11:06:52,667 qnn_preprocess.py:68] Visiting: aten_add_tensor_76, aten.add.Tensor
[INFO 2026-06-27 11:06:52,668 qnn_preprocess.py:68] Visiting: aten_view_copy_default_667, aten.view_copy.default
[INFO 2026-06-27 11:06:52,669 qnn_preprocess.py:68] Visiting: aten_mul_tensor_95, aten.mul.Tensor
[INFO 2026-06-27 11:06:52,669 qnn_preprocess.py:68] Visiting: aten_view_copy_default_668, aten.view_copy.default
[INFO 2026-06-27 11:06:52,670 qnn_preprocess.py:68] Visiting: aten_view_copy_default_678, aten.view_copy.default
[INFO 2026-06-27 11:06:52,670 qnn_preprocess.py:68] Visiting: aten_add_tensor_77, aten.add.Tensor
[INFO 2026-06-27 11:06:52,671 qnn_preprocess.py:68] Visiting: aten__safe_softmax_default_18, aten._safe_softmax.default
[INFO 2026-06-27 11:06:52,672 qnn_preprocess.py:68] Visiting: aten_view_copy_default_685, aten.view_copy.default
[INFO 2026-06-27 11:06:52,672 qnn_preprocess.py:68] Visiting: aten_bmm_default_37, aten.bmm.default
[INFO 2026-06-27 11:06:52,673 qnn_preprocess.py:68] Visiting: aten_view_copy_default_687, aten.view_copy.default
[INFO 2026-06-27 11:06:52,673 qnn_preprocess.py:68] Visiting: aten_permute_copy_default_292, aten.permute_copy.default
[INFO 2026-06-27 11:06:52,674 qnn_preprocess.py:68] Visiting: aten_view_copy_default_688, aten.view_copy.default
[INFO 2026-06-27 11:06:52,674 qnn_preprocess.py:68] Visiting: aten_linear_default_131, aten.linear.default
[INFO 2026-06-27 11:06:52,677 qnn_preprocess.py:68] Visiting: aten_view_copy_default_689, aten.view_copy.default
[INFO 2026-06-27 11:06:52,678 qnn_preprocess.py:68] Visiting: aten_permute_copy_default_207, aten.permute_copy.default
[INFO 2026-06-27 11:06:52,678 qnn_preprocess.py:68] Visiting: aten_add_tensor_78, aten.add.Tensor
[INFO 2026-06-27 11:06:52,679 qnn_preprocess.py:68] Visiting: aten_native_layer_norm_default_45, aten.native_layer_norm.default
[INFO 2026-06-27 11:06:52,681 qnn_preprocess.py:68] Visiting: getitem_140, getitem
[INFO 2026-06-27 11:06:52,681 qnn_preprocess.py:68] Visiting: aten_view_copy_default_690, aten.view_copy.default
[INFO 2026-06-27 11:06:52,682 qnn_preprocess.py:68] Visiting: aten_linear_default_132, aten.linear.default
[INFO 2026-06-27 11:06:52,687 qnn_preprocess.py:68] Visiting: aten_view_copy_default_691, aten.view_copy.default
[INFO 2026-06-27 11:06:52,687 qnn_preprocess.py:68] Visiting: aten_gelu_default_26, aten.gelu.default
[INFO 2026-06-27 11:06:52,688 qnn_preprocess.py:68] Visiting: aten_view_copy_default_692, aten.view_copy.default
[INFO 2026-06-27 11:06:52,688 qnn_preprocess.py:68] Visiting: aten_linear_default_133, aten.linear.default
[INFO 2026-06-27 11:06:52,693 qnn_preprocess.py:68] Visiting: aten_view_copy_default_693, aten.view_copy.default
[INFO 2026-06-27 11:06:52,693 qnn_preprocess.py:68] Visiting: aten_add_tensor_79, aten.add.Tensor
[INFO 2026-06-27 11:06:52,694 qnn_preprocess.py:68] Visiting: aten_native_layer_norm_default_46, aten.native_layer_norm.default
[INFO 2026-06-27 11:06:52,696 qnn_preprocess.py:68] Visiting: getitem_141, getitem
[INFO 2026-06-27 11:06:52,696 qnn_preprocess.py:68] Visiting: aten_view_copy_default_694, aten.view_copy.default
[INFO 2026-06-27 11:06:52,697 qnn_preprocess.py:68] Visiting: aten_permute_copy_default_209, aten.permute_copy.default
[INFO 2026-06-27 11:06:52,698 qnn_preprocess.py:68] Visiting: aten_permute_copy_default_208, aten.permute_copy.default
[INFO 2026-06-27 11:06:52,698 qnn_preprocess.py:68] Visiting: aten_view_copy_default_700, aten.view_copy.default
[INFO 2026-06-27 11:06:52,699 qnn_preprocess.py:68] Visiting: aten_view_copy_default_701, aten.view_copy.default
[INFO 2026-06-27 11:06:52,699 qnn_preprocess.py:68] Visiting: aten_view_copy_default_702, aten.view_copy.default
[INFO 2026-06-27 11:06:52,700 qnn_preprocess.py:68] Visiting: aten_view_copy_default_695, aten.view_copy.default
[INFO 2026-06-27 11:06:52,700 qnn_preprocess.py:68] Visiting: aten_linear_default_137, aten.linear.default
[INFO 2026-06-27 11:06:52,702 qnn_preprocess.py:68] Visiting: aten_linear_default_136, aten.linear.default
[INFO 2026-06-27 11:06:52,704 qnn_preprocess.py:68] Visiting: aten_linear_default_135, aten.linear.default
[INFO 2026-06-27 11:06:52,707 qnn_preprocess.py:68] Visiting: aten_linear_default_134, aten.linear.default
[INFO 2026-06-27 11:06:52,709 qnn_preprocess.py:68] Visiting: aten_view_copy_default_705, aten.view_copy.default
[INFO 2026-06-27 11:06:52,710 qnn_preprocess.py:68] Visiting: aten_view_copy_default_704, aten.view_copy.default
[INFO 2026-06-27 11:06:52,710 qnn_preprocess.py:68] Visiting: aten_view_copy_default_703, aten.view_copy.default
[INFO 2026-06-27 11:06:52,710 qnn_preprocess.py:68] Visiting: aten_view_copy_default_696, aten.view_copy.default
[INFO 2026-06-27 11:06:52,711 qnn_preprocess.py:68] Visiting: aten_view_copy_default_708, aten.view_copy.default
[INFO 2026-06-27 11:06:52,711 qnn_preprocess.py:68] Visiting: aten_view_copy_default_707, aten.view_copy.default
[INFO 2026-06-27 11:06:52,712 qnn_preprocess.py:68] Visiting: aten_view_copy_default_706, aten.view_copy.default
[INFO 2026-06-27 11:06:52,712 qnn_preprocess.py:68] Visiting: aten_view_copy_default_697, aten.view_copy.default
[INFO 2026-06-27 11:06:52,712 qnn_preprocess.py:68] Visiting: aten_permute_copy_default_212, aten.permute_copy.default
[INFO 2026-06-27 11:06:52,713 qnn_preprocess.py:68] Visiting: aten_permute_copy_default_211, aten.permute_copy.default
[INFO 2026-06-27 11:06:52,714 qnn_preprocess.py:68] Visiting: aten_permute_copy_default_210, aten.permute_copy.default
[INFO 2026-06-27 11:06:52,714 qnn_preprocess.py:68] Visiting: aten_sum_dim_int_list_19, aten.sum.dim_IntList
[INFO 2026-06-27 11:06:52,715 qnn_preprocess.py:68] Visiting: aten_view_copy_default_712, aten.view_copy.default
[INFO 2026-06-27 11:06:52,715 qnn_preprocess.py:68] Visiting: aten_view_copy_default_711, aten.view_copy.default
[INFO 2026-06-27 11:06:52,716 qnn_preprocess.py:68] Visiting: aten_view_copy_default_710, aten.view_copy.default
[INFO 2026-06-27 11:06:52,716 qnn_preprocess.py:68] Visiting: aten_sigmoid_default_19, aten.sigmoid.default
[INFO 2026-06-27 11:06:52,717 qnn_preprocess.py:68] Visiting: aten_view_copy_default_717, aten.view_copy.default
[INFO 2026-06-27 11:06:52,717 qnn_preprocess.py:68] Visiting: aten_permute_copy_default_213, aten.permute_copy.default
[INFO 2026-06-27 11:06:52,718 qnn_preprocess.py:68] Visiting: aten_mul_tensor_101, aten.mul.Tensor
[INFO 2026-06-27 11:06:52,719 qnn_preprocess.py:68] Visiting: aten_split_with_sizes_copy_default_38, aten.split_with_sizes_copy.default
[INFO 2026-06-27 11:06:52,720 qnn_preprocess.py:68] Visiting: aten_mul_tensor_102, aten.mul.Tensor
[INFO 2026-06-27 11:06:52,721 qnn_preprocess.py:68] Visiting: aten_view_copy_default_713, aten.view_copy.default
[INFO 2026-06-27 11:06:52,721 qnn_preprocess.py:68] Visiting: getitem_142, getitem
[INFO 2026-06-27 11:06:52,721 qnn_preprocess.py:68] Visiting: getitem_143, getitem
[INFO 2026-06-27 11:06:52,721 qnn_preprocess.py:68] Visiting: aten_view_copy_default_714, aten.view_copy.default
[INFO 2026-06-27 11:06:52,721 qnn_preprocess.py:68] Visiting: aten_mul_tensor_98, aten.mul.Tensor
[INFO 2026-06-27 11:06:52,723 qnn_preprocess.py:68] Visiting: aten_bmm_default_38, aten.bmm.default
[INFO 2026-06-27 11:06:52,724 qnn_preprocess.py:68] Visiting: aten_sub_tensor_21, aten.sub.Tensor
[INFO 2026-06-27 11:06:52,725 qnn_preprocess.py:68] Visiting: aten_view_copy_default_715, aten.view_copy.default
[INFO 2026-06-27 11:06:52,725 qnn_preprocess.py:68] Visiting: aten_mul_tensor_99, aten.mul.Tensor
[INFO 2026-06-27 11:06:52,726 qnn_preprocess.py:68] Visiting: aten_add_tensor_80, aten.add.Tensor
[INFO 2026-06-27 11:06:52,727 qnn_preprocess.py:68] Visiting: aten_view_copy_default_698, aten.view_copy.default
[INFO 2026-06-27 11:06:52,727 qnn_preprocess.py:68] Visiting: aten_mul_tensor_100, aten.mul.Tensor
[INFO 2026-06-27 11:06:52,728 qnn_preprocess.py:68] Visiting: aten_view_copy_default_699, aten.view_copy.default
[INFO 2026-06-27 11:06:52,728 qnn_preprocess.py:68] Visiting: aten_view_copy_default_709, aten.view_copy.default
[INFO 2026-06-27 11:06:52,729 qnn_preprocess.py:68] Visiting: aten_add_tensor_81, aten.add.Tensor
[INFO 2026-06-27 11:06:52,729 qnn_preprocess.py:68] Visiting: aten__safe_softmax_default_19, aten._safe_softmax.default
[INFO 2026-06-27 11:06:52,730 qnn_preprocess.py:68] Visiting: aten_view_copy_default_716, aten.view_copy.default
[INFO 2026-06-27 11:06:52,730 qnn_preprocess.py:68] Visiting: aten_bmm_default_39, aten.bmm.default
[INFO 2026-06-27 11:06:52,731 qnn_preprocess.py:68] Visiting: aten_view_copy_default_718, aten.view_copy.default
[INFO 2026-06-27 11:06:52,732 qnn_preprocess.py:68] Visiting: aten_permute_copy_default_293, aten.permute_copy.default
[INFO 2026-06-27 11:06:52,732 qnn_preprocess.py:68] Visiting: aten_view_copy_default_719, aten.view_copy.default
[INFO 2026-06-27 11:06:52,733 qnn_preprocess.py:68] Visiting: aten_linear_default_138, aten.linear.default
[INFO 2026-06-27 11:06:52,736 qnn_preprocess.py:68] Visiting: aten_view_copy_default_720, aten.view_copy.default
[INFO 2026-06-27 11:06:52,736 qnn_preprocess.py:68] Visiting: aten_permute_copy_default_217, aten.permute_copy.default
[INFO 2026-06-27 11:06:52,737 qnn_preprocess.py:68] Visiting: aten_add_tensor_82, aten.add.Tensor
[INFO 2026-06-27 11:06:52,738 qnn_preprocess.py:68] Visiting: aten_native_layer_norm_default_47, aten.native_layer_norm.default
[INFO 2026-06-27 11:06:52,740 qnn_preprocess.py:68] Visiting: getitem_147, getitem
[INFO 2026-06-27 11:06:52,740 qnn_preprocess.py:68] Visiting: aten_view_copy_default_721, aten.view_copy.default
[INFO 2026-06-27 11:06:52,740 qnn_preprocess.py:68] Visiting: aten_linear_default_139, aten.linear.default
[INFO 2026-06-27 11:06:52,746 qnn_preprocess.py:68] Visiting: aten_view_copy_default_722, aten.view_copy.default
[INFO 2026-06-27 11:06:52,746 qnn_preprocess.py:68] Visiting: aten_gelu_default_27, aten.gelu.default
[INFO 2026-06-27 11:06:52,747 qnn_preprocess.py:68] Visiting: aten_view_copy_default_723, aten.view_copy.default
[INFO 2026-06-27 11:06:52,747 qnn_preprocess.py:68] Visiting: aten_linear_default_140, aten.linear.default
[INFO 2026-06-27 11:06:52,754 qnn_preprocess.py:68] Visiting: aten_view_copy_default_724, aten.view_copy.default
[INFO 2026-06-27 11:06:52,754 qnn_preprocess.py:68] Visiting: aten_add_tensor_83, aten.add.Tensor
[INFO 2026-06-27 11:06:52,755 qnn_preprocess.py:68] Visiting: aten_native_layer_norm_default_48, aten.native_layer_norm.default
[INFO 2026-06-27 11:06:52,757 qnn_preprocess.py:68] Visiting: getitem_148, getitem
[INFO 2026-06-27 11:06:52,757 qnn_preprocess.py:68] Visiting: aten_view_copy_default_725, aten.view_copy.default
[INFO 2026-06-27 11:06:52,758 qnn_preprocess.py:68] Visiting: aten_permute_copy_default_219, aten.permute_copy.default
[INFO 2026-06-27 11:06:52,758 qnn_preprocess.py:68] Visiting: aten_permute_copy_default_218, aten.permute_copy.default
[INFO 2026-06-27 11:06:52,759 qnn_preprocess.py:68] Visiting: aten_view_copy_default_731, aten.view_copy.default
[INFO 2026-06-27 11:06:52,760 qnn_preprocess.py:68] Visiting: aten_view_copy_default_732, aten.view_copy.default
[INFO 2026-06-27 11:06:52,760 qnn_preprocess.py:68] Visiting: aten_view_copy_default_733, aten.view_copy.default
[INFO 2026-06-27 11:06:52,760 qnn_preprocess.py:68] Visiting: aten_view_copy_default_726, aten.view_copy.default
[INFO 2026-06-27 11:06:52,761 qnn_preprocess.py:68] Visiting: aten_linear_default_144, aten.linear.default
[INFO 2026-06-27 11:06:52,763 qnn_preprocess.py:68] Visiting: aten_linear_default_143, aten.linear.default
[INFO 2026-06-27 11:06:52,766 qnn_preprocess.py:68] Visiting: aten_linear_default_142, aten.linear.default
[INFO 2026-06-27 11:06:52,769 qnn_preprocess.py:68] Visiting: aten_linear_default_141, aten.linear.default
[INFO 2026-06-27 11:06:52,771 qnn_preprocess.py:68] Visiting: aten_view_copy_default_736, aten.view_copy.default
[INFO 2026-06-27 11:06:52,772 qnn_preprocess.py:68] Visiting: aten_view_copy_default_735, aten.view_copy.default
[INFO 2026-06-27 11:06:52,772 qnn_preprocess.py:68] Visiting: aten_view_copy_default_734, aten.view_copy.default
[INFO 2026-06-27 11:06:52,772 qnn_preprocess.py:68] Visiting: aten_view_copy_default_727, aten.view_copy.default
[INFO 2026-06-27 11:06:52,773 qnn_preprocess.py:68] Visiting: aten_view_copy_default_739, aten.view_copy.default
[INFO 2026-06-27 11:06:52,773 qnn_preprocess.py:68] Visiting: aten_view_copy_default_738, aten.view_copy.default
[INFO 2026-06-27 11:06:52,774 qnn_preprocess.py:68] Visiting: aten_view_copy_default_737, aten.view_copy.default
[INFO 2026-06-27 11:06:52,774 qnn_preprocess.py:68] Visiting: aten_view_copy_default_728, aten.view_copy.default
[INFO 2026-06-27 11:06:52,775 qnn_preprocess.py:68] Visiting: aten_permute_copy_default_222, aten.permute_copy.default
[INFO 2026-06-27 11:06:52,775 qnn_preprocess.py:68] Visiting: aten_permute_copy_default_221, aten.permute_copy.default
[INFO 2026-06-27 11:06:52,776 qnn_preprocess.py:68] Visiting: aten_permute_copy_default_220, aten.permute_copy.default
[INFO 2026-06-27 11:06:52,777 qnn_preprocess.py:68] Visiting: aten_sum_dim_int_list_20, aten.sum.dim_IntList
[INFO 2026-06-27 11:06:52,777 qnn_preprocess.py:68] Visiting: aten_view_copy_default_743, aten.view_copy.default
[INFO 2026-06-27 11:06:52,778 qnn_preprocess.py:68] Visiting: aten_view_copy_default_742, aten.view_copy.default
[INFO 2026-06-27 11:06:52,778 qnn_preprocess.py:68] Visiting: aten_view_copy_default_741, aten.view_copy.default
[INFO 2026-06-27 11:06:52,779 qnn_preprocess.py:68] Visiting: aten_sigmoid_default_20, aten.sigmoid.default
[INFO 2026-06-27 11:06:52,779 qnn_preprocess.py:68] Visiting: aten_view_copy_default_748, aten.view_copy.default
[INFO 2026-06-27 11:06:52,780 qnn_preprocess.py:68] Visiting: aten_permute_copy_default_223, aten.permute_copy.default
[INFO 2026-06-27 11:06:52,781 qnn_preprocess.py:68] Visiting: aten_mul_tensor_106, aten.mul.Tensor
[INFO 2026-06-27 11:06:52,781 qnn_preprocess.py:68] Visiting: aten_split_with_sizes_copy_default_40, aten.split_with_sizes_copy.default
[INFO 2026-06-27 11:06:52,782 qnn_preprocess.py:68] Visiting: aten_mul_tensor_107, aten.mul.Tensor
[INFO 2026-06-27 11:06:52,783 qnn_preprocess.py:68] Visiting: aten_view_copy_default_744, aten.view_copy.default
[INFO 2026-06-27 11:06:52,784 qnn_preprocess.py:68] Visiting: getitem_149, getitem
[INFO 2026-06-27 11:06:52,784 qnn_preprocess.py:68] Visiting: getitem_150, getitem
[INFO 2026-06-27 11:06:52,784 qnn_preprocess.py:68] Visiting: aten_view_copy_default_745, aten.view_copy.default
[INFO 2026-06-27 11:06:52,784 qnn_preprocess.py:68] Visiting: aten_mul_tensor_103, aten.mul.Tensor
[INFO 2026-06-27 11:06:52,786 qnn_preprocess.py:68] Visiting: aten_bmm_default_40, aten.bmm.default
[INFO 2026-06-27 11:06:52,786 qnn_preprocess.py:68] Visiting: aten_sub_tensor_22, aten.sub.Tensor
[INFO 2026-06-27 11:06:52,787 qnn_preprocess.py:68] Visiting: aten_view_copy_default_746, aten.view_copy.default
[INFO 2026-06-27 11:06:52,788 qnn_preprocess.py:68] Visiting: aten_mul_tensor_104, aten.mul.Tensor
[INFO 2026-06-27 11:06:52,788 qnn_preprocess.py:68] Visiting: aten_add_tensor_84, aten.add.Tensor
[INFO 2026-06-27 11:06:52,789 qnn_preprocess.py:68] Visiting: aten_view_copy_default_729, aten.view_copy.default
[INFO 2026-06-27 11:06:52,790 qnn_preprocess.py:68] Visiting: aten_mul_tensor_105, aten.mul.Tensor
[INFO 2026-06-27 11:06:52,790 qnn_preprocess.py:68] Visiting: aten_view_copy_default_730, aten.view_copy.default
[INFO 2026-06-27 11:06:52,791 qnn_preprocess.py:68] Visiting: aten_view_copy_default_740, aten.view_copy.default
[INFO 2026-06-27 11:06:52,791 qnn_preprocess.py:68] Visiting: aten_add_tensor_85, aten.add.Tensor
[INFO 2026-06-27 11:06:52,792 qnn_preprocess.py:68] Visiting: aten__safe_softmax_default_20, aten._safe_softmax.default
[INFO 2026-06-27 11:06:52,793 qnn_preprocess.py:68] Visiting: aten_view_copy_default_747, aten.view_copy.default
[INFO 2026-06-27 11:06:52,793 qnn_preprocess.py:68] Visiting: aten_bmm_default_41, aten.bmm.default
[INFO 2026-06-27 11:06:52,794 qnn_preprocess.py:68] Visiting: aten_view_copy_default_749, aten.view_copy.default
[INFO 2026-06-27 11:06:52,794 qnn_preprocess.py:68] Visiting: aten_permute_copy_default_294, aten.permute_copy.default
[INFO 2026-06-27 11:06:52,795 qnn_preprocess.py:68] Visiting: aten_view_copy_default_750, aten.view_copy.default
[INFO 2026-06-27 11:06:52,795 qnn_preprocess.py:68] Visiting: aten_linear_default_145, aten.linear.default
[INFO 2026-06-27 11:06:52,799 qnn_preprocess.py:68] Visiting: aten_view_copy_default_751, aten.view_copy.default
[INFO 2026-06-27 11:06:52,800 qnn_preprocess.py:68] Visiting: aten_permute_copy_default_227, aten.permute_copy.default
[INFO 2026-06-27 11:06:52,800 qnn_preprocess.py:68] Visiting: aten_add_tensor_86, aten.add.Tensor
[INFO 2026-06-27 11:06:52,801 qnn_preprocess.py:68] Visiting: aten_native_layer_norm_default_49, aten.native_layer_norm.default
[INFO 2026-06-27 11:06:52,803 qnn_preprocess.py:68] Visiting: getitem_154, getitem
[INFO 2026-06-27 11:06:52,803 qnn_preprocess.py:68] Visiting: aten_view_copy_default_752, aten.view_copy.default
[INFO 2026-06-27 11:06:52,804 qnn_preprocess.py:68] Visiting: aten_linear_default_146, aten.linear.default
[INFO 2026-06-27 11:06:52,811 qnn_preprocess.py:68] Visiting: aten_view_copy_default_753, aten.view_copy.default
[INFO 2026-06-27 11:06:52,811 qnn_preprocess.py:68] Visiting: aten_gelu_default_28, aten.gelu.default
[INFO 2026-06-27 11:06:52,812 qnn_preprocess.py:68] Visiting: aten_view_copy_default_754, aten.view_copy.default
[INFO 2026-06-27 11:06:52,812 qnn_preprocess.py:68] Visiting: aten_linear_default_147, aten.linear.default
[INFO 2026-06-27 11:06:52,818 qnn_preprocess.py:68] Visiting: aten_view_copy_default_755, aten.view_copy.default
[INFO 2026-06-27 11:06:52,818 qnn_preprocess.py:68] Visiting: aten_add_tensor_87, aten.add.Tensor
[INFO 2026-06-27 11:06:52,819 qnn_preprocess.py:68] Visiting: aten_native_layer_norm_default_50, aten.native_layer_norm.default
[INFO 2026-06-27 11:06:52,821 qnn_preprocess.py:68] Visiting: getitem_155, getitem
[INFO 2026-06-27 11:06:52,821 qnn_preprocess.py:68] Visiting: aten_view_copy_default_756, aten.view_copy.default
[INFO 2026-06-27 11:06:52,821 qnn_preprocess.py:68] Visiting: aten_permute_copy_default_229, aten.permute_copy.default
[INFO 2026-06-27 11:06:52,822 qnn_preprocess.py:68] Visiting: aten_permute_copy_default_228, aten.permute_copy.default
[INFO 2026-06-27 11:06:52,823 qnn_preprocess.py:68] Visiting: aten_view_copy_default_762, aten.view_copy.default
[INFO 2026-06-27 11:06:52,823 qnn_preprocess.py:68] Visiting: aten_view_copy_default_763, aten.view_copy.default
[INFO 2026-06-27 11:06:52,824 qnn_preprocess.py:68] Visiting: aten_view_copy_default_764, aten.view_copy.default
[INFO 2026-06-27 11:06:52,824 qnn_preprocess.py:68] Visiting: aten_view_copy_default_757, aten.view_copy.default
[INFO 2026-06-27 11:06:52,825 qnn_preprocess.py:68] Visiting: aten_linear_default_151, aten.linear.default
[INFO 2026-06-27 11:06:52,827 qnn_preprocess.py:68] Visiting: aten_linear_default_150, aten.linear.default
[INFO 2026-06-27 11:06:52,830 qnn_preprocess.py:68] Visiting: aten_linear_default_149, aten.linear.default
[INFO 2026-06-27 11:06:52,833 qnn_preprocess.py:68] Visiting: aten_linear_default_148, aten.linear.default
[INFO 2026-06-27 11:06:52,835 qnn_preprocess.py:68] Visiting: aten_view_copy_default_767, aten.view_copy.default
[INFO 2026-06-27 11:06:52,835 qnn_preprocess.py:68] Visiting: aten_view_copy_default_766, aten.view_copy.default
[INFO 2026-06-27 11:06:52,836 qnn_preprocess.py:68] Visiting: aten_view_copy_default_765, aten.view_copy.default
[INFO 2026-06-27 11:06:52,836 qnn_preprocess.py:68] Visiting: aten_view_copy_default_758, aten.view_copy.default
[INFO 2026-06-27 11:06:52,837 qnn_preprocess.py:68] Visiting: aten_view_copy_default_770, aten.view_copy.default
[INFO 2026-06-27 11:06:52,837 qnn_preprocess.py:68] Visiting: aten_view_copy_default_769, aten.view_copy.default
[INFO 2026-06-27 11:06:52,838 qnn_preprocess.py:68] Visiting: aten_view_copy_default_768, aten.view_copy.default
[INFO 2026-06-27 11:06:52,838 qnn_preprocess.py:68] Visiting: aten_view_copy_default_759, aten.view_copy.default
[INFO 2026-06-27 11:06:52,838 qnn_preprocess.py:68] Visiting: aten_permute_copy_default_232, aten.permute_copy.default
[INFO 2026-06-27 11:06:52,839 qnn_preprocess.py:68] Visiting: aten_permute_copy_default_231, aten.permute_copy.default
[INFO 2026-06-27 11:06:52,840 qnn_preprocess.py:68] Visiting: aten_permute_copy_default_230, aten.permute_copy.default
[INFO 2026-06-27 11:06:52,840 qnn_preprocess.py:68] Visiting: aten_sum_dim_int_list_21, aten.sum.dim_IntList
[INFO 2026-06-27 11:06:52,841 qnn_preprocess.py:68] Visiting: aten_view_copy_default_774, aten.view_copy.default
[INFO 2026-06-27 11:06:52,841 qnn_preprocess.py:68] Visiting: aten_view_copy_default_773, aten.view_copy.default
[INFO 2026-06-27 11:06:52,842 qnn_preprocess.py:68] Visiting: aten_view_copy_default_772, aten.view_copy.default
[INFO 2026-06-27 11:06:52,842 qnn_preprocess.py:68] Visiting: aten_sigmoid_default_21, aten.sigmoid.default
[INFO 2026-06-27 11:06:52,843 qnn_preprocess.py:68] Visiting: aten_view_copy_default_779, aten.view_copy.default
[INFO 2026-06-27 11:06:52,843 qnn_preprocess.py:68] Visiting: aten_permute_copy_default_233, aten.permute_copy.default
[INFO 2026-06-27 11:06:52,844 qnn_preprocess.py:68] Visiting: aten_mul_tensor_111, aten.mul.Tensor
[INFO 2026-06-27 11:06:52,845 qnn_preprocess.py:68] Visiting: aten_split_with_sizes_copy_default_42, aten.split_with_sizes_copy.default
[INFO 2026-06-27 11:06:52,846 qnn_preprocess.py:68] Visiting: aten_mul_tensor_112, aten.mul.Tensor
[INFO 2026-06-27 11:06:52,846 qnn_preprocess.py:68] Visiting: aten_view_copy_default_775, aten.view_copy.default
[INFO 2026-06-27 11:06:52,847 qnn_preprocess.py:68] Visiting: getitem_156, getitem
[INFO 2026-06-27 11:06:52,847 qnn_preprocess.py:68] Visiting: getitem_157, getitem
[INFO 2026-06-27 11:06:52,847 qnn_preprocess.py:68] Visiting: aten_view_copy_default_776, aten.view_copy.default
[INFO 2026-06-27 11:06:52,847 qnn_preprocess.py:68] Visiting: aten_mul_tensor_108, aten.mul.Tensor
[INFO 2026-06-27 11:06:52,849 qnn_preprocess.py:68] Visiting: aten_bmm_default_42, aten.bmm.default
[INFO 2026-06-27 11:06:52,850 qnn_preprocess.py:68] Visiting: aten_sub_tensor_23, aten.sub.Tensor
[INFO 2026-06-27 11:06:52,850 qnn_preprocess.py:68] Visiting: aten_view_copy_default_777, aten.view_copy.default
[INFO 2026-06-27 11:06:52,851 qnn_preprocess.py:68] Visiting: aten_mul_tensor_109, aten.mul.Tensor
[INFO 2026-06-27 11:06:52,852 qnn_preprocess.py:68] Visiting: aten_add_tensor_88, aten.add.Tensor
[INFO 2026-06-27 11:06:52,852 qnn_preprocess.py:68] Visiting: aten_view_copy_default_760, aten.view_copy.default
[INFO 2026-06-27 11:06:52,853 qnn_preprocess.py:68] Visiting: aten_mul_tensor_110, aten.mul.Tensor
[INFO 2026-06-27 11:06:52,854 qnn_preprocess.py:68] Visiting: aten_view_copy_default_761, aten.view_copy.default
[INFO 2026-06-27 11:06:52,854 qnn_preprocess.py:68] Visiting: aten_view_copy_default_771, aten.view_copy.default
[INFO 2026-06-27 11:06:52,854 qnn_preprocess.py:68] Visiting: aten_add_tensor_89, aten.add.Tensor
[INFO 2026-06-27 11:06:52,855 qnn_preprocess.py:68] Visiting: aten__safe_softmax_default_21, aten._safe_softmax.default
[INFO 2026-06-27 11:06:52,856 qnn_preprocess.py:68] Visiting: aten_view_copy_default_778, aten.view_copy.default
[INFO 2026-06-27 11:06:52,856 qnn_preprocess.py:68] Visiting: aten_bmm_default_43, aten.bmm.default
[INFO 2026-06-27 11:06:52,857 qnn_preprocess.py:68] Visiting: aten_view_copy_default_780, aten.view_copy.default
[INFO 2026-06-27 11:06:52,858 qnn_preprocess.py:68] Visiting: aten_permute_copy_default_295, aten.permute_copy.default
[INFO 2026-06-27 11:06:52,858 qnn_preprocess.py:68] Visiting: aten_view_copy_default_781, aten.view_copy.default
[INFO 2026-06-27 11:06:52,859 qnn_preprocess.py:68] Visiting: aten_linear_default_152, aten.linear.default
[INFO 2026-06-27 11:06:52,862 qnn_preprocess.py:68] Visiting: aten_view_copy_default_782, aten.view_copy.default
[INFO 2026-06-27 11:06:52,863 qnn_preprocess.py:68] Visiting: aten_permute_copy_default_237, aten.permute_copy.default
[INFO 2026-06-27 11:06:52,864 qnn_preprocess.py:68] Visiting: aten_add_tensor_90, aten.add.Tensor
[INFO 2026-06-27 11:06:52,864 qnn_preprocess.py:68] Visiting: aten_native_layer_norm_default_51, aten.native_layer_norm.default
[INFO 2026-06-27 11:06:52,867 qnn_preprocess.py:68] Visiting: getitem_161, getitem
[INFO 2026-06-27 11:06:52,867 qnn_preprocess.py:68] Visiting: aten_view_copy_default_783, aten.view_copy.default
[INFO 2026-06-27 11:06:52,867 qnn_preprocess.py:68] Visiting: aten_linear_default_153, aten.linear.default
[INFO 2026-06-27 11:06:52,874 qnn_preprocess.py:68] Visiting: aten_view_copy_default_784, aten.view_copy.default
[INFO 2026-06-27 11:06:52,875 qnn_preprocess.py:68] Visiting: aten_gelu_default_29, aten.gelu.default
[INFO 2026-06-27 11:06:52,875 qnn_preprocess.py:68] Visiting: aten_view_copy_default_785, aten.view_copy.default
[INFO 2026-06-27 11:06:52,876 qnn_preprocess.py:68] Visiting: aten_linear_default_154, aten.linear.default
[INFO 2026-06-27 11:06:52,883 qnn_preprocess.py:68] Visiting: aten_view_copy_default_786, aten.view_copy.default
[INFO 2026-06-27 11:06:52,883 qnn_preprocess.py:68] Visiting: aten_add_tensor_91, aten.add.Tensor
[INFO 2026-06-27 11:06:52,884 qnn_preprocess.py:68] Visiting: aten_native_layer_norm_default_52, aten.native_layer_norm.default
[INFO 2026-06-27 11:06:52,886 qnn_preprocess.py:68] Visiting: getitem_162, getitem
[INFO 2026-06-27 11:06:52,886 qnn_preprocess.py:68] Visiting: aten_view_copy_default_787, aten.view_copy.default
[INFO 2026-06-27 11:06:52,887 qnn_preprocess.py:68] Visiting: aten_permute_copy_default_239, aten.permute_copy.default
[INFO 2026-06-27 11:06:52,888 qnn_preprocess.py:68] Visiting: aten_permute_copy_default_238, aten.permute_copy.default
[INFO 2026-06-27 11:06:52,888 qnn_preprocess.py:68] Visiting: aten_view_copy_default_793, aten.view_copy.default
[INFO 2026-06-27 11:06:52,889 qnn_preprocess.py:68] Visiting: aten_view_copy_default_794, aten.view_copy.default
[INFO 2026-06-27 11:06:52,889 qnn_preprocess.py:68] Visiting: aten_view_copy_default_795, aten.view_copy.default
[INFO 2026-06-27 11:06:52,890 qnn_preprocess.py:68] Visiting: aten_view_copy_default_788, aten.view_copy.default
[INFO 2026-06-27 11:06:52,890 qnn_preprocess.py:68] Visiting: aten_linear_default_158, aten.linear.default
[INFO 2026-06-27 11:06:52,893 qnn_preprocess.py:68] Visiting: aten_linear_default_157, aten.linear.default
[INFO 2026-06-27 11:06:52,896 qnn_preprocess.py:68] Visiting: aten_linear_default_156, aten.linear.default
[INFO 2026-06-27 11:06:52,899 qnn_preprocess.py:68] Visiting: aten_linear_default_155, aten.linear.default
[INFO 2026-06-27 11:06:52,901 qnn_preprocess.py:68] Visiting: aten_view_copy_default_798, aten.view_copy.default
[INFO 2026-06-27 11:06:52,902 qnn_preprocess.py:68] Visiting: aten_view_copy_default_797, aten.view_copy.default
[INFO 2026-06-27 11:06:52,902 qnn_preprocess.py:68] Visiting: aten_view_copy_default_796, aten.view_copy.default
[INFO 2026-06-27 11:06:52,903 qnn_preprocess.py:68] Visiting: aten_view_copy_default_789, aten.view_copy.default
[INFO 2026-06-27 11:06:52,903 qnn_preprocess.py:68] Visiting: aten_view_copy_default_801, aten.view_copy.default
[INFO 2026-06-27 11:06:52,904 qnn_preprocess.py:68] Visiting: aten_view_copy_default_800, aten.view_copy.default
[INFO 2026-06-27 11:06:52,904 qnn_preprocess.py:68] Visiting: aten_view_copy_default_799, aten.view_copy.default
[INFO 2026-06-27 11:06:52,904 qnn_preprocess.py:68] Visiting: aten_view_copy_default_790, aten.view_copy.default
[INFO 2026-06-27 11:06:52,905 qnn_preprocess.py:68] Visiting: aten_permute_copy_default_242, aten.permute_copy.default
[INFO 2026-06-27 11:06:52,906 qnn_preprocess.py:68] Visiting: aten_permute_copy_default_241, aten.permute_copy.default
[INFO 2026-06-27 11:06:52,906 qnn_preprocess.py:68] Visiting: aten_permute_copy_default_240, aten.permute_copy.default
[INFO 2026-06-27 11:06:52,907 qnn_preprocess.py:68] Visiting: aten_sum_dim_int_list_22, aten.sum.dim_IntList
[INFO 2026-06-27 11:06:52,907 qnn_preprocess.py:68] Visiting: aten_view_copy_default_805, aten.view_copy.default
[INFO 2026-06-27 11:06:52,908 qnn_preprocess.py:68] Visiting: aten_view_copy_default_804, aten.view_copy.default
[INFO 2026-06-27 11:06:52,908 qnn_preprocess.py:68] Visiting: aten_view_copy_default_803, aten.view_copy.default
[INFO 2026-06-27 11:06:52,909 qnn_preprocess.py:68] Visiting: aten_sigmoid_default_22, aten.sigmoid.default
[INFO 2026-06-27 11:06:52,909 qnn_preprocess.py:68] Visiting: aten_view_copy_default_810, aten.view_copy.default
[INFO 2026-06-27 11:06:52,910 qnn_preprocess.py:68] Visiting: aten_permute_copy_default_243, aten.permute_copy.default
[INFO 2026-06-27 11:06:52,910 qnn_preprocess.py:68] Visiting: aten_mul_tensor_116, aten.mul.Tensor
[INFO 2026-06-27 11:06:52,911 qnn_preprocess.py:68] Visiting: aten_split_with_sizes_copy_default_44, aten.split_with_sizes_copy.default
[INFO 2026-06-27 11:06:52,912 qnn_preprocess.py:68] Visiting: aten_mul_tensor_117, aten.mul.Tensor
[INFO 2026-06-27 11:06:52,913 qnn_preprocess.py:68] Visiting: aten_view_copy_default_806, aten.view_copy.default
[INFO 2026-06-27 11:06:52,913 qnn_preprocess.py:68] Visiting: getitem_163, getitem
[INFO 2026-06-27 11:06:52,913 qnn_preprocess.py:68] Visiting: getitem_164, getitem
[INFO 2026-06-27 11:06:52,914 qnn_preprocess.py:68] Visiting: aten_view_copy_default_807, aten.view_copy.default
[INFO 2026-06-27 11:06:52,914 qnn_preprocess.py:68] Visiting: aten_mul_tensor_113, aten.mul.Tensor
[INFO 2026-06-27 11:06:52,915 qnn_preprocess.py:68] Visiting: aten_bmm_default_44, aten.bmm.default
[INFO 2026-06-27 11:06:52,916 qnn_preprocess.py:68] Visiting: aten_sub_tensor_24, aten.sub.Tensor
[INFO 2026-06-27 11:06:52,917 qnn_preprocess.py:68] Visiting: aten_view_copy_default_808, aten.view_copy.default
[INFO 2026-06-27 11:06:52,917 qnn_preprocess.py:68] Visiting: aten_mul_tensor_114, aten.mul.Tensor
[INFO 2026-06-27 11:06:52,918 qnn_preprocess.py:68] Visiting: aten_add_tensor_92, aten.add.Tensor
[INFO 2026-06-27 11:06:52,919 qnn_preprocess.py:68] Visiting: aten_view_copy_default_791, aten.view_copy.default
[INFO 2026-06-27 11:06:52,919 qnn_preprocess.py:68] Visiting: aten_mul_tensor_115, aten.mul.Tensor
[INFO 2026-06-27 11:06:52,920 qnn_preprocess.py:68] Visiting: aten_view_copy_default_792, aten.view_copy.default
[INFO 2026-06-27 11:06:52,921 qnn_preprocess.py:68] Visiting: aten_view_copy_default_802, aten.view_copy.default
[INFO 2026-06-27 11:06:52,921 qnn_preprocess.py:68] Visiting: aten_add_tensor_93, aten.add.Tensor
[INFO 2026-06-27 11:06:52,922 qnn_preprocess.py:68] Visiting: aten__safe_softmax_default_22, aten._safe_softmax.default
[INFO 2026-06-27 11:06:52,923 qnn_preprocess.py:68] Visiting: aten_view_copy_default_809, aten.view_copy.default
[INFO 2026-06-27 11:06:52,923 qnn_preprocess.py:68] Visiting: aten_bmm_default_45, aten.bmm.default
[INFO 2026-06-27 11:06:52,924 qnn_preprocess.py:68] Visiting: aten_view_copy_default_811, aten.view_copy.default
[INFO 2026-06-27 11:06:52,924 qnn_preprocess.py:68] Visiting: aten_permute_copy_default_296, aten.permute_copy.default
[INFO 2026-06-27 11:06:52,925 qnn_preprocess.py:68] Visiting: aten_view_copy_default_812, aten.view_copy.default
[INFO 2026-06-27 11:06:52,925 qnn_preprocess.py:68] Visiting: aten_linear_default_159, aten.linear.default
[INFO 2026-06-27 11:06:52,929 qnn_preprocess.py:68] Visiting: aten_view_copy_default_813, aten.view_copy.default
[INFO 2026-06-27 11:06:52,929 qnn_preprocess.py:68] Visiting: aten_permute_copy_default_247, aten.permute_copy.default
[INFO 2026-06-27 11:06:52,930 qnn_preprocess.py:68] Visiting: aten_add_tensor_94, aten.add.Tensor
[INFO 2026-06-27 11:06:52,931 qnn_preprocess.py:68] Visiting: aten_native_layer_norm_default_53, aten.native_layer_norm.default
[INFO 2026-06-27 11:06:52,933 qnn_preprocess.py:68] Visiting: getitem_168, getitem
[INFO 2026-06-27 11:06:52,933 qnn_preprocess.py:68] Visiting: aten_view_copy_default_814, aten.view_copy.default
[INFO 2026-06-27 11:06:52,933 qnn_preprocess.py:68] Visiting: aten_linear_default_160, aten.linear.default
[INFO 2026-06-27 11:06:52,940 qnn_preprocess.py:68] Visiting: aten_view_copy_default_815, aten.view_copy.default
[INFO 2026-06-27 11:06:52,940 qnn_preprocess.py:68] Visiting: aten_gelu_default_30, aten.gelu.default
[INFO 2026-06-27 11:06:52,941 qnn_preprocess.py:68] Visiting: aten_view_copy_default_816, aten.view_copy.default
[INFO 2026-06-27 11:06:52,941 qnn_preprocess.py:68] Visiting: aten_linear_default_161, aten.linear.default
[INFO 2026-06-27 11:06:52,948 qnn_preprocess.py:68] Visiting: aten_view_copy_default_817, aten.view_copy.default
[INFO 2026-06-27 11:06:52,949 qnn_preprocess.py:68] Visiting: aten_add_tensor_95, aten.add.Tensor
[INFO 2026-06-27 11:06:52,950 qnn_preprocess.py:68] Visiting: aten_native_layer_norm_default_54, aten.native_layer_norm.default
[INFO 2026-06-27 11:06:52,952 qnn_preprocess.py:68] Visiting: getitem_169, getitem
[INFO 2026-06-27 11:06:52,952 qnn_preprocess.py:68] Visiting: aten_view_copy_default_818, aten.view_copy.default
[INFO 2026-06-27 11:06:52,952 qnn_preprocess.py:68] Visiting: aten_permute_copy_default_249, aten.permute_copy.default
[INFO 2026-06-27 11:06:52,953 qnn_preprocess.py:68] Visiting: aten_permute_copy_default_248, aten.permute_copy.default
[INFO 2026-06-27 11:06:52,954 qnn_preprocess.py:68] Visiting: aten_view_copy_default_824, aten.view_copy.default
[INFO 2026-06-27 11:06:52,954 qnn_preprocess.py:68] Visiting: aten_view_copy_default_825, aten.view_copy.default
[INFO 2026-06-27 11:06:52,955 qnn_preprocess.py:68] Visiting: aten_view_copy_default_826, aten.view_copy.default
[INFO 2026-06-27 11:06:52,955 qnn_preprocess.py:68] Visiting: aten_view_copy_default_819, aten.view_copy.default
[INFO 2026-06-27 11:06:52,956 qnn_preprocess.py:68] Visiting: aten_linear_default_165, aten.linear.default
[INFO 2026-06-27 11:06:52,958 qnn_preprocess.py:68] Visiting: aten_linear_default_164, aten.linear.default
[INFO 2026-06-27 11:06:52,961 qnn_preprocess.py:68] Visiting: aten_linear_default_163, aten.linear.default
[INFO 2026-06-27 11:06:52,964 qnn_preprocess.py:68] Visiting: aten_linear_default_162, aten.linear.default
[INFO 2026-06-27 11:06:52,967 qnn_preprocess.py:68] Visiting: aten_view_copy_default_829, aten.view_copy.default
[INFO 2026-06-27 11:06:52,967 qnn_preprocess.py:68] Visiting: aten_view_copy_default_828, aten.view_copy.default
[INFO 2026-06-27 11:06:52,967 qnn_preprocess.py:68] Visiting: aten_view_copy_default_827, aten.view_copy.default
[INFO 2026-06-27 11:06:52,968 qnn_preprocess.py:68] Visiting: aten_view_copy_default_820, aten.view_copy.default
[INFO 2026-06-27 11:06:52,968 qnn_preprocess.py:68] Visiting: aten_view_copy_default_832, aten.view_copy.default
[INFO 2026-06-27 11:06:52,969 qnn_preprocess.py:68] Visiting: aten_view_copy_default_831, aten.view_copy.default
[INFO 2026-06-27 11:06:52,969 qnn_preprocess.py:68] Visiting: aten_view_copy_default_830, aten.view_copy.default
[INFO 2026-06-27 11:06:52,970 qnn_preprocess.py:68] Visiting: aten_view_copy_default_821, aten.view_copy.default
[INFO 2026-06-27 11:06:52,970 qnn_preprocess.py:68] Visiting: aten_permute_copy_default_252, aten.permute_copy.default
[INFO 2026-06-27 11:06:52,971 qnn_preprocess.py:68] Visiting: aten_permute_copy_default_251, aten.permute_copy.default
[INFO 2026-06-27 11:06:52,971 qnn_preprocess.py:68] Visiting: aten_permute_copy_default_250, aten.permute_copy.default
[INFO 2026-06-27 11:06:52,972 qnn_preprocess.py:68] Visiting: aten_sum_dim_int_list_23, aten.sum.dim_IntList
[INFO 2026-06-27 11:06:52,973 qnn_preprocess.py:68] Visiting: aten_view_copy_default_836, aten.view_copy.default
[INFO 2026-06-27 11:06:52,973 qnn_preprocess.py:68] Visiting: aten_view_copy_default_835, aten.view_copy.default
[INFO 2026-06-27 11:06:52,973 qnn_preprocess.py:68] Visiting: aten_view_copy_default_834, aten.view_copy.default
[INFO 2026-06-27 11:06:52,974 qnn_preprocess.py:68] Visiting: aten_sigmoid_default_23, aten.sigmoid.default
[INFO 2026-06-27 11:06:52,975 qnn_preprocess.py:68] Visiting: aten_view_copy_default_841, aten.view_copy.default
[INFO 2026-06-27 11:06:52,975 qnn_preprocess.py:68] Visiting: aten_permute_copy_default_253, aten.permute_copy.default
[INFO 2026-06-27 11:06:52,976 qnn_preprocess.py:68] Visiting: aten_mul_tensor_121, aten.mul.Tensor
[INFO 2026-06-27 11:06:52,976 qnn_preprocess.py:68] Visiting: aten_split_with_sizes_copy_default_46, aten.split_with_sizes_copy.default
[INFO 2026-06-27 11:06:52,977 qnn_preprocess.py:68] Visiting: aten_mul_tensor_122, aten.mul.Tensor
[INFO 2026-06-27 11:06:52,978 qnn_preprocess.py:68] Visiting: aten_view_copy_default_837, aten.view_copy.default
[INFO 2026-06-27 11:06:52,979 qnn_preprocess.py:68] Visiting: getitem_170, getitem
[INFO 2026-06-27 11:06:52,979 qnn_preprocess.py:68] Visiting: getitem_171, getitem
[INFO 2026-06-27 11:06:52,979 qnn_preprocess.py:68] Visiting: aten_view_copy_default_838, aten.view_copy.default
[INFO 2026-06-27 11:06:52,979 qnn_preprocess.py:68] Visiting: aten_mul_tensor_118, aten.mul.Tensor
[INFO 2026-06-27 11:06:52,981 qnn_preprocess.py:68] Visiting: aten_bmm_default_46, aten.bmm.default
[INFO 2026-06-27 11:06:52,981 qnn_preprocess.py:68] Visiting: aten_sub_tensor_25, aten.sub.Tensor
[INFO 2026-06-27 11:06:52,982 qnn_preprocess.py:68] Visiting: aten_view_copy_default_839, aten.view_copy.default
[INFO 2026-06-27 11:06:52,983 qnn_preprocess.py:68] Visiting: aten_mul_tensor_119, aten.mul.Tensor
[INFO 2026-06-27 11:06:52,983 qnn_preprocess.py:68] Visiting: aten_add_tensor_96, aten.add.Tensor
[INFO 2026-06-27 11:06:52,984 qnn_preprocess.py:68] Visiting: aten_view_copy_default_822, aten.view_copy.default
[INFO 2026-06-27 11:06:52,985 qnn_preprocess.py:68] Visiting: aten_mul_tensor_120, aten.mul.Tensor
[INFO 2026-06-27 11:06:52,985 qnn_preprocess.py:68] Visiting: aten_view_copy_default_823, aten.view_copy.default
[INFO 2026-06-27 11:06:52,986 qnn_preprocess.py:68] Visiting: aten_view_copy_default_833, aten.view_copy.default
[INFO 2026-06-27 11:06:52,987 qnn_preprocess.py:68] Visiting: aten_add_tensor_97, aten.add.Tensor
[INFO 2026-06-27 11:06:52,987 qnn_preprocess.py:68] Visiting: aten__safe_softmax_default_23, aten._safe_softmax.default
[INFO 2026-06-27 11:06:52,988 qnn_preprocess.py:68] Visiting: aten_view_copy_default_840, aten.view_copy.default
[INFO 2026-06-27 11:06:52,988 qnn_preprocess.py:68] Visiting: aten_bmm_default_47, aten.bmm.default
[INFO 2026-06-27 11:06:52,989 qnn_preprocess.py:68] Visiting: aten_view_copy_default_842, aten.view_copy.default
[INFO 2026-06-27 11:06:52,990 qnn_preprocess.py:68] Visiting: aten_permute_copy_default_297, aten.permute_copy.default
[INFO 2026-06-27 11:06:52,991 qnn_preprocess.py:68] Visiting: aten_view_copy_default_843, aten.view_copy.default
[INFO 2026-06-27 11:06:52,991 qnn_preprocess.py:68] Visiting: aten_linear_default_166, aten.linear.default
[INFO 2026-06-27 11:06:52,995 qnn_preprocess.py:68] Visiting: aten_view_copy_default_844, aten.view_copy.default
[INFO 2026-06-27 11:06:52,995 qnn_preprocess.py:68] Visiting: aten_permute_copy_default_257, aten.permute_copy.default
[INFO 2026-06-27 11:06:52,996 qnn_preprocess.py:68] Visiting: aten_add_tensor_98, aten.add.Tensor
[INFO 2026-06-27 11:06:52,996 qnn_preprocess.py:68] Visiting: aten_native_layer_norm_default_55, aten.native_layer_norm.default
[INFO 2026-06-27 11:06:52,999 qnn_preprocess.py:68] Visiting: getitem_175, getitem
[INFO 2026-06-27 11:06:52,999 qnn_preprocess.py:68] Visiting: aten_view_copy_default_845, aten.view_copy.default
[INFO 2026-06-27 11:06:52,999 qnn_preprocess.py:68] Visiting: aten_linear_default_167, aten.linear.default
[INFO 2026-06-27 11:06:53,006 qnn_preprocess.py:68] Visiting: aten_view_copy_default_846, aten.view_copy.default
[INFO 2026-06-27 11:06:53,007 qnn_preprocess.py:68] Visiting: aten_gelu_default_31, aten.gelu.default
[INFO 2026-06-27 11:06:53,007 qnn_preprocess.py:68] Visiting: aten_view_copy_default_847, aten.view_copy.default
[INFO 2026-06-27 11:06:53,008 qnn_preprocess.py:68] Visiting: aten_linear_default_168, aten.linear.default
[INFO 2026-06-27 11:06:53,013 qnn_preprocess.py:68] Visiting: aten_view_copy_default_848, aten.view_copy.default
[INFO 2026-06-27 11:06:53,014 qnn_preprocess.py:68] Visiting: aten_add_tensor_99, aten.add.Tensor
[INFO 2026-06-27 11:06:53,015 qnn_preprocess.py:68] Visiting: aten_native_layer_norm_default_56, aten.native_layer_norm.default
[INFO 2026-06-27 11:06:53,017 qnn_preprocess.py:68] Visiting: getitem_176, getitem
[INFO 2026-06-27 11:06:53,017 qnn_preprocess.py:68] Visiting: aten_mean_dim_2, aten.mean.dim
[INFO 2026-06-27 11:06:53,018 qnn_preprocess.py:68] Visiting: aten_linear_default_169, aten.linear.default
[INFO 2026-06-27 11:06:53,020 qnn_preprocess.py:68] Visiting: aten_relu_default, aten.relu.default
[INFO 2026-06-27 11:06:53,021 qnn_preprocess.py:68] Visiting: aten_linear_default_170, aten.linear.default

====== DDR bandwidth summary ======
spill_bytes=340940800
fill_bytes=344336384
write_total_bytes=341031680
read_total_bytes=988988160

[INFO] [Qnn ExecuTorch]: Destroy Qnn context
/usr/local/lib/python3.11/copyreg.py:105: FutureWarning: `isinstance(treespec, LeafSpec)` is deprecated, use `isinstance(treespec, TreeSpec) and treespec.is_leaf()` instead.
  return cls.__new__(cls, *args)
[WARNING 2026-06-27 11:08:49,964 _program.py:1089] Op aten.unbind.int was requested for preservation by partitioner.  This request is ignored because it is in a blocklist.
[INFO] [Qnn ExecuTorch]: Destroy Qnn device
[INFO] [Qnn ExecuTorch]: Destroy Qnn backend
/usr/local/lib/python3.11/site-packages/executorch/exir/tensor.py:83: FutureWarning: guard_size_oblivious will be removed. Consider using explicit unbacked handling     potentially utilizing guard_or_false, guard_or_true, or statically_known_true
  return guard_size_oblivious(self.stride < other.stride)

[QNN Partitioner Op Support]: aten.view_copy.default | True
[QNN Partitioner Op Support]: aten.view_copy.default | True
[QNN Partitioner Op Support]: aten.view_copy.default | True
[QNN Partitioner Op Support]: aten.view_copy.default | True
[QNN Partitioner Op Support]: aten.view_copy.default | True
[QNN Partitioner Op Support]: aten.view_copy.default | True
[QNN Partitioner Op Support]: aten.view_copy.default | True
[QNN Partitioner Op Support]: aten.view_copy.default | True
[QNN Partitioner Op Support]: aten.view_copy.default | True
[QNN Partitioner Op Support]: aten.view_copy.default | True
[QNN Partitioner Op Support]: aten.view_copy.default | True
[QNN Partitioner Op Support]: aten.view_copy.default | True
[QNN Partitioner Op Support]: aten.view_copy.default | True
[QNN Partitioner Op Support]: aten.view_copy.default | True
[QNN Partitioner Op Support]: aten.view_copy.default | True
[QNN Partitioner Op Support]: aten.view_copy.default | True
[QNN Partitioner Op Support]: aten.view_copy.default | True
[QNN Partitioner Op Support]: aten.view_copy.default | True
[QNN Partitioner Op Support]: aten.view_copy.default | True
[QNN Partitioner Op Support]: aten.view_copy.default | True
[QNN Partitioner Op Support]: aten.view_copy.default | True
[QNN Partitioner Op Support]: aten.view_copy.default | True
[QNN Partitioner Op Support]: aten.view_copy.default | True
[QNN Partitioner Op Support]: aten.view_copy.default | True
[QNN Partitioner Op Support]: aten.view_copy.default | True
[QNN Partitioner Op Support]: aten.view_copy.default | True
[QNN Partitioner Op Support]: aten.view_copy.default | True
[QNN Partitioner Op Support]: aten.view_copy.default | True
[QNN Partitioner Op Support]: aten.view_copy.default | True
[QNN Partitioner Op Support]: aten.view_copy.default | True
[QNN Partitioner Op Support]: aten.view_copy.default | True
[QNN Partitioner Op Support]: aten.view_copy.default | True
[QNN Partitioner Op Support]: aten.view_copy.default | True
[QNN Partitioner Op Support]: aten.view_copy.default | True
[QNN Partitioner Op Support]: aten.view_copy.default | True
[QNN Partitioner Op Support]: aten.view_copy.default | True
[QNN Partitioner Op Support]: aten.view_copy.default | True
[QNN Partitioner Op Support]: aten.view_copy.default | True
[QNN Partitioner Op Support]: aten.view_copy.default | True
[QNN Partitioner Op Support]: aten.view_copy.default | True
[QNN Partitioner Op Support]: aten.view_copy.default | True
[QNN Partitioner Op Support]: aten.view_copy.default | True
[QNN Partitioner Op Support]: aten.view_copy.default | True
[QNN Partitioner Op Support]: aten.view_copy.default | True
[QNN Partitioner Op Support]: aten.view_copy.default | True
[QNN Partitioner Op Support]: aten.view_copy.default | True
[QNN Partitioner Op Support]: aten.view_copy.default | True
[QNN Partitioner Op Support]: aten.view_copy.default | True
[QNN Partitioner Op Support]: aten.view_copy.default | True
[QNN Partitioner Op Support]: aten.view_copy.default | True
[QNN Partitioner Op Support]: aten.view_copy.default | True
[QNN Partitioner Op Support]: aten.view_copy.default | True
[QNN Partitioner Op Support]: aten.view_copy.default | True
[QNN Partitioner Op Support]: aten.view_copy.default | True
[QNN Partitioner Op Support]: aten.view_copy.default | True
[QNN Partitioner Op Support]: aten.view_copy.default | True
[QNN Partitioner Op Support]: aten.view_copy.default | True
[QNN Partitioner Op Support]: aten.view_copy.default | True
[QNN Partitioner Op Support]: aten.view_copy.default | True
[QNN Partitioner Op Support]: aten.view_copy.default | True
[QNN Partitioner Op Support]: aten.view_copy.default | True
[QNN Partitioner Op Support]: aten.view_copy.default | True
[QNN Partitioner Op Support]: aten.view_copy.default | True
[QNN Partitioner Op Support]: aten.view_copy.default | True
[QNN Partitioner Op Support]: aten.view_copy.default | True
[QNN Partitioner Op Support]: aten.view_copy.default | True
[QNN Partitioner Op Support]: aten._to_copy.default | True
[QNN Partitioner Op Support]: aten.view_copy.default | True
[QNN Partitioner Op Support]: aten._to_copy.default | True
[QNN Partitioner Op Support]: aten._to_copy.default | True
[QNN Partitioner Op Support]: aten.view_copy.default | True
[5/5] wrote assets/teacher_wavlm_broad_qnn.pte  (644,243,072 bytes, fp16, SM8750/V79) (165s)
[libs] libQnnHtp.so
[libs] libQnnSystem.so
[libs] libQnnHtpV79.so
[libs] libQnnHtpV79Stub.so
[libs] libQnnHtpV79Skel.so
[libs] libQnnHtpV79CalculatorStub.so
[libs] copied 6/6 essential QNN libs -> scratchpad/wavlm_qnn_jniLibs/arm64-v8a
WAVLM_QNN_PTE_DONE
